seed,map_size,obstacle_rate,start_goal_mode,start_row,start_col,goal_row,goal_col,heuristic,path_found,optimal,optimal_cost,path_length,expanded_nodes,runtime_seconds,skip_reason,mae,mse,rmse,underestimate_rate,overestimate_rate,large_underestimate_rate,large_overestimate_rate,max_overestimate
0,20,0.1,random,6,19,7,3,dijkstra,True,True,21,21,272,0.0005872080000699498,,12.652777777777779,199.3138888888889,14.1178570926642,0.9972222222222222,0.0,0.9416666666666667,0.0,0.0
0,20,0.1,random,6,19,7,3,manhattan,True,True,21,21,88,0.00021750000087195076,,0.2611111111111111,0.8777777777777778,0.9368979548370131,0.08611111111111111,0.0,0.044444444444444446,0.0,0.0
0,20,0.1,random,6,19,7,3,mlp_table,True,True,21,21,41,0.00028616700001293793,,0.8956875840822855,1.1763349093707265,1.0845897424237085,0.05277777777777778,0.9444444444444444,0.0,0.008333333333333333,3.3867263793945312
0,20,0.1,random,6,19,7,3,unet,True,True,21,21,59,0.0003557500003807945,,0.602378211915493,0.6765246256817175,0.822511170551329,0.45555555555555555,0.5444444444444444,0.0,0.0,2.9334259033203125
1,20,0.1,random,19,11,8,9,dijkstra,True,True,13,13,145,0.00031683300039730966,,10.169014084507042,121.94366197183099,11.042810419989605,0.9971830985915493,0.0,0.9436619718309859,0.0,0.0
1,20,0.1,random,19,11,8,9,manhattan,True,True,13,13,35,9.258300087822136e-05,,0.11830985915492957,0.3267605633802817,0.5716297432606894,0.05070422535211268,0.0,0.005633802816901409,0.0,0.0
1,20,0.1,random,19,11,8,9,mlp_table,True,True,13,13,14,0.00013954199857835192,,0.8606045064791827,1.1072852158703863,1.052276207024746,0.036619718309859155,0.9605633802816902,0.005633802816901409,0.0,2.941509246826172
1,20,0.1,random,19,11,8,9,unet,True,True,13,13,24,0.0001679580000200076,,0.6311601541411709,0.6686126585659121,0.8176873843749285,0.43661971830985913,0.5633802816901409,0.005633802816901409,0.0,2.1555871963500977
2,20,0.1,random,4,3,6,10,dijkstra,True,True,9,9,91,0.00019391600108065177,,10.907042253521126,140.94084507042254,11.871850953849721,0.9971830985915493,0.0,0.9492957746478873,0.0,0.0
2,20,0.1,random,4,3,6,10,manhattan,True,True,9,9,13,3.8209000194910914e-05,,0.2647887323943662,0.5746478873239437,0.7580553326268101,0.1267605633802817,0.0,0.005633802816901409,0.0,0.0
2,20,0.1,random,4,3,6,10,mlp_table,True,True,9,9,12,9.066699931281619e-05,,0.7970396968680369,0.9202267541493628,0.9592845011514378,0.08450704225352113,0.9126760563380282,0.0028169014084507044,0.0,2.941509246826172
2,20,0.1,random,4,3,6,10,unet,True,True,9,9,16,0.00010745799954747781,,0.8491551113800264,1.144219558747475,1.0696819895405714,0.3352112676056338,0.6619718309859155,0.0,0.008450704225352112,3.6800613403320312
3,20,0.1,random,11,0,0,19,dijkstra,True,True,30,30,360,0.0007498750001104781,,19.13888888888889,432.2944444444444,20.791691716751775,0.9972222222222222,0.0,0.975,0.0,0.0
3,20,0.1,random,11,0,0,19,manhattan,True,True,30,30,210,0.00048791699919092935,,0.16666666666666666,0.4444444444444444,0.6666666666666666,0.06944444444444445,0.0,0.013888888888888888,0.0,0.0
3,20,0.1,random,11,0,0,19,mlp_table,True,True,30,30,64,0.0003840000008494826,,1.006279158923361,1.7790434614825839,1.3338078802745859,0.044444444444444446,0.9527777777777777,0.0,0.041666666666666664,3.9410762786865234
3,20,0.1,random,11,0,0,19,unet,True,True,30,30,140,0.0008277910001197597,,1.3426734868023131,3.3732369366110206,1.8366373993281908,0.5166666666666667,0.48333333333333334,0.005555555555555556,0.10555555555555556,5.689366340637207
4,20,0.1,random,15,6,10,3,dijkstra,True,True,10,10,143,0.0003124999984720489,,13.106741573033707,207.97191011235955,14.421231227338376,0.9971910112359551,0.0,0.9550561797752809,0.0,0.0
4,20,0.1,random,15,6,10,3,manhattan,True,True,10,10,38,9.537499863654375e-05,,0.9269662921348315,1.9887640449438202,1.4102354572708133,0.44662921348314605,0.0,0.016853932584269662,0.0,0.0
4,20,0.1,random,15,6,10,3,mlp_table,True,True,10,10,22,0.00015320800048357341,,0.9945230467265911,1.3292605556396884,1.152935625106488,0.35674157303370785,0.6404494382022472,0.0056179775280898875,0.0028089887640449437,3.0135278701782227
4,20,0.1,random,15,6,10,3,unet,True,True,10,10,25,0.00015729100050521083,,0.6996959888198403,0.8076949983614697,0.8987185312218001,0.6404494382022472,0.35674157303370785,0.0028089887640449437,0.0,2.272915840148926
5,20,0.1,random,13,1,2,1,dijkstra,True,True,11,11,111,0.00024333300098078325,,17.130193905817176,350.1163434903047,18.7113960860836,0.997229916897507,0.0,0.9501385041551247,0.0,0.0
5,20,0.1,random,13,1,2,1,manhattan,True,True,11,11,12,3.695800114655867e-05,,0.5983379501385041,2.8365650969529086,1.6842105263157894,0.16066481994459833,0.0,0.10249307479224377,0.0,0.0
5,20,0.1,random,13,1,2,1,mlp_table,True,True,11,11,12,0.00010695799937820993,,1.0392339843792269,2.3605211685310747,1.5363987661187035,0.11080332409972299,0.8864265927977839,0.019390581717451522,0.027700831024930747,3.946523666381836
5,20,0.1,random,13,1,2,1,unet,True,True,11,11,12,0.00010162499893340282,,0.9905901720484208,2.4595467088678444,1.5682942035434055,0.4404432132963989,0.556786703601108,0.036011080332409975,0.024930747922437674,5.249841690063477
6,20,0.1,random,19,8,16,7,dijkstra,True,True,4,4,15,3.379200097697321e-05,,13.019607843137255,206.94117647058823,14.38545016572607,0.9971988795518207,0.0,0.9495798319327731,0.0,0.0
6,20,0.1,random,19,8,16,7,manhattan,True,True,4,4,7,1.8415999875287525e-05,,0.41456582633053224,1.3445378151260505,1.159542071304897,0.14285714285714285,0.0,0.06442577030812324,0.0,0.0
6,20,0.1,random,19,8,16,7,mlp_table,True,True,4,4,5,3.991700032202061e-05,,0.8602210196460328,1.134607696985549,1.0651796547932884,0.1092436974789916,0.8879551820728291,0.0,0.008403361344537815,3.716862678527832
6,20,0.1,random,19,8,16,7,unet,True,True,4,4,5,3.737500082934275e-05,,0.6467524548830772,0.7847897565045137,0.8858836021196654,0.5070028011204482,0.49299719887955185,0.0,0.0,2.455677032470703
7,20,0.1,random,6,3,13,12,dijkstra,True,True,16,16,238,0.0005161669996596174,,10.915730337078651,145.1573033707865,12.04812447523624,0.9971910112359551,0.0,0.9382022471910112,0.0,0.0
7,20,0.1,random,6,3,13,12,manhattan,True,True,16,16,63,0.0001629999987926567,,0.08426966292134831,0.16853932584269662,0.41053541362798,0.042134831460674156,0.0,0.0,0.0,0.0
7,20,0.1,random,6,3,13,12,mlp_table,True,True,16,16,17,0.00013162499999452848,,0.8906573298272122,1.1766012523612561,1.0847125206068455,0.019662921348314606,0.9775280898876404,0.0,0.008426966292134831,3.716862678527832
7,20,0.1,random,6,3,13,12,unet,True,True,16,16,49,0.000326750001477194,,0.5579902024081583,0.49985402416311714,0.7070035531474486,0.5252808988764045,0.4747191011235955,0.0,0.0,2.9362869262695312
8,20,0.1,random,19,2,8,1,dijkstra,True,True,12,12,93,0.00019220899957872462,,13.73224043715847,228.672131147541,15.121908978285148,0.9972677595628415,0.0,0.9508196721311475,0.0,0.0
8,20,0.1,random,19,2,8,1,manhattan,True,True,12,12,22,5.9500000133994035e-05,,0.09289617486338798,0.18579234972677597,0.43103636705825177,0.04644808743169399,0.0,0.0,0.0,0.0
8,20,0.1,random,19,2,8,1,mlp_table,True,True,12,12,13,0.00011058299969590735,,1.137559771863489,2.2047577474568407,1.4848426675768853,0.030054644808743168,0.9672131147540983,0.0,0.06557377049180328,5.153474807739258
8,20,0.1,random,19,2,8,1,unet,True,True,12,12,14,0.00011525000081746839,,0.922655046311884,1.3710991594168889,1.170939434563927,0.6147540983606558,0.3825136612021858,0.0,0.01912568306010929,4.386470794677734
9,20,0.1,random,4,4,15,14,dijkstra,True,True,21,21,301,0.0007045419988571666,,12.527377521613833,197.835734870317,14.065409161141279,0.9971181556195965,0.0,0.9279538904899135,0.0,0.0
9,20,0.1,random,4,4,15,14,manhattan,True,True,21,21,86,0.00020845899962296244,,0.2017291066282421,0.4265129682997118,0.6530796033407503,0.09798270893371758,0.0,0.002881844380403458,0.0,0.0
9,20,0.1,random,4,4,15,14,mlp_table,True,True,21,21,33,0.0002129580007022014,,0.8720824361191015,1.1604601544118955,1.0772465615688431,0.02881844380403458,0.968299711815562,0.0,0.011527377521613832,3.2625961303710938
9,20,0.1,random,4,4,15,14,unet,True,True,21,21,76,0.00042991699956473894,,0.6722104618116483,0.7565971072253652,0.8698259062739884,0.5389048991354467,0.4610951008645533,0.005763688760806916,0.0,2.9708595275878906
10,20,0.1,random,18,5,12,8,dijkstra,True,True,9,9,79,0.00016850000065460335,,10.749295774647887,136.3830985915493,11.678317455504851,0.9971830985915493,0.0,0.9436619718309859,0.0,0.0
10,20,0.1,random,18,5,12,8,manhattan,True,True,9,9,22,5.8166000599157996e-05,,0.24788732394366197,0.676056338028169,0.822226451793038,0.10422535211267606,0.0,0.016901408450704224,0.0,0.0
10,20,0.1,random,18,5,12,8,mlp_table,True,True,9,9,10,7.833299969206564e-05,,0.8048156120407749,0.9754573738443728,0.9876524560007801,0.08169014084507042,0.9154929577464789,0.005633802816901409,0.005633802816901409,3.482907295227051
10,20,0.1,random,18,5,12,8,unet,True,True,9,9,14,9.245900037058163e-05,,0.6275633039608808,0.6361214484568205,0.7975722214676364,0.36338028169014086,0.6366197183098592,0.0,0.0,2.54427433013916
11,20,0.1,random,14,19,10,4,dijkstra,True,True,19,19,246,0.0005129580003995216,,12.369444444444444,185.29722222222222,13.612392229958047,0.9972222222222222,0.0,0.9611111111111111,0.0,0.0
11,20,0.1,random,14,19,10,4,manhattan,True,True,19,19,74,0.00017762500101525802,,0.8833333333333333,1.8111111111111111,1.3457752825457567,0.4361111111111111,0.0,0.005555555555555556,0.0,0.0
11,20,0.1,random,14,19,10,4,mlp_table,True,True,19,19,20,0.00016191699978662655,,1.0397809422678417,1.4644296801882033,1.2101362238145768,0.3611111111111111,0.6361111111111111,0.005555555555555556,0.008333333333333333,3.4921436309814453
11,20,0.1,random,14,19,10,4,unet,True,True,19,19,42,0.0002675420000741724,,1.0504297733306884,1.7519236519379215,1.3236025279282,0.675,0.325,0.008333333333333333,0.0,2.6784591674804688
12,20,0.1,random,6,9,17,17,dijkstra,True,True,19,19,347,0.0007830000013200333,,15.4141689373297,295.46866485013624,17.189201984098514,0.997275204359673,0.0,0.9400544959128065,0.0,0.0
12,20,0.1,random,6,9,17,17,manhattan,True,True,19,19,103,0.0002885000012611272,,0.010899182561307902,0.021798365122615803,0.14764269410511244,0.005449591280653951,0.0,0.0,0.0,0.0
12,20,0.1,random,6,9,17,17,mlp_table,True,True,19,19,50,0.0003264999995735707,,1.1718944580743358,2.431823880369876,1.559430626982129,0.008174386920980926,0.989100817438692,0.0,0.08446866485013624,4.910266876220703
12,20,0.1,random,6,9,17,17,unet,True,True,19,19,85,0.0005303749985614559,,0.8632550982590917,1.3324660244848312,1.1543249215384856,0.547683923705722,0.45231607629427795,0.0,0.02997275204359673,3.854778289794922
13,20,0.1,random,6,8,0,11,dijkstra,True,True,9,9,128,0.00027962500098510645,,14.522222222222222,254.75,15.960889699512368,0.9972222222222222,0.0,0.9555555555555556,0.0,0.0
13,20,0.1,random,6,8,0,11,manhattan,True,True,9,9,22,5.716699888580479e-05,,0.06666666666666667,0.13333333333333333,0.3651483716701107,0.03333333333333333,0.0,0.0,0.0,0.0
13,20,0.1,random,6,8,0,11,mlp_table,True,True,9,9,10,8.766599967202637e-05,,1.1203401972850164,1.9471427661067593,1.3954005755003684,0.002777777777777778,0.9944444444444445,0.0,0.04722222222222222,3.9410762786865234
13,20,0.1,random,6,8,0,11,unet,True,True,9,9,28,0.00016929200137383305,,1.0379154978526963,1.4984002867757933,1.2240916169861606,0.7333333333333333,0.26666666666666666,0.0,0.011111111111111112,4.422484397888184
14,20,0.1,random,6,9,12,14,dijkstra,True,True,11,11,203,0.0004331250001996523,,11.655737704918034,164.0983606557377,12.810088237624974,0.9972677595628415,0.0,0.9398907103825137,0.0,0.0
14,20,0.1,random,6,9,12,14,manhattan,True,True,11,11,37,9.591600064595696e-05,,0.3114754098360656,1.0819672131147542,1.0401765297846102,0.11475409836065574,0.0,0.0273224043715847,0.0,0.0
14,20,0.1,random,6,9,12,14,mlp_table,True,True,11,11,13,0.00010333399950468447,,0.9274776392295713,1.5074218812964626,1.2277711029733769,0.08743169398907104,0.9098360655737705,0.01092896174863388,0.02459016393442623,4.184774398803711
14,20,0.1,random,6,9,12,14,unet,True,True,11,11,27,0.00017491700054961257,,0.7325811438221749,1.1306176586371377,1.0633050637691601,0.5027322404371585,0.4972677595628415,0.02185792349726776,0.0,2.8490238189697266
15,20,0.1,random,16,0,3,12,dijkstra,True,True,25,25,312,0.0007099169997673016,,12.645945945945947,197.64594594594595,14.058660887365694,0.9972972972972973,0.0,0.9432432432432433,0.0,0.0
15,20,0.1,random,16,0,3,12,manhattan,True,True,25,25,148,0.00039150000156951137,,0.12972972972972974,0.34594594594594597,0.5881716976750462,0.05405405405405406,0.0,0.010810810810810811,0.0,0.0
15,20,0.1,random,16,0,3,12,mlp_table,True,True,25,25,75,0.0004166670005361084,,0.9128752115610483,1.228397109864635,1.1083307763770862,0.021621621621621623,0.9756756756756757,0.0,0.005405405405405406,3.200124740600586
15,20,0.1,random,16,0,3,12,unet,True,True,25,25,116,0.0006507500002044253,,0.6882047503381162,0.8979816505930837,0.9476189374390339,0.4135135135135135,0.5864864864864865,0.0,0.010810810810810811,3.2977561950683594
16,20,0.1,random,16,14,8,3,dijkstra,True,True,19,19,277,0.000578791999942041,,12.260623229461757,185.42776203966005,13.617186274691996,0.9971671388101983,0.0,0.9291784702549575,0.0,0.0
16,20,0.1,random,16,14,8,3,manhattan,True,True,19,19,85,0.00020737500017276034,,0.15864022662889518,0.31728045325779036,0.563276533558598,0.07932011331444759,0.0,0.0,0.0,0.0
16,20,0.1,random,16,14,8,3,mlp_table,True,True,19,19,25,0.00017558299987285864,,0.9495803431816209,1.4668333566078604,1.2111289595282,0.039660056657223795,0.9575070821529745,0.0,0.0339943342776204,3.9508190155029297
16,20,0.1,random,16,14,8,3,unet,True,True,19,19,54,0.00032545800058869645,,0.6476016590218706,0.7622086732091278,0.8730456306569134,0.5439093484419264,0.45609065155807366,0.0028328611898017,0.0,2.9817161560058594
17,20,0.1,random,6,8,5,15,dijkstra,True,True,8,8,107,0.00023112499911803752,,12.46814404432133,192.83379501385042,13.88646085271011,0.997229916897507,0.0,0.9445983379501385,0.0,0.0
17,20,0.1,random,6,8,5,15,manhattan,True,True,8,8,16,4.450000051292591e-05,,0.07756232686980609,0.15512465373961218,0.39385867229199384,0.038781163434903045,0.0,0.0,0.0,0.0
17,20,0.1,random,6,8,5,15,mlp_table,True,True,8,8,9,8.437500036961865e-05,,1.029891569858773,1.6551610597660311,1.2865306291596912,0.027700831024930747,0.9695290858725761,0.0,0.0332409972299169,3.7599239349365234
17,20,0.1,random,6,8,5,15,unet,True,True,8,8,10,8.404100117331836e-05,,0.5788955373116808,0.6084351748844605,0.7800225476769633,0.5512465373961218,0.4487534626038781,0.0,0.0,2.7703990936279297
18,20,0.1,random,18,0,15,7,dijkstra,True,True,10,10,63,0.00012879200039606076,,12.002717391304348,177.2038043478261,13.311791928505572,0.9972826086956522,0.0,0.9347826086956522,0.0,0.0
18,20,0.1,random,18,0,15,7,manhattan,True,True,10,10,27,6.883300011395477e-05,,0.1793478260869565,0.358695652173913,0.5989120571285178,0.08967391304347826,0.0,0.0,0.0,0.0
18,20,0.1,random,18,0,15,7,mlp_table,True,True,10,10,11,9.05840006453218e-05,,0.8525888122942137,1.047341561492535,1.0233970693198877,0.02717391304347826,0.970108695652174,0.0,0.0,2.8199901580810547
18,20,0.1,random,18,0,15,7,unet,True,True,10,10,25,0.0001467910005885642,,0.656240848419459,0.6744980942467074,0.8212783293419518,0.6168478260869565,0.38315217391304346,0.0,0.0,2.1086959838867188
19,20,0.1,random,8,4,9,18,dijkstra,True,True,17,17,286,0.0006020829987392062,,14.03072625698324,236.4608938547486,15.377284996212712,0.9972067039106145,0.0,0.9497206703910615,0.0,0.0
19,20,0.1,random,8,4,9,18,manhattan,True,True,17,17,51,0.00012770799912686925,,0.22346368715083798,0.5139664804469274,0.7169145558899801,0.10335195530726257,0.0,0.008379888268156424,0.0,0.0
19,20,0.1,random,8,4,9,18,mlp_table,True,True,17,17,18,0.00015574999997625127,,0.9967286073961737,1.4574784637014802,1.2072607273085132,0.030726256983240222,0.9664804469273743,0.0,0.013966480446927373,3.3351573944091797
19,20,0.1,random,8,4,9,18,unet,True,True,17,17,18,0.00013441599912766833,,0.677300202696683,0.7289591896354277,0.8537910690768719,0.6368715083798883,0.36312849162011174,0.0,0.002793296089385475,3.2472095489501953
20,20,0.1,random,10,15,15,19,dijkstra,True,True,9,9,129,0.00027991699971607886,,15.889204545454545,308.9630681818182,17.577345310991024,0.9971590909090909,0.0,0.9545454545454546,0.0,0.0
20,20,0.1,random,10,15,15,19,manhattan,True,True,9,9,29,7.341599848587066e-05,,0.028409090909090908,0.056818181818181816,0.2383656473113981,0.014204545454545454,0.0,0.0,0.0,0.0
20,20,0.1,random,10,15,15,19,mlp_table,True,True,9,9,13,0.00010541700066823978,,1.2245697236873887,2.6264689053976196,1.6206384252502528,0.014204545454545454,0.9829545454545454,0.0,0.08522727272727272,5.396686553955078
20,20,0.1,random,10,15,15,19,unet,True,True,9,9,31,0.00017425000078219455,,0.8266029767692089,1.155669323493385,1.075020615380647,0.5994318181818182,0.4005681818181818,0.0,0.014204545454545454,3.7903919219970703
21,20,0.1,random,13,3,12,1,dijkstra,True,True,3,3,11,2.8333000955171883e-05,,14.303977272727273,246.76988636363637,15.708911049580628,0.9971590909090909,0.0,0.9517045454545454,0.0,0.0
21,20,0.1,random,13,3,12,1,manhattan,True,True,3,3,5,1.4833000022917986e-05,,0.3806818181818182,0.7613636363636364,0.8725615372932939,0.1903409090909091,0.0,0.0,0.0,0.0
21,20,0.1,random,13,3,12,1,mlp_table,True,True,3,3,4,3.3666001399978995e-05,,0.9017304662953723,1.3148392251366787,1.1466643908034637,0.06818181818181818,0.9289772727272727,0.0,0.02556818181818182,4.19432258605957
21,20,0.1,random,13,3,12,1,unet,True,True,3,3,5,3.812500108324457e-05,,0.7164263851009309,0.9997712126271534,0.9998855997698703,0.5198863636363636,0.4772727272727273,0.0,0.014204545454545454,4.250261306762695
22,20,0.1,random,6,1,1,10,dijkstra,True,True,14,14,142,0.0002925830012827646,,13.497206703910615,223.45810055865923,14.948514995097648,0.9972067039106145,0.0,0.9413407821229051,0.0,0.0
22,20,0.1,random,6,1,1,10,manhattan,True,True,14,14,43,0.00010395800018159207,,0.027932960893854747,0.055865921787709494,0.23635972962353272,0.013966480446927373,0.0,0.0,0.0,0.0
22,20,0.1,random,6,1,1,10,mlp_table,True,True,14,14,15,0.0001150839998445008,,1.156793280686746,2.0788753399041524,1.441830551730734,0.01675977653631285,0.9804469273743017,0.0,0.05307262569832402,4.133249282836914
22,20,0.1,random,6,1,1,10,unet,True,True,14,14,40,0.0002222500006610062,,0.8633732740772503,1.1946065830974337,1.092980595938205,0.6033519553072626,0.39664804469273746,0.0,0.01675977653631285,3.4920387268066406
23,20,0.1,random,6,18,15,6,dijkstra,True,True,21,21,302,0.0006310419994406402,,12.365384615384615,188.3434065934066,13.723826237365678,0.9972527472527473,0.0,0.9340659340659341,0.0,0.0
23,20,0.1,random,6,18,15,6,manhattan,True,True,21,21,106,0.0002606250000098953,,0.23626373626373626,0.5384615384615384,0.7337993857053428,0.10989010989010989,0.0,0.008241758241758242,0.0,0.0
23,20,0.1,random,6,18,15,6,mlp_table,True,True,21,21,35,0.00023891599994385615,,0.8729438801388164,1.1227999926852865,1.059622570864403,0.046703296703296704,0.9505494505494505,0.0,0.008241758241758242,3.193187713623047
23,20,0.1,random,6,18,15,6,unet,True,True,21,21,81,0.0005121249996591359,,0.6309985171307574,0.6964377966951013,0.8345284876474267,0.554945054945055,0.44505494505494503,0.0027472527472527475,0.0027472527472527475,3.046924591064453
24,20,0.1,random,4,4,19,1,dijkstra,True,True,18,18,294,0.0006291249992500525,,18.073170731707318,390.1707317073171,19.752739853177765,0.997289972899729,0.0,0.9701897018970189,0.0,0.0
24,20,0.1,random,4,4,19,1,manhattan,True,True,18,18,58,0.0001761250005074544,,0.08672086720867209,0.17344173441734417,0.41646336503628284,0.04336043360433604,0.0,0.0,0.0,0.0
24,20,0.1,random,4,4,19,1,mlp_table,True,True,18,18,19,0.0001712910016067326,,1.117413277548503,2.3145938040529215,1.5213789153438801,0.04065040650406504,0.9566395663956639,0.0,0.08401084010840108,4.694330215454102
24,20,0.1,random,4,4,19,1,unet,True,True,18,18,41,0.0002600419993541436,,1.11757320052563,2.114097599213706,1.4539936723430766,0.6043360433604336,0.3956639566395664,0.008130081300813009,0.04607046070460705,5.193201065063477
25,20,0.1,random,16,2,0,17,dijkstra,True,True,31,31,352,0.0007279169985849876,,17.784313725490197,379.02240896358546,19.468497860995477,0.9971988795518207,0.0,0.9635854341736695,0.0,0.0
25,20,0.1,random,16,2,0,17,manhattan,True,True,31,31,212,0.0005817500004923204,,0.3137254901960784,1.2100840336134453,1.1000381964338535,0.10644257703081232,0.0,0.03081232492997199,0.0,0.0
25,20,0.1,random,16,2,0,17,mlp_table,True,True,31,31,102,0.0005800420003652107,,0.9953725668562561,1.6801094886044314,1.2961903751395594,0.0700280112044818,0.927170868347339,0.0028011204481792717,0.03081232492997199,3.9410762786865234
25,20,0.1,random,16,2,0,17,unet,True,True,31,31,169,0.0009453749989916105,,0.940828434225558,1.5469958758958307,1.2437828893725105,0.6498599439775911,0.35014005602240894,0.008403361344537815,0.03081232492997199,5.451042175292969
26,20,0.1,random,13,2,6,11,dijkstra,True,True,18,18,231,0.00047862500105111394,,11.855882352941176,168.38529411764705,12.976335928051764,0.9970588235294118,0.0,0.9529411764705882,0.0,0.0
26,20,0.1,random,13,2,6,11,manhattan,True,True,18,18,74,0.00017545899936521892,,0.9470588235294117,2.0352941176470587,1.4266373462261033,0.45588235294117646,0.0,0.01764705882352941,0.0,0.0
26,20,0.1,random,13,2,6,11,mlp_table,True,True,18,18,52,0.00028037499942001887,,1.000690656900406,1.3262462894435854,1.1516276696239915,0.39705882352941174,0.6,0.008823529411764706,0.0,2.633389472961426
26,20,0.1,random,13,2,6,11,unet,True,True,18,18,48,0.0002752920008788351,,0.742561256162384,0.8774101811157212,0.9367017567591732,0.6088235294117647,0.3911764705882353,0.0029411764705882353,0.0,2.9660301208496094
27,20,0.1,random,9,11,6,1,dijkstra,True,True,13,13,268,0.0005762919990957016,,14.60989010989011,257.3901098901099,16.043382121301914,0.9972527472527473,0.0,0.9532967032967034,0.0,0.0
27,20,0.1,random,9,11,6,1,manhattan,True,True,13,13,38,9.545799912302755e-05,,0.24725274725274726,0.5164835164835165,0.7186678763403277,0.12087912087912088,0.0,0.0027472527472527475,0.0,0.0
27,20,0.1,random,9,11,6,1,mlp_table,True,True,13,13,14,0.00011033400005544536,,1.0228050102244366,1.6650902345063945,1.2903837547436787,0.038461538461538464,0.9587912087912088,0.0027472527472527475,0.03021978021978022,4.19432258605957
27,20,0.1,random,9,11,6,1,unet,True,True,13,13,24,0.000156083000547369,,0.7845652740407776,1.0163956290612741,1.0081644851219835,0.5879120879120879,0.40934065934065933,0.0,0.01098901098901099,3.8835067749023438
28,20,0.1,random,11,6,17,0,dijkstra,True,True,12,12,227,0.0005030000011174707,,17.610644257703083,372.3053221288515,19.295215006028087,0.9971988795518207,0.0,0.957983193277311,0.0,0.0
28,20,0.1,random,11,6,17,0,manhattan,True,True,12,12,40,9.745800161908846e-05,,0.23529411764705882,0.6050420168067226,0.7778444682625972,0.10084033613445378,0.0,0.01680672268907563,0.0,0.0
28,20,0.1,random,11,6,17,0,mlp_table,True,True,12,12,16,0.00010891700003412552,,1.0177610147567022,1.9529705150424317,1.397487214625748,0.03361344537815126,0.9635854341736695,0.0,0.06162464985994398,4.667055130004883
28,20,0.1,random,11,6,17,0,unet,True,True,12,12,38,0.0002336249999643769,,0.8708418839785899,1.35016662353775,1.1619667050039557,0.6134453781512605,0.3865546218487395,0.0028011204481792717,0.03081232492997199,3.919464111328125
29,20,0.1,random,3,13,2,8,dijkstra,True,True,6,6,55,0.00012158299978182185,,12.937669376693767,205.33333333333334,14.329456840136451,0.997289972899729,0.0,0.9349593495934959,0.0,0.0
29,20,0.1,random,3,13,2,8,manhattan,True,True,6,6,8,2.5167000785586424e-05,,0.13008130081300814,0.2601626016260163,0.5100613704506707,0.06504065040650407,0.0,0.0,0.0,0.0
29,20,0.1,random,3,13,2,8,mlp_table,True,True,6,6,7,6.24999993306119e-05,,0.9683563373276212,1.3610164739005137,1.1666261071570934,0.01084010840108401,0.986449864498645,0.0,0.005420054200542005,3.482907295227051
29,20,0.1,random,3,13,2,8,unet,True,True,6,6,9,7.016700146778021e-05,,0.8152276754056212,0.9958697752531555,0.997932750867089,0.6205962059620597,0.3794037940379404,0.0,0.005420054200542005,3.3342113494873047
30,20,0.1,random,1,10,2,2,dijkstra,True,True,9,9,87,0.00018258300042361952,,15.611731843575418,300.9413407821229,17.347660959971602,0.9972067039106145,0.0,0.946927374301676,0.0,0.0
30,20,0.1,random,1,10,2,2,manhattan,True,True,9,9,16,4.429200089361984e-05,,0.13966480446927373,0.27932960893854747,0.52851642258169,0.06983240223463687,0.0,0.0,0.0,0.0
30,20,0.1,random,1,10,2,2,mlp_table,True,True,9,9,10,8.712499948160257e-05,,1.1089869854170518,1.9922481515027404,1.411470209215462,0.019553072625698324,0.9776536312849162,0.0,0.04189944134078212,3.9600563049316406
30,20,0.1,random,1,10,2,2,unet,True,True,9,9,11,8.795800022198819e-05,,0.8114562973629829,1.0212310189947427,1.010559755281568,0.6424581005586593,0.3575418994413408,0.002793296089385475,0.00558659217877095,3.2411270141601562
31,20,0.1,random,4,14,11,7,dijkstra,True,True,14,14,202,0.00042504200064286124,,10.469613259668508,129.79558011049724,11.39278631900455,0.9972375690607734,0.0,0.9419889502762431,0.0,0.0
31,20,0.1,random,4,14,11,7,manhattan,True,True,14,14,51,0.00012895799955003895,,0.055248618784530384,0.11049723756906077,0.3324112476572668,0.027624309392265192,0.0,0.0,0.0,0.0
31,20,0.1,random,4,14,11,7,mlp_table,True,True,14,14,18,0.0001323750002484303,,0.8422591218632229,1.021636551385518,1.010760382774037,0.013812154696132596,0.9834254143646409,0.0,0.0055248618784530384,3.200124740600586
31,20,0.1,random,4,14,11,7,unet,True,True,14,14,46,0.0002950409998447867,,0.5151269593950134,0.40919860772573463,0.6396863354220838,0.5883977900552486,0.4116022099447514,0.0,0.0,1.9508881568908691
32,20,0.1,random,14,7,0,11,dijkstra,True,True,18,18,302,0.0006543339986819774,,14.907246376811594,264.7159420289855,16.270093485563798,0.9971014492753624,0.0,0.9652173913043478,0.0,0.0
32,20,0.1,random,14,7,0,11,manhattan,True,True,18,18,52,0.00013070800014247652,,0.2492753623188406,0.5217391304347826,0.7223151185146152,0.12173913043478261,0.0,0.002898550724637681,0.0,0.0
32,20,0.1,random,14,7,0,11,mlp_table,True,True,18,18,19,0.00015404099940496963,,0.9688519156497458,1.3702510776690386,1.1705772412229098,0.02318840579710145,0.9739130434782609,0.0,0.011594202898550725,3.2236061096191406
32,20,0.1,random,14,7,0,11,unet,True,True,18,18,38,0.0002663329996721586,,0.7753086003704347,1.1390827927499054,1.0672782171251811,0.6231884057971014,0.37681159420289856,0.0,0.02318840579710145,5.55014705657959
33,20,0.1,random,15,6,5,7,dijkstra,True,True,15,15,234,0.0005043750006734626,,11.850415512465373,169.16897506925207,13.006497417416115,0.997229916897507,0.0,0.9418282548476454,0.0,0.0
33,20,0.1,random,15,6,5,7,manhattan,True,True,15,15,65,0.00016204200073843822,,0.45429362880886426,1.3961218836565097,1.1815760168759815,0.16620498614958448,0.0,0.060941828254847646,0.0,0.0
33,20,0.1,random,15,6,5,7,mlp_table,True,True,15,15,35,0.0002396669988229405,,0.7967419162021119,0.9280757773208216,0.9633668965253174,0.11911357340720222,0.8781163434903048,0.00554016620498615,0.0,2.8051719665527344
33,20,0.1,random,15,6,5,7,unet,True,True,15,15,40,0.0002597500006231712,,0.630819450455029,0.7504431675270998,0.8662812288899603,0.42382271468144045,0.5761772853185596,0.008310249307479225,0.0,2.1844730377197266
34,20,0.1,random,15,1,15,13,dijkstra,True,True,12,12,131,0.0002891250005632173,,12.308743169398907,187.46174863387978,13.691667123980183,0.9972677595628415,0.0,0.9426229508196722,0.0,0.0
34,20,0.1,random,15,1,15,13,manhattan,True,True,12,12,13,4.262500078766607e-05,,0.0546448087431694,0.1092896174863388,0.3305898024536431,0.0273224043715847,0.0,0.0,0.0,0.0
34,20,0.1,random,15,1,15,13,mlp_table,True,True,12,12,13,0.00012341600086074322,,0.9816802622842007,1.5030277066863484,1.2259803043631445,0.00819672131147541,0.9890710382513661,0.0,0.0273224043715847,3.9508190155029297
34,20,0.1,random,15,1,15,13,unet,True,True,12,12,13,0.00011224999980186112,,0.5373315594561113,0.5284907388649113,0.7269736851254737,0.48633879781420764,0.5136612021857924,0.0,0.0,2.6792068481445312
35,20,0.1,random,7,13,7,14,dijkstra,True,True,1,1,4,1.570799940964207e-05,,11.464387464387464,160.68376068376068,12.67610984031618,0.9971509971509972,0.0,0.9316239316239316,0.0,0.0
35,20,0.1,random,7,13,7,14,manhattan,True,True,1,1,2,8.125000022118911e-06,,0.2564102564102564,0.5811965811965812,0.7623624998624875,0.11965811965811966,0.0,0.008547008547008548,0.0,0.0
35,20,0.1,random,7,13,7,14,mlp_table,True,True,1,1,2,2.1791000108351e-05,,0.8425773833891606,1.0583910804978405,1.0287813569937203,0.05982905982905983,0.9373219373219374,0.002849002849002849,0.005698005698005698,3.2625961303710938
35,20,0.1,random,7,13,7,14,unet,True,True,1,1,2,1.716699989628978e-05,,0.6520632429000659,0.7719428172685122,0.878602764204912,0.48717948717948717,0.5128205128205128,0.008547008547008548,0.0,2.87532901763916
36,20,0.1,random,10,12,8,0,dijkstra,True,True,14,14,293,0.0006390409998857649,,15.085790884718499,268.8605898123324,16.396968921490718,0.9973190348525469,0.0,0.967828418230563,0.0,0.0
36,20,0.1,random,10,12,8,0,manhattan,True,True,14,14,27,7.391700091829989e-05,,0.24128686327077747,0.6112600536193029,0.7818312181150756,0.10723860589812333,0.0,0.010723860589812333,0.0,0.0
36,20,0.1,random,10,12,8,0,mlp_table,True,True,14,14,16,0.00012858300033258274,,1.1012254998127833,1.9671685867205544,1.4025578728596386,0.05093833780160858,0.9463806970509383,0.002680965147453083,0.045576407506702415,4.437534332275391
36,20,0.1,random,10,12,8,0,unet,True,True,14,14,29,0.00019995899856439792,,0.6885606930978176,0.8007774048652744,0.8948616680053261,0.5013404825737265,0.49865951742627346,0.0,0.002680965147453083,3.101490020751953
37,20,0.1,random,9,7,1,14,dijkstra,True,True,15,15,293,0.0006752500012225937,,15.415254237288135,283.56779661016947,16.839471387492228,0.9971751412429378,0.0,0.9717514124293786,0.0,0.0
37,20,0.1,random,9,7,1,14,manhattan,True,True,15,15,60,0.00015029099995444994,,0.6440677966101694,1.3559322033898304,1.164445019479164,0.3135593220338983,0.0,0.00847457627118644,0.0,0.0
37,20,0.1,random,9,7,1,14,mlp_table,True,True,15,15,21,0.00016054200023063459,,0.9792081161407428,1.5540125194462575,1.2466003848251683,0.2175141242937853,0.7796610169491526,0.00847457627118644,0.022598870056497175,3.7540512084960938
37,20,0.1,random,9,7,1,14,unet,True,True,15,15,44,0.00025637500039010774,,0.9132582291034655,1.5192039244075386,1.2325599070258364,0.3615819209039548,0.6384180790960452,0.002824858757062147,0.031073446327683617,4.134059906005859
38,20,0.1,random,7,7,11,16,dijkstra,True,True,13,13,243,0.0005134160001034616,,12.296918767507004,186.1344537815126,13.643110121285124,0.9971988795518207,0.0,0.9355742296918768,0.0,0.0
38,20,0.1,random,7,7,11,16,manhattan,True,True,13,13,43,0.0001111250003305031,,0.09523809523809523,0.19047619047619047,0.4364357804719847,0.047619047619047616,0.0,0.0,0.0,0.0
38,20,0.1,random,7,7,11,16,mlp_table,True,True,13,13,14,0.00011183400056324899,,0.9885899953815449,1.4823151713323794,1.217503663786019,0.014005602240896359,0.9831932773109243,0.0,0.022408963585434174,3.7261009216308594
38,20,0.1,random,7,7,11,16,unet,True,True,13,13,33,0.00020654100080719218,,0.5845177761312961,0.5969881953106935,0.7726501118298589,0.5658263305322129,0.4341736694677871,0.0,0.0,2.7304515838623047
39,20,0.1,random,3,15,18,12,dijkstra,True,True,18,18,261,0.0005614580004476011,,14.072886297376094,243.0524781341108,15.590140414188411,0.9970845481049563,0.0,0.9446064139941691,0.0,0.0
39,20,0.1,random,3,15,18,12,manhattan,True,True,18,18,62,0.00015962500037858263,,0.03498542274052478,0.06997084548104957,0.2645200285064433,0.01749271137026239,0.0,0.0,0.0,0.0
39,20,0.1,random,3,15,18,12,mlp_table,True,True,18,18,20,0.00016995800069707911,,1.1324123067689011,2.0221039509245267,1.4220070150757087,0.011661807580174927,0.9854227405247813,0.0,0.04956268221574344,4.320276260375977
39,20,0.1,random,3,15,18,12,unet,True,True,18,18,33,0.00023262499962584116,,0.7303528633652902,0.9958202904910404,0.9979079569234031,0.5014577259475219,0.4956268221574344,0.0,0.01749271137026239,3.6962738037109375
40,20,0.1,random,15,19,9,9,dijkstra,True,True,16,16,174,0.00036845899921900127,,10.140845070422536,120.0169014084507,10.955222563163685,0.9971830985915493,0.0,0.9352112676056338,0.0,0.0
40,20,0.1,random,15,19,9,9,manhattan,True,True,16,16,71,0.00016995899932226166,,0.09577464788732394,0.2140845070422535,0.4626926701842742,0.04507042253521127,0.0,0.0028169014084507044,0.0,0.0
40,20,0.1,random,15,19,9,9,mlp_table,True,True,16,16,21,0.00015412499851663597,,0.8273819298811362,1.0023170168778441,1.0011578381443378,0.030985915492957747,0.9661971830985916,0.0028169014084507044,0.005633802816901409,3.2236061096191406
40,20,0.1,random,15,19,9,9,unet,True,True,16,16,46,0.00030449999940174166,,0.5759948490371167,0.5710981774926654,0.755710379373385,0.48732394366197185,0.5126760563380282,0.0,0.0,2.751649856567383
41,20,0.1,random,16,19,16,6,dijkstra,True,True,17,17,182,0.00038245900032052305,,13.172602739726027,211.3095890410959,14.53649163454153,0.9972602739726028,0.0,0.947945205479452,0.0,0.0
41,20,0.1,random,16,19,16,6,manhattan,True,True,17,17,55,0.00013779200162389316,,0.39452054794520547,1.0082191780821919,1.0041011792056576,0.16986301369863013,0.0,0.0273972602739726,0.0,0.0
41,20,0.1,random,16,19,16,6,mlp_table,True,True,17,17,24,0.00017416700029571075,,0.8455967498152224,1.0762288648480522,1.037414509657568,0.10410958904109589,0.8931506849315068,0.0,0.00821917808219178,3.379995346069336
41,20,0.1,random,16,19,16,6,unet,True,True,17,17,39,0.00022954099949856754,,0.6454054231513037,0.7467726569109671,0.864160087548,0.5260273972602739,0.4712328767123288,0.0,0.0,2.7475814819335938
42,20,0.1,random,11,5,14,19,dijkstra,True,True,17,17,309,0.0008440420006081695,,15.476454293628809,288.7950138504155,16.99396992613602,0.997229916897507,0.0,0.96398891966759,0.0,0.0
42,20,0.1,random,11,5,14,19,manhattan,True,True,17,17,37,0.00010370800009695813,,0.13850415512465375,0.2770083102493075,0.5263157894736842,0.06925207756232687,0.0,0.0,0.0,0.0
42,20,0.1,random,11,5,14,19,mlp_table,True,True,17,17,18,0.0001649999994697282,,1.1491186737684,2.126447662894373,1.4582344334483304,0.01662049861495845,0.9806094182825484,0.0,0.055401662049861494,4.437534332275391
42,20,0.1,random,11,5,14,19,unet,True,True,17,17,22,0.00015441600044141524,,0.971690119798824,1.7990788851822583,1.341297463347433,0.3850415512465374,0.6149584487534626,0.0,0.04986149584487535,4.969701766967773
43,20,0.1,random,6,12,5,4,dijkstra,True,True,9,9,126,0.0002726660004555015,,12.508287292817679,195.19337016574585,13.971162090740549,0.9972375690607734,0.0,0.9392265193370166,0.0,0.0
43,20,0.1,random,6,12,5,4,manhattan,True,True,9,9,12,3.679099972941913e-05,,0.08287292817679558,0.16574585635359115,0.4071189707611169,0.04143646408839779,0.0,0.0,0.0,0.0
43,20,0.1,random,6,12,5,4,mlp_table,True,True,9,9,10,8.81669984664768e-05,,1.0581915003160087,1.7225448778708867,1.3124575718364715,0.03038674033149171,0.9668508287292817,0.0,0.03314917127071823,3.7599239349365234
43,20,0.1,random,6,12,5,4,unet,True,True,9,9,13,9.89580003079027e-05,,0.6507438426189001,0.8052090445244455,0.897334410643237,0.3784530386740331,0.6215469613259669,0.0,0.0055248618784530384,3.1739234924316406
44,20,0.1,random,6,13,6,1,dijkstra,True,True,14,14,222,0.0004733340010716347,,14.763005780346822,264.39884393063585,16.260345750648597,0.9971098265895953,0.0,0.9450867052023122,0.0,0.0
44,20,0.1,random,6,13,6,1,manhattan,True,True,14,14,22,6.212500011315569e-05,,0.3583815028901734,1.0635838150289016,1.031301999915108,0.14739884393063585,0.0,0.02023121387283237,0.0,0.0
44,20,0.1,random,6,13,6,1,mlp_table,True,True,14,14,19,0.00013966600090498105,,0.9535334372107004,1.4405972710436499,1.2002488371348876,0.057803468208092484,0.9393063583815029,0.005780346820809248,0.017341040462427744,3.4921436309814453
44,20,0.1,random,6,13,6,1,unet,True,True,14,14,20,0.00014208299944584724,,0.7646743831779227,0.9778482197784072,0.9888620832949392,0.5635838150289018,0.43352601156069365,0.005780346820809248,0.0,2.7059173583984375
45,20,0.1,random,15,14,12,19,dijkstra,True,True,8,8,97,0.0002230830014013918,,14.766016713091922,261.61281337047353,16.174449399298684,0.9972144846796658,0.0,0.958217270194986,0.0,0.0
45,20,0.1,random,15,14,12,19,manhattan,True,True,8,8,23,6.116599979577586e-05,,0.04456824512534819,0.08913649025069638,0.2985573483448304,0.022284122562674095,0.0,0.0,0.0,0.0
45,20,0.1,random,15,14,12,19,mlp_table,True,True,8,8,9,7.512500087614171e-05,,1.2243902058986569,2.5570742656271888,1.5990854466310387,0.016713091922005572,0.9805013927576601,0.0,0.07799442896935933,5.396686553955078
45,20,0.1,random,15,14,12,19,unet,True,True,8,8,27,0.00016329200116160791,,0.754166161781566,0.9450031181806897,0.9721127085789434,0.5236768802228412,0.4763231197771588,0.0,0.002785515320334262,3.0032272338867188
46,20,0.1,random,1,16,7,5,dijkstra,True,True,17,17,178,0.0003724589987541549,,11.536516853932584,161.68820224719101,12.715667589520852,0.9971910112359551,0.0,0.9438202247191011,0.0,0.0
46,20,0.1,random,1,16,7,5,manhattan,True,True,17,17,61,0.00015216700012388173,,0.06741573033707865,0.1348314606741573,0.36719403681726276,0.033707865168539325,0.0,0.0,0.0,0.0
46,20,0.1,random,1,16,7,5,mlp_table,True,True,17,17,20,0.00014216700037650298,,0.9353681729080972,1.3817662803027184,1.1754855508693922,0.02247191011235955,0.9747191011235955,0.0,0.025280898876404494,4.184774398803711
46,20,0.1,random,1,16,7,5,unet,True,True,17,17,39,0.00025558300148986746,,0.6215676970863611,0.769732978581611,0.8773442759724435,0.25280898876404495,0.7471910112359551,0.0,0.0056179775280898875,3.306943893432617
47,20,0.1,random,0,14,19,15,dijkstra,True,True,20,20,263,0.0005627919999824371,,16.253561253561255,316.7435897435897,17.79729164068482,0.9971509971509972,0.0,0.9601139601139601,0.0,0.0
47,20,0.1,random,0,14,19,15,manhattan,True,True,20,20,39,0.00010745799954747781,,0.25071225071225073,0.7521367521367521,0.8672581807839879,0.09401709401709402,0.0,0.03133903133903134,0.0,0.0
47,20,0.1,random,0,14,19,15,mlp_table,True,True,20,20,21,0.0001923750005516922,,1.054175259720566,1.9531478313310773,1.3975506542988263,0.07122507122507123,0.9259259259259259,0.0,0.06267806267806268,3.946523666381836
47,20,0.1,random,0,14,19,15,unet,True,True,20,20,23,0.00019304099987493828,,0.9747412639890302,1.3221874638749505,1.1498641066991135,0.7350427350427351,0.26495726495726496,0.002849002849002849,0.0,2.932851791381836
48,20,0.1,random,7,3,8,18,dijkstra,True,True,20,20,302,0.0006485000012617093,,14.955307262569832,266.6256983240223,16.328677176183696,0.9972067039106145,0.0,0.9636871508379888,0.0,0.0
48,20,0.1,random,7,3,8,18,manhattan,True,True,20,20,64,0.00015883299965935294,,1.089385474860335,3.005586592178771,1.7336627677200578,0.441340782122905,0.0,0.10335195530726257,0.0,0.0
48,20,0.1,random,7,3,8,18,mlp_table,True,True,20,20,37,0.00024275000032503158,,1.0785774878283452,1.636339157950312,1.2791947302699116,0.3854748603351955,0.611731843575419,0.0111731843575419,0.0111731843575419,3.3351573944091797
48,20,0.1,random,7,3,8,18,unet,True,True,20,20,44,0.000276708000455983,,1.1506030994087624,2.026540696471319,1.4235661897050376,0.7402234636871509,0.25977653631284914,0.019553072625698324,0.0,2.7159433364868164
49,20,0.1,random,18,2,10,13,dijkstra,True,True,19,19,213,0.00044820900075137615,,10.78491620111732,137.89106145251398,11.74270247653895,0.9972067039106145,0.0,0.952513966480447,0.0,0.0
49,20,0.1,random,18,2,10,13,manhattan,True,True,19,19,61,0.00015212500147754326,,0.09497206703910614,0.18994413407821228,0.43582580703557733,0.04748603351955307,0.0,0.0,0.0,0.0
49,20,0.1,random,18,2,10,13,mlp_table,True,True,19,19,35,0.00022787499983678572,,0.877819096908889,1.1785380782096362,1.0856049365260072,0.036312849162011177,0.9608938547486033,0.0,0.019553072625698324,3.9508190155029297
49,20,0.1,random,18,2,10,13,unet,True,True,19,19,48,0.00028862499857496005,,0.7131816353544843,0.846844162557507,0.9202413610338904,0.32122905027932963,0.6759776536312849,0.0,0.008379888268156424,3.696990966796875
50,20,0.1,random,9,19,9,1,dijkstra,True,True,20,20,276,0.0005815829990751809,,13.748618784530386,229.8977900552486,15.162380751559057,0.9972375690607734,0.0,0.9447513812154696,0.0,0.0
50,20,0.1,random,9,19,9,1,manhattan,True,True,20,20,51,0.0001320000010309741,,0.1712707182320442,0.3425414364640884,0.5852703960257074,0.0856353591160221,0.0,0.0,0.0,0.0
50,20,0.1,random,9,19,9,1,mlp_table,True,True,20,20,21,0.00017474999913247302,,1.0274034751712946,1.6206866485913778,1.2730619186007324,0.024861878453038673,0.9723756906077348,0.0,0.024861878453038673,3.4921436309814453
50,20,0.1,random,9,19,9,1,unet,True,True,20,20,24,0.00019845800125040114,,0.7744313088240544,0.9013321773305555,0.9493851575259409,0.5883977900552486,0.4088397790055249,0.0,0.0,2.966899871826172
51,20,0.1,random,8,17,6,10,dijkstra,True,True,11,11,136,0.00029100000028847717,,11.65564738292011,160.45454545454547,12.667065384474238,0.9972451790633609,0.0,0.9614325068870524,0.0,0.0
51,20,0.1,random,8,17,6,10,manhattan,True,True,11,11,37,0.00010529099927225616,,0.9641873278236914,2.2589531680440773,1.502981426380272,0.44077134986225897,0.0,0.04132231404958678,0.0,0.0
51,20,0.1,random,8,17,6,10,mlp_table,True,True,11,11,19,0.00012429199887264986,,0.8867792869730757,1.0613418227641642,1.0302144547443335,0.3939393939393939,0.6033057851239669,0.0027548209366391185,0.0,2.347749710083008
51,20,0.1,random,8,17,6,10,unet,True,True,11,11,30,0.0001781250011845259,,0.8523414334892898,1.0841856025075487,1.0412423361098744,0.6584022038567493,0.3415977961432507,0.0027548209366391185,0.0,1.460672378540039
52,20,0.1,random,11,17,12,15,dijkstra,True,True,3,3,16,4.020899905299302e-05,,11.816155988857938,172.66852367688023,13.140339557137793,0.9972144846796658,0.0,0.9387186629526463,0.0,0.0
52,20,0.1,random,11,17,12,15,manhattan,True,True,3,3,5,1.5541998436674476e-05,,0.03899721448467967,0.07799442896935933,0.2792748269525188,0.019498607242339833,0.0,0.0,0.0,0.0
52,20,0.1,random,11,17,12,15,mlp_table,True,True,3,3,4,3.379199915798381e-05,,0.9761772149120532,1.46540026036103,1.2105371784299026,0.016713091922005572,0.9805013927576601,0.0,0.025069637883008356,3.9508190155029297
52,20,0.1,random,11,17,12,15,unet,True,True,3,3,5,3.7125000744708814e-05,,0.6820625769892775,0.71302580059408,0.8444085507585057,0.6183844011142061,0.3816155988857939,0.0,0.0,2.844552993774414
53,20,0.1,random,15,9,4,19,dijkstra,True,True,21,21,350,0.0008779170002526371,,16.29972752043597,322.6158038147139,17.961508951497198,0.997275204359673,0.0,0.9645776566757494,0.0,0.0
53,20,0.1,random,15,9,4,19,manhattan,True,True,21,21,121,0.0003537920001690509,,0.34332425068119893,1.5367847411444142,1.239671223004073,0.1008174386920981,0.0,0.04087193460490463,0.0,0.0
53,20,0.1,random,15,9,4,19,mlp_table,True,True,21,21,41,0.0002714589991228422,,1.017073898614265,1.710480790905314,1.3078535051393616,0.051771117166212535,0.9455040871934605,0.005449591280653951,0.02997275204359673,4.184774398803711
53,20,0.1,random,15,9,4,19,unet,True,True,21,21,112,0.0006151669986138586,,1.0118998175420943,1.7917124608290556,1.3385486396948956,0.6866485013623979,0.3133514986376022,0.027247956403269755,0.02997275204359673,3.5804500579833984
54,20,0.1,random,3,18,6,13,dijkstra,True,True,8,8,63,0.00013304200001584832,,11.259668508287293,154.5745856353591,12.432802806903965,0.9972375690607734,0.0,0.9447513812154696,0.0,0.0
54,20,0.1,random,3,18,6,13,manhattan,True,True,8,8,21,5.433400110632647e-05,,0.10497237569060773,0.20994475138121546,0.4581972843450902,0.052486187845303865,0.0,0.0,0.0,0.0
54,20,0.1,random,3,18,6,13,mlp_table,True,True,8,8,9,6.004200076858979e-05,,0.9026135894475062,1.2396334961355355,1.1133882953110004,0.03314917127071823,0.9640883977900553,0.0,0.016574585635359115,3.573324203491211
54,20,0.1,random,3,18,6,13,unet,True,True,8,8,19,0.00011433300096541643,,0.6178691234048559,0.6513182708237908,0.8070429175848028,0.5966850828729282,0.40331491712707185,0.0,0.0027624309392265192,3.119171142578125
55,20,0.1,random,0,9,19,15,dijkstra,True,True,25,25,349,0.0007336250000662403,,16.312328767123287,319.63835616438354,17.87843270995485,0.9972602739726028,0.0,0.958904109589041,0.0,0.0
55,20,0.1,random,0,9,19,15,manhattan,True,True,25,25,132,0.0003242920010961825,,0.4,1.063013698630137,1.0310255567298694,0.16712328767123288,0.0,0.03287671232876712,0.0,0.0
55,20,0.1,random,0,9,19,15,mlp_table,True,True,25,25,28,0.0002303750006831251,,0.896471668596137,1.1982826141165501,1.0946609585239395,0.057534246575342465,0.9397260273972603,0.0,0.0,2.6943302154541016
55,20,0.1,random,0,9,19,15,unet,True,True,25,25,100,0.0005999169989081565,,0.7528074708703446,0.8022294581852003,0.8956726289137121,0.8273972602739726,0.1726027397260274,0.0,0.0,1.5210533142089844
56,20,0.1,random,14,16,11,3,dijkstra,True,True,16,16,246,0.0005261250007606577,,12.134246575342466,180.57808219178082,13.43793444662463,0.9972602739726028,0.0,0.9342465753424658,0.0,0.0
56,20,0.1,random,14,16,11,3,manhattan,True,True,16,16,51,0.00013233400022727437,,0.08767123287671233,0.19726027397260273,0.4441399261185632,0.0410958904109589,0.0,0.0027397260273972603,0.0,0.0
56,20,0.1,random,14,16,11,3,mlp_table,True,True,16,16,17,0.0001482500010752119,,1.0451193293480023,1.626564742111365,1.2753684730741015,0.01643835616438356,0.9808219178082191,0.0027397260273972603,0.021917808219178082,3.7261009216308594
56,20,0.1,random,14,16,11,3,unet,True,True,16,16,33,0.00021620900042762514,,0.5931945818744294,0.6511542199963095,0.806941274193054,0.5972602739726027,0.40273972602739727,0.0027397260273972603,0.0,2.882038116455078
57,20,0.1,random,7,1,17,1,dijkstra,True,True,10,10,116,0.00024716599909879733,,16.81542699724518,342.1707988980716,18.497859305824324,0.9972451790633609,0.0,0.9559228650137741,0.0,0.0
57,20,0.1,random,7,1,17,1,manhattan,True,True,10,10,11,3.670799924293533e-05,,0.3691460055096419,1.0688705234159779,1.0338619460140595,0.14325068870523416,0.0,0.04132231404958678,0.0,0.0
57,20,0.1,random,7,1,17,1,mlp_table,True,True,10,10,11,0.00010495800052012783,,0.9254888154915213,1.5782697441791607,1.2562920616557125,0.07162534435261708,0.9256198347107438,0.0,0.04132231404958678,4.320276260375977
57,20,0.1,random,7,1,17,1,unet,True,True,10,10,11,0.00010054199992737267,,0.8845589446627404,1.439127754337155,1.199636509254847,0.6666666666666666,0.3305785123966942,0.0027548209366391185,0.03581267217630854,5.59599494934082
58,20,0.1,random,16,15,19,5,dijkstra,True,True,13,13,176,0.00037341699862736277,,15.597297297297297,292.53783783783786,17.103737540018493,0.9972972972972973,0.0,0.9675675675675676,0.0,0.0
58,20,0.1,random,16,15,19,5,manhattan,True,True,13,13,42,0.00010325000039301813,,0.10810810810810811,0.21621621621621623,0.46499055497527714,0.05405405405405406,0.0,0.0,0.0,0.0
58,20,0.1,random,16,15,19,5,mlp_table,True,True,13,13,14,0.00012233300003572367,,1.0942992619566014,2.025045416818826,1.4230409048298036,0.021621621621621623,0.9756756756756757,0.0,0.05675675675675676,4.694330215454102
58,20,0.1,random,16,15,19,5,unet,True,True,13,13,21,0.0003721670000231825,,0.7563301243894809,0.9720052786155303,0.9859032805582555,0.5513513513513514,0.4486486486486487,0.0,0.010810810810810811,3.610013961791992
59,20,0.1,random,10,17,2,15,dijkstra,True,True,10,10,108,0.00023670899827266112,,14.837016574585636,270.9806629834254,16.461490302625258,0.9972375690607734,0.0,0.9447513812154696,0.0,0.0
59,20,0.1,random,10,17,2,15,manhattan,True,True,10,10,20,5.4417001592810266e-05,,0.425414364640884,1.138121546961326,1.0668277963014114,0.17679558011049723,0.0,0.03591160220994475,0.0,0.0
59,20,0.1,random,10,17,2,15,mlp_table,True,True,10,10,11,9.566600056132302e-05,,0.8065951446801918,0.9816448064224317,0.9907798980714292,0.06906077348066299,0.9281767955801105,0.0,0.0,2.8137683868408203
59,20,0.1,random,10,17,2,15,unet,True,True,10,10,13,9.616699935577344e-05,,0.6084050620129096,0.6296873694407035,0.793528430140158,0.356353591160221,0.643646408839779,0.0,0.0,2.852071762084961
60,20,0.1,random,17,7,2,3,dijkstra,True,True,19,19,282,0.0005916249992878875,,15.493112947658402,293.4986225895317,17.131801498661247,0.9972451790633609,0.0,0.9421487603305785,0.0,0.0
60,20,0.1,random,17,7,2,3,manhattan,True,True,19,19,68,0.00016841700016811956,,0.4022038567493113,0.8044077134986226,0.8968877931484086,0.20110192837465565,0.0,0.0,0.0,0.0
60,20,0.1,random,17,7,2,3,mlp_table,True,True,19,19,20,0.00016358300126739778,,0.8386796900063507,1.1949673524997246,1.0931456227327285,0.0743801652892562,0.9228650137741047,0.0,0.013774104683195593,3.5670223236083984
60,20,0.1,random,17,7,2,3,unet,True,True,19,19,41,0.00025749999986146577,,0.6922632069955515,0.8276700258687568,0.9097637198024313,0.6639118457300276,0.33608815426997246,0.0,0.0027548209366391185,3.462106704711914
61,20,0.1,random,5,9,0,9,dijkstra,True,True,5,5,39,8.691599941812456e-05,,14.21508379888268,242.41620111731842,15.569720649944829,0.9972067039106145,0.0,0.9553072625698324,0.0,0.0
61,20,0.1,random,5,9,0,9,manhattan,True,True,5,5,6,2.3167000108514912e-05,,0.01675977653631285,0.0335195530726257,0.18308345930920603,0.008379888268156424,0.0,0.0,0.0,0.0
61,20,0.1,random,5,9,0,9,mlp_table,True,True,5,5,6,6.912500066391658e-05,,1.2267884965049487,2.3772476120480635,1.5418325499379184,0.0111731843575419,0.9860335195530726,0.0,0.07262569832402235,4.694330215454102
61,20,0.1,random,5,9,0,9,unet,True,True,5,5,6,5.7209001170122065e-05,,1.1429436364986376,1.7572396952781497,1.3256091789355375,0.7346368715083799,0.26536312849162014,0.00558659217877095,0.008379888268156424,3.9563093185424805
62,20,0.1,random,0,10,3,3,dijkstra,True,True,10,10,98,0.00020754199977091048,,14.087323943661971,251.09014084507044,15.845824082232847,0.9971830985915493,0.0,0.9295774647887324,0.0,0.0
62,20,0.1,random,0,10,3,3,manhattan,True,True,10,10,32,8.04999999672873e-05,,0.15211267605633802,0.5746478873239437,0.7580553326268101,0.05070422535211268,0.0,0.016901408450704224,0.0,0.0
62,20,0.1,random,0,10,3,3,mlp_table,True,True,10,10,11,8.333300138474442e-05,,1.1028354906700026,1.9859600876238994,1.4092409615193207,0.04788732394366197,0.9492957746478873,0.0,0.05070422535211268,4.133249282836914
62,20,0.1,random,0,10,3,3,unet,True,True,10,10,11,9.529199996904936e-05,,0.7487131012997157,1.1200099451445709,1.0583052230545642,0.5633802816901409,0.43661971830985913,0.0028169014084507044,0.02535211267605634,4.334140777587891
63,20,0.1,random,14,19,16,10,dijkstra,True,True,11,11,103,0.0002140420001524035,,12.164383561643836,181.47397260273974,13.471227583362243,0.9972602739726028,0.0,0.936986301369863,0.0,0.0
63,20,0.1,random,14,19,16,10,manhattan,True,True,11,11,28,7.220800034701824e-05,,0.08767123287671233,0.17534246575342466,0.41873913807217095,0.043835616438356165,0.0,0.0,0.0,0.0
63,20,0.1,random,14,19,16,10,mlp_table,True,True,11,11,12,9.370900079375133e-05,,0.9732501957514514,1.4069023939466716,1.1861291641076328,0.019178082191780823,0.9780821917808219,0.0,0.0136986301369863,3.379995346069336
63,20,0.1,random,14,19,16,10,unet,True,True,11,11,18,0.00012204099948576186,,0.5064677206212527,0.46390184084366526,0.6811033995243786,0.4438356164383562,0.5561643835616439,0.0,0.0027397260273972603,3.0309715270996094
64,20,0.1,random,3,10,12,8,dijkstra,True,True,11,11,169,0.00035895800101570785,,10.441011235955056,128.88483146067415,11.35274554725306,0.9971910112359551,0.0,0.9382022471910112,0.0,0.0
64,20,0.1,random,3,10,12,8,manhattan,True,True,11,11,28,0.00012341699948592577,,0.15730337078651685,0.3146067415730337,0.5608981561505026,0.07865168539325842,0.0,0.0,0.0,0.0
64,20,0.1,random,3,10,12,8,mlp_table,True,True,11,11,12,0.00011837499914690852,,0.7721801835499452,0.865474870725437,0.9303090189423281,0.03932584269662921,0.9578651685393258,0.0,0.0056179775280898875,3.482907295227051
64,20,0.1,random,3,10,12,8,unet,True,True,11,11,20,0.00014112499957263935,,0.644076032250115,0.6233376408281973,0.7895173467557235,0.6544943820224719,0.3455056179775281,0.0,0.0,2.320741653442383
65,20,0.1,random,9,5,10,3,dijkstra,True,True,3,3,17,3.945800017390866e-05,,12.46111111111111,188.8388888888889,13.741866281145692,0.9972222222222222,0.0,0.9444444444444444,0.0,0.0
65,20,0.1,random,9,5,10,3,manhattan,True,True,3,3,6,1.6583999240538105e-05,,0.4222222222222222,1.4222222222222223,1.1925695879998879,0.14722222222222223,0.0,0.05555555555555555,0.0,0.0
65,20,0.1,random,9,5,10,3,mlp_table,True,True,3,3,4,3.366700002516154e-05,,0.8214108996921116,0.9804784388130416,0.9901911122672439,0.09722222222222222,0.9,0.005555555555555556,0.0,2.8842105865478516
65,20,0.1,random,9,5,10,3,unet,True,True,3,3,4,3.35000004270114e-05,,0.6512379638850689,0.8246616662519277,0.9081088405317546,0.6222222222222222,0.37777777777777777,0.016666666666666666,0.0,2.660076141357422
66,20,0.1,random,10,12,11,17,dijkstra,True,True,6,6,73,0.00016120800137287006,,12.916434540389972,204.2033426183844,14.289973499569003,0.9972144846796658,0.0,0.9442896935933147,0.0,0.0
66,20,0.1,random,10,12,11,17,manhattan,True,True,6,6,11,3.141699926345609e-05,,0.22284122562674094,0.4456824512534819,0.667594526081125,0.11142061281337047,0.0,0.0,0.0,0.0
66,20,0.1,random,10,12,11,17,mlp_table,True,True,6,6,7,6.166699859022629e-05,,0.9464087712067415,1.3134067603077508,1.14603959805399,0.03064066852367688,0.9665738161559888,0.0,0.011142061281337047,3.4921436309814453
66,20,0.1,random,10,12,11,17,unet,True,True,6,6,8,6.283299990172964e-05,,0.7396468232933193,0.8339101996281415,0.913186837196059,0.5153203342618384,0.48467966573816157,0.0,0.0,2.3967037200927734
67,20,0.1,random,6,13,16,5,dijkstra,True,True,18,18,308,0.0006433750004362082,,13.114613180515759,213.77363896848138,14.62099993052737,0.997134670487106,0.0,0.9369627507163324,0.0,0.0
67,20,0.1,random,6,13,16,5,manhattan,True,True,18,18,64,0.00036004200046590995,,0.2808022922636103,0.6303724928366762,0.7939600070763491,0.1318051575931232,0.0,0.008595988538681949,0.0,0.0
67,20,0.1,random,6,13,16,5,mlp_table,True,True,18,18,23,0.00016033299834816717,,0.9014603411912235,1.319702864153651,1.14878321025059,0.054441260744985676,0.9426934097421203,0.0,0.025787965616045846,4.184774398803711
67,20,0.1,random,6,13,16,5,unet,True,True,18,18,55,0.0003280419987277128,,0.6063443229328254,0.6849628450390394,0.8276248214251669,0.3553008595988539,0.6446991404011462,0.0,0.008595988538681949,3.7501373291015625
68,20,0.1,random,16,10,12,15,dijkstra,True,True,9,9,108,0.00023062499894876964,,12.211699164345404,181.88300835654596,13.486400867412549,0.9972144846796658,0.0,0.9442896935933147,0.0,0.0
68,20,0.1,random,16,10,12,15,manhattan,True,True,9,9,27,6.816600034653675e-05,,0.20612813370473537,0.5459610027855153,0.7388917395569633,0.08913649025069638,0.0,0.011142061281337047,0.0,0.0
68,20,0.1,random,16,10,12,15,mlp_table,True,True,9,9,10,8.579199857194908e-05,,0.901595723994263,1.2340447280342304,1.1108756582238313,0.036211699164345405,0.9610027855153204,0.005571030640668524,0.005571030640668524,3.200124740600586
68,20,0.1,random,16,10,12,15,unet,True,True,9,9,21,0.00014687499970023055,,0.5519803982425201,0.5623034191953137,0.7498689346781301,0.4763231197771588,0.5236768802228412,0.002785515320334262,0.0,2.520859718322754
69,20,0.1,random,3,16,15,9,dijkstra,True,True,19,19,267,0.0005541249993257225,,11.925,173.61388888888888,13.176262326201952,0.9972222222222222,0.0,0.9388888888888889,0.0,0.0
69,20,0.1,random,3,16,15,9,manhattan,True,True,19,19,88,0.00021733399989898317,,0.4444444444444444,1.0888888888888888,1.043498389499902,0.19722222222222222,0.0,0.025,0.0,0.0
69,20,0.1,random,3,16,15,9,mlp_table,True,True,19,19,29,0.00019166700076311827,,0.754550145400895,0.8539015561266464,0.9240679391292863,0.14722222222222223,0.85,0.002777777777777778,0.002777777777777778,3.2236061096191406
69,20,0.1,random,3,16,15,9,unet,True,True,19,19,70,0.0004078330002812436,,0.6091332485278448,0.6719649342309169,0.8197346730686197,0.6027777777777777,0.3972222222222222,0.002777777777777778,0.0,2.0621299743652344
70,20,0.1,random,19,16,8,6,dijkstra,True,True,21,21,264,0.0005559169985644985,,10.724795640326976,138.22343324250681,11.75684622858132,0.997275204359673,0.0,0.9346049046321526,0.0,0.0
70,20,0.1,random,19,16,8,6,manhattan,True,True,21,21,124,0.0002953750008600764,,0.04904632152588556,0.09809264305177112,0.31319745058312837,0.02452316076294278,0.0,0.0,0.0,0.0
70,20,0.1,random,19,16,8,6,mlp_table,True,True,21,21,40,0.00027104199944005813,,0.896903757178491,1.2423688591386366,1.114616014212355,0.01907356948228883,0.9782016348773842,0.0,0.01907356948228883,3.9508190155029297
70,20,0.1,random,19,16,8,6,unet,True,True,21,21,89,0.0005284170001687016,,0.6234241473902149,0.6596723876527749,0.8122021839743937,0.5640326975476839,0.4359673024523161,0.0,0.0,2.5977935791015625
71,20,0.1,random,11,19,6,6,dijkstra,True,True,18,18,220,0.00046120899969537277,,11.739495798319327,166.47899159663865,12.902673815788674,0.9971988795518207,0.0,0.9411764705882353,0.0,0.0
71,20,0.1,random,11,19,6,6,manhattan,True,True,18,18,54,0.00013254199984658044,,0.5154061624649859,2.0392156862745097,1.4280110945908333,0.15406162464985995,0.0,0.08123249299719888,0.0,0.0
71,20,0.1,random,11,19,6,6,mlp_table,True,True,18,18,23,0.0001621249994059326,,0.992074600454806,1.5807470759202173,1.2572776447230012,0.1484593837535014,0.8487394957983193,0.025210084033613446,0.011204481792717087,3.573324203491211
71,20,0.1,random,11,19,6,6,unet,True,True,18,18,23,0.0001655000014579855,,0.9103693356241832,1.370606975213293,1.1707292493199668,0.3557422969187675,0.6442577030812325,0.011204481792717087,0.0056022408963585435,3.3145523071289062
72,20,0.1,random,9,16,0,9,dijkstra,True,True,16,16,252,0.0005642500000249129,,14.589531680440771,255.47107438016528,15.983462527880661,0.9972451790633609,0.0,0.9559228650137741,0.0,0.0
72,20,0.1,random,9,16,0,9,manhattan,True,True,16,16,61,0.00014800000099057797,,0.07162534435261708,0.1652892561983471,0.4065578140908709,0.03305785123966942,0.0,0.0027548209366391185,0.0,0.0
72,20,0.1,random,9,16,0,9,mlp_table,True,True,16,16,20,0.0001595840003574267,,1.09124920946179,1.8020249881020352,1.342395242878205,0.013774104683195593,0.9834710743801653,0.0,0.03305785123966942,3.9410762786865234
72,20,0.1,random,9,16,0,9,unet,True,True,16,16,61,0.0003413340000406606,,1.0861497882640723,1.6446617557181806,1.2824436657094067,0.7575757575757576,0.24242424242424243,0.0,0.011019283746556474,6.269441604614258
73,20,0.1,random,12,5,1,4,dijkstra,True,True,12,12,195,0.0004387500011944212,,15.436813186813186,291.5467032967033,17.074738747538813,0.9972527472527473,0.0,0.9423076923076923,0.0,0.0
73,20,0.1,random,12,5,1,4,manhattan,True,True,12,12,13,3.937499968742486e-05,,0.4725274725274725,4.175824175824176,2.0434833436620363,0.07142857142857142,0.0,0.054945054945054944,0.0,0.0
73,20,0.1,random,12,5,1,4,mlp_table,True,True,12,12,13,0.0001132910001615528,,1.2556235050107096,3.9314702810025093,1.9827935548116222,0.07417582417582418,0.9230769230769231,0.03021978021978022,0.057692307692307696,4.507303237915039
73,20,0.1,random,12,5,1,4,unet,True,True,12,12,36,0.0002504999993107049,,1.1702582405491189,3.527771345111635,1.878236232509541,0.7115384615384616,0.28846153846153844,0.04120879120879121,0.024725274725274724,4.271444320678711
74,20,0.1,random,1,10,8,8,dijkstra,True,True,9,9,101,0.0002120830013154773,,10.392370572207085,127.14441416893733,11.275833191783981,0.997275204359673,0.0,0.9373297002724795,0.0,0.0
74,20,0.1,random,1,10,8,8,manhattan,True,True,9,9,24,6.279199988057371e-05,,0.17438692098092642,0.34877384196185285,0.5905707764204498,0.08719346049046321,0.0,0.0,0.0,0.0
74,20,0.1,random,1,10,8,8,mlp_table,True,True,9,9,10,8.99579990800703e-05,,0.7277107102344731,0.7189908989810967,0.847933310456133,0.04087193460490463,0.9564032697547684,0.0,0.0,2.6016063690185547
74,20,0.1,random,1,10,8,8,unet,True,True,9,9,19,0.00013050000052317046,,0.6067253179056443,0.5892690482615807,0.7676386182713717,0.6893732970027248,0.3106267029972752,0.0,0.0,1.8301849365234375
75,20,0.1,random,16,7,16,8,dijkstra,True,True,1,1,4,1.1749998520826921e-05,,12.576601671309191,192.10863509749305,13.86032593763556,0.9972144846796658,0.0,0.935933147632312,0.0,0.0
75,20,0.1,random,16,7,16,8,manhattan,True,True,1,1,2,6.374999429681338e-06,,0.3788300835654596,0.7576601671309192,0.8704367680256385,0.1894150417827298,0.0,0.0,0.0,0.0
75,20,0.1,random,16,7,16,8,mlp_table,True,True,1,1,2,1.8541999452281743e-05,,0.736889199626147,0.763802703008786,0.873958067076897,0.06963788300835655,0.9275766016713092,0.0,0.0,2.626741409301758
75,20,0.1,random,16,7,16,8,unet,True,True,1,1,2,1.6542000594199635e-05,,0.6040148732140868,0.6110496864006415,0.7816966716064752,0.6267409470752089,0.3732590529247911,0.0,0.0,1.6687278747558594
76,20,0.1,random,6,2,6,7,dijkstra,True,True,5,5,40,9.004099956655409e-05,,11.198347107438016,151.27548209366392,12.299409827047146,0.9972451790633609,0.0,0.9338842975206612,0.0,0.0
76,20,0.1,random,6,2,6,7,manhattan,True,True,5,5,6,1.9708000763785094e-05,,0.1763085399449036,0.3526170798898072,0.5938156952201644,0.0881542699724518,0.0,0.0,0.0,0.0
76,20,0.1,random,6,2,6,7,mlp_table,True,True,5,5,6,6.48339992039837e-05,,0.7885418732961019,0.8778400105433485,0.9369311663848889,0.024793388429752067,0.9724517906336089,0.0,0.0,2.8199901580810547
76,20,0.1,random,6,2,6,7,unet,True,True,5,5,6,4.9000000217347406e-05,,0.6439554755352745,0.6963195573696718,0.834457642645612,0.5344352617079889,0.465564738292011,0.0,0.0,2.375253677368164
77,20,0.1,random,8,6,7,4,dijkstra,True,True,3,3,15,3.633400046965107e-05,,12.409221902017292,185.30259365994237,13.61258952807813,0.9971181556195965,0.0,0.9481268011527377,0.0,0.0
77,20,0.1,random,8,6,7,4,manhattan,True,True,3,3,4,1.1834001270472072e-05,,0.6340057636887608,2.190201729106628,1.4799330150742054,0.21902017291066284,0.0,0.08069164265129683,0.0,0.0
77,20,0.1,random,8,6,7,4,mlp_table,True,True,3,3,4,3.245799962314777e-05,,0.9292872896799093,1.3975245538964336,1.182169426899729,0.19020172910662825,0.8069164265129684,0.01729106628242075,0.008645533141210375,3.4921436309814453
77,20,0.1,random,8,6,7,4,unet,True,True,3,3,4,2.9875000109313987e-05,,0.7309280752878025,0.9977216269402127,0.9988601638568898,0.45244956772334294,0.547550432276657,0.002881844380403458,0.0,2.765774726867676
78,20,0.1,random,5,14,15,3,dijkstra,True,True,21,21,328,0.0007150830006139586,,13.82122905027933,239.72625698324023,15.483095846220168,0.9972067039106145,0.0,0.9329608938547486,0.0,0.0
78,20,0.1,random,5,14,15,3,manhattan,True,True,21,21,109,0.0002597500006231712,,0.2737430167597765,0.8379888268156425,0.9154172965460301,0.10335195530726257,0.0,0.030726256983240222,0.0,0.0
78,20,0.1,random,5,14,15,3,mlp_table,True,True,21,21,40,0.0002475420005794149,,0.896106135245808,1.2124399221854933,1.1011084970090337,0.036312849162011177,0.9608938547486033,0.0,0.00558659217877095,3.193187713623047
78,20,0.1,random,5,14,15,3,unet,True,True,21,21,87,0.0007269170000654412,,0.675996187262695,0.7159449411226954,0.8461352971733866,0.6284916201117319,0.3715083798882682,0.00558659217877095,0.0,2.1367874145507812
79,20,0.1,random,5,4,14,16,dijkstra,True,True,21,21,331,0.0006914169989613583,,13.129380053908356,215.1455525606469,14.667840759997597,0.9973045822102425,0.0,0.9407008086253369,0.0,0.0
79,20,0.1,random,5,4,14,16,manhattan,True,True,21,21,112,0.0002789999998640269,,0.1293800539083558,0.2587601078167116,0.5086846840791568,0.0646900269541779,0.0,0.0,0.0,0.0
79,20,0.1,random,5,4,14,16,mlp_table,True,True,21,21,34,0.00022945799901208375,,1.0108061871438656,1.6232833643372147,1.2740813805786562,0.02425876010781671,0.9730458221024259,0.0,0.029649595687331536,3.7599239349365234
79,20,0.1,random,5,4,14,16,unet,True,True,21,21,90,0.000541041999895242,,0.6155074619539985,0.6590976026792629,0.8118482633345119,0.49865229110512127,0.5013477088948787,0.0,0.0026954177897574125,3.184478759765625
80,20,0.1,random,10,5,18,8,dijkstra,True,True,11,11,185,0.0004015419999632286,,13.842541436464089,236.28453038674033,15.371549381462506,0.9972375690607734,0.0,0.9447513812154696,0.0,0.0
80,20,0.1,random,10,5,18,8,manhattan,True,True,11,11,30,7.791600000928156e-05,,0.11049723756906077,0.4861878453038674,0.697271715548442,0.03038674033149171,0.0,0.016574585635359115,0.0,0.0
80,20,0.1,random,10,5,18,8,mlp_table,True,True,11,11,12,0.00010162500075239222,,1.062351121428263,1.7477061434963148,1.3220083749720781,0.027624309392265192,0.9696132596685083,0.0027624309392265192,0.03314917127071823,4.133249282836914
80,20,0.1,random,10,5,18,8,unet,True,True,11,11,19,0.00013662499986821786,,0.7970290192253682,1.0193739268499715,1.0096404938640147,0.5828729281767956,0.4143646408839779,0.0,0.013812154696132596,3.9011573791503906
81,20,0.1,random,18,5,5,9,dijkstra,True,True,17,17,211,0.0004549170007521752,,11.157303370786517,151.6629213483146,12.3151500741288,0.9971910112359551,0.0,0.9325842696629213,0.0,0.0
81,20,0.1,random,18,5,5,9,manhattan,True,True,17,17,57,0.0001413749996572733,,0.20786516853932585,0.48314606741573035,0.6950870934032154,0.09550561797752809,0.0,0.008426966292134831,0.0,0.0
81,20,0.1,random,18,5,5,9,mlp_table,True,True,17,17,18,0.0001784169999154983,,0.8198442171128948,0.9714729044163828,0.9856332504620483,0.05337078651685393,0.9438202247191011,0.0,0.0028089887640449437,3.006589889526367
81,20,0.1,random,18,5,5,9,unet,True,True,17,17,36,0.00022645900025963783,,0.5883849924534894,0.5801080953025302,0.7616482753230195,0.5084269662921348,0.49157303370786515,0.0,0.0,2.4328880310058594
82,20,0.1,random,13,3,16,18,dijkstra,True,True,18,18,289,0.0006338329985737801,,15.662087912087912,301.21153846153845,17.35544693926199,0.9972527472527473,0.0,0.9478021978021978,0.0,0.0
82,20,0.1,random,13,3,16,18,manhattan,True,True,18,18,44,0.00011499999891384505,,0.08791208791208792,0.17582417582417584,0.4193139346887673,0.04395604395604396,0.0,0.0,0.0,0.0
82,20,0.1,random,13,3,16,18,mlp_table,True,True,18,18,19,0.00015574999997625127,,1.1984476434005487,2.5306886063204383,1.590813818873987,0.024725274725274724,0.9725274725274725,0.0,0.08516483516483517,5.153474807739258
82,20,0.1,random,13,3,16,18,unet,True,True,18,18,27,0.00018412499957776163,,0.8008663887669752,1.0643454959066443,1.0316712150228116,0.5934065934065934,0.4065934065934066,0.0,0.005494505494505495,4.017738342285156
83,20,0.1,random,11,12,15,4,dijkstra,True,True,12,12,227,0.0004881250006292248,,13.138121546961326,216.40331491712706,14.710653109808792,0.9972375690607734,0.0,0.93646408839779,0.0,0.0
83,20,0.1,random,11,12,15,4,manhattan,True,True,12,12,32,7.975000153237488e-05,,0.1712707182320442,0.3425414364640884,0.5852703960257074,0.0856353591160221,0.0,0.0,0.0,0.0
83,20,0.1,random,11,12,15,4,mlp_table,True,True,12,12,13,9.704199874249753e-05,,0.9557246351768958,1.409586843835568,1.1872602258290168,0.03314917127071823,0.9640883977900553,0.0,0.016574585635359115,3.4921436309814453
83,20,0.1,random,11,12,15,4,unet,True,True,12,12,27,0.000171125000633765,,0.5645423363585499,0.5403452783699124,0.7350818174665406,0.5580110497237569,0.4419889502762431,0.0,0.0,2.722118377685547
84,20,0.1,random,9,12,3,4,dijkstra,True,True,14,14,278,0.0006265420015552081,,13.685950413223141,234.732782369146,15.32099155959385,0.9972451790633609,0.0,0.931129476584022,0.0,0.0
84,20,0.1,random,9,12,3,4,manhattan,True,True,14,14,49,0.00012116700054320972,,0.09366391184573003,0.18732782369146006,0.4328138441541121,0.046831955922865015,0.0,0.0,0.0,0.0
84,20,0.1,random,9,12,3,4,mlp_table,True,True,14,14,15,0.00011933399946428835,,1.0188623098630878,1.6339463791972928,1.2782591205218496,0.008264462809917356,0.9889807162534435,0.0,0.027548209366391185,3.573324203491211
84,20,0.1,random,9,12,3,4,unet,True,True,14,14,41,0.00025604199981899,,0.7450538167611955,1.0037494712553339,1.0018729815976344,0.581267217630854,0.418732782369146,0.0027548209366391185,0.011019283746556474,4.136272430419922
85,20,0.1,random,11,0,19,3,dijkstra,True,True,11,11,127,0.00026670800070860423,,16.80323450134771,338.4366576819407,18.396648001251226,0.9973045822102425,0.0,0.967654986522911,0.0,0.0
85,20,0.1,random,11,0,19,3,manhattan,True,True,11,11,31,7.47499998396961e-05,,0.14016172506738545,0.2803234501347709,0.529455805648376,0.07008086253369272,0.0,0.0,0.0,0.0
85,20,0.1,random,11,0,19,3,mlp_table,True,True,11,11,14,8.845800039125606e-05,,1.1052060258999026,2.1739340126814795,1.4744266725346091,0.03773584905660377,0.9595687331536388,0.0,0.07008086253369272,4.694330215454102
85,20,0.1,random,11,0,19,3,unet,True,True,11,11,20,0.00012354199861874804,,0.8566643095241403,1.4428082174160446,1.2011695206822577,0.42048517520215634,0.5795148247978437,0.0,0.03773584905660377,4.355430603027344
86,20,0.1,random,4,13,1,18,dijkstra,True,True,8,8,92,0.00020887500068056397,,17.435616438356163,365.05205479452053,19.10633546221045,0.9972602739726028,0.0,0.9616438356164384,0.0,0.0
86,20,0.1,random,4,13,1,18,manhattan,True,True,8,8,18,4.712499867309816e-05,,0.13150684931506848,0.26301369863013696,0.5128486118048259,0.06575342465753424,0.0,0.0,0.0,0.0
86,20,0.1,random,4,13,1,18,mlp_table,True,True,8,8,9,7.108399950084276e-05,,1.074735948157637,2.070338707231752,1.4388671610790733,0.019178082191780823,0.9780821917808219,0.0,0.06027397260273973,4.423847198486328
86,20,0.1,random,4,13,1,18,unet,True,True,8,8,19,0.00012087499999324791,,1.0671389904740738,1.9316820896541147,1.3898496644076705,0.6301369863013698,0.3698630136986301,0.0027397260273972603,0.049315068493150684,4.793729782104492
87,20,0.1,random,3,8,4,14,dijkstra,True,True,9,9,97,0.00020450000010896474,,12.922651933701658,205.61325966850828,14.339221027256267,0.9972375690607734,0.0,0.93646408839779,0.0,0.0
87,20,0.1,random,3,8,4,14,manhattan,True,True,9,9,16,4.429200089361984e-05,,0.34806629834254144,0.6961325966850829,0.834345609855462,0.17403314917127072,0.0,0.0,0.0,0.0
87,20,0.1,random,3,8,4,14,mlp_table,True,True,9,9,10,7.791700045345351e-05,,0.7586603289809675,0.8528420446663836,0.9234944746268835,0.06906077348066299,0.9281767955801105,0.0,0.0055248618784530384,3.2625961303710938
87,20,0.1,random,3,8,4,14,unet,True,True,9,9,10,7.3208000685554e-05,,0.5664201894188454,0.5612472498490397,0.7491643677118125,0.47790055248618785,0.5220994475138122,0.0027624309392265192,0.0,2.389942169189453
88,20,0.1,random,6,8,17,7,dijkstra,True,True,12,12,231,0.0004897910002910066,,13.478021978021978,220.14285714285714,14.837211905976714,0.9972527472527473,0.0,0.9505494505494505,0.0,0.0
88,20,0.1,random,6,8,17,7,manhattan,True,True,12,12,17,4.958300087309908e-05,,0.25274725274725274,0.5934065934065934,0.7703288865196433,0.11813186813186813,0.0,0.005494505494505495,0.0,0.0
88,20,0.1,random,6,8,17,7,mlp_table,True,True,12,12,13,0.00011500000073283445,,0.9552305452116243,1.4138362803181332,1.1890484768579173,0.04945054945054945,0.9478021978021978,0.005494505494505495,0.01098901098901099,3.5670223236083984
88,20,0.1,random,6,8,17,7,unet,True,True,12,12,14,0.00011574999916774686,,0.6055932028300979,0.7103495747101822,0.8428223862179873,0.4532967032967033,0.5467032967032966,0.0027472527472527475,0.0027472527472527475,3.0506038665771484
89,20,0.1,random,5,13,15,17,dijkstra,True,True,14,14,244,0.0005297919997246936,,14.22689075630252,250.15406162464987,15.816259406846168,0.9971988795518207,0.0,0.9495798319327731,0.0,0.0
89,20,0.1,random,5,13,15,17,manhattan,True,True,14,14,48,0.00012154100113548338,,0.1568627450980392,0.3137254901960784,0.5601120336112039,0.0784313725490196,0.0,0.0,0.0,0.0
89,20,0.1,random,5,13,15,17,mlp_table,True,True,14,14,18,0.00014529199870594312,,1.0602493362934315,1.7767516069967701,1.33294846374373,0.022408963585434174,0.9747899159663865,0.0,0.03361344537815126,3.9600563049316406
89,20,0.1,random,5,13,15,17,unet,True,True,14,14,49,0.00028033399939886294,,0.6586044372296801,0.6970501635543193,0.8348953009535502,0.5378151260504201,0.46218487394957986,0.0,0.0,2.603870391845703
90,20,0.1,random,1,4,13,11,dijkstra,True,True,19,19,249,0.0005115000003570458,,11.301408450704225,148.3943661971831,12.181722628478417,0.9971830985915493,0.0,0.9633802816901409,0.0,0.0
90,20,0.1,random,1,4,13,11,manhattan,True,True,19,19,96,0.00023704200066276826,,0.5521126760563381,1.5549295774647887,1.2469681541502127,0.21971830985915494,0.0,0.056338028169014086,0.0,0.0
90,20,0.1,random,1,4,13,11,mlp_table,True,True,19,19,30,0.00019454199900792446,,1.055559091500833,1.6333525459337686,1.278026817376603,0.21690140845070421,0.780281690140845,0.016901408450704224,0.008450704225352112,3.3867263793945312
90,20,0.1,random,1,4,13,11,unet,True,True,19,19,62,0.0004214999989926582,,0.7041931142269725,1.0009101459673393,1.0004549694850535,0.428169014084507,0.571830985915493,0.014084507042253521,0.0,2.865337371826172
91,20,0.1,random,18,3,10,3,dijkstra,True,True,8,8,54,0.0001128329986386234,,12.228650137741047,183.37465564738292,13.541589849326515,0.9972451790633609,0.0,0.9393939393939394,0.0,0.0
91,20,0.1,random,18,3,10,3,manhattan,True,True,8,8,9,2.7709000278264284e-05,,0.27548209366391185,0.7272727272727273,0.8528028654224418,0.11570247933884298,0.0,0.02203856749311295,0.0,0.0
91,20,0.1,random,18,3,10,3,mlp_table,True,True,8,8,9,8.020800123631489e-05,,0.8555849531136925,1.0458798054893352,1.0226826514072365,0.05785123966942149,0.9393939393939394,0.0,0.0027548209366391185,3.0135278701782227
91,20,0.1,random,18,3,10,3,unet,True,True,8,8,9,7.741699846519623e-05,,0.5792056660760533,0.5686150337991378,0.7540656694208654,0.6143250688705234,0.3856749311294766,0.0027548209366391185,0.0,2.4358158111572266
92,20,0.1,random,16,1,0,2,dijkstra,True,True,17,17,205,0.0004495410012168577,,17.485175202156334,368.6981132075472,19.20151330514205,0.9973045822102425,0.0,0.9595687331536388,0.0,0.0
92,20,0.1,random,16,1,0,2,manhattan,True,True,17,17,29,8.208399958675727e-05,,0.05390835579514825,0.1078167115902965,0.32835455165155925,0.026954177897574125,0.0,0.0,0.0,0.0
92,20,0.1,random,16,1,0,2,mlp_table,True,True,17,17,18,0.0001630000006116461,,1.1752697524998708,2.4788089236128097,1.5744233622545143,0.03773584905660377,0.9595687331536388,0.0,0.0889487870619946,4.694330215454102
92,20,0.1,random,16,1,0,2,unet,True,True,17,17,37,0.00024058300004980993,,1.0042112659251272,1.9316601310792927,1.3898417647629144,0.6388140161725068,0.3611859838274933,0.018867924528301886,0.04043126684636118,4.743114471435547
93,20,0.1,random,6,8,2,11,dijkstra,True,True,7,7,81,0.00017816699983086437,,13.098314606741573,208.7556179775281,14.448377693621111,0.9971910112359551,0.0,0.9466292134831461,0.0,0.0
93,20,0.1,random,6,8,2,11,manhattan,True,True,7,7,18,4.637500023818575e-05,,0.21348314606741572,0.449438202247191,0.6704015231539909,0.10393258426966293,0.0,0.0028089887640449437,0.0,0.0
93,20,0.1,random,6,8,2,11,mlp_table,True,True,7,7,8,6.0375001339707524e-05,,0.9637603522016761,1.344362243638863,1.159466361581423,0.025280898876404494,0.9719101123595506,0.0028089887640449437,0.0056179775280898875,3.482907295227051
93,20,0.1,random,6,8,2,11,unet,True,True,7,7,13,8.349999916390516e-05,,0.7170199509919359,0.8554540179208335,0.9249075726367655,0.45224719101123595,0.547752808988764,0.0028089887640449437,0.0,2.732961654663086
94,20,0.1,random,18,9,4,1,dijkstra,True,True,22,22,332,0.0007006249998084968,,15.491803278688524,290.92896174863387,17.056639814120302,0.9972677595628415,0.0,0.9453551912568307,0.0,0.0
94,20,0.1,random,18,9,4,1,manhattan,True,True,22,22,106,0.000259833001109655,,0.3442622950819672,0.6885245901639344,0.8297738186782796,0.1721311475409836,0.0,0.0,0.0,0.0
94,20,0.1,random,18,9,4,1,mlp_table,True,True,22,22,34,0.0002244160004920559,,0.9117176545773699,1.4178411436750389,1.1907313482373088,0.04918032786885246,0.9480874316939891,0.0,0.0273224043715847,4.19432258605957
94,20,0.1,random,18,9,4,1,unet,True,True,22,22,87,0.0005079170005046763,,0.8398529893306436,1.1153860936099929,1.0561184088964612,0.6775956284153005,0.3224043715846995,0.00546448087431694,0.01092896174863388,3.8269176483154297
95,20,0.1,random,11,10,19,2,dijkstra,True,True,16,16,333,0.0007222909989650361,,17.52341597796143,369.633608815427,19.22585781741421,0.9972451790633609,0.0,0.9586776859504132,0.0,0.0
95,20,0.1,random,11,10,19,2,manhattan,True,True,16,16,75,0.00018195900156570133,,0.24793388429752067,0.49586776859504134,0.7041787902195303,0.12396694214876033,0.0,0.0,0.0,0.0
95,20,0.1,random,11,10,19,2,mlp_table,True,True,16,16,20,0.0001449999999749707,,0.9405935352498834,1.4506394803955984,1.2044249583911812,0.03581267217630854,0.9614325068870524,0.0,0.008264462809917356,3.187826156616211
95,20,0.1,random,11,10,19,2,unet,True,True,16,16,51,0.0003131670000584563,,0.8361922915686261,1.3284712347450265,1.15259326509616,0.6363636363636364,0.3608815426997245,0.0027548209366391185,0.03305785123966942,4.9898223876953125
96,20,0.1,random,17,16,1,10,dijkstra,True,True,22,22,294,0.0006369160000758711,,13.784741144414168,229.6049046321526,15.152719380763065,0.997275204359673,0.0,0.9427792915531336,0.0,0.0
96,20,0.1,random,17,16,1,10,manhattan,True,True,22,22,94,0.0002368340010434622,,0.2125340599455041,0.5994550408719346,0.774244819725605,0.08719346049046321,0.0,0.01634877384196185,0.0,0.0
96,20,0.1,random,17,16,1,10,mlp_table,True,True,22,22,35,0.0002607910009828629,,0.9665531585911639,1.403931486742797,1.1848761482715386,0.027247956403269755,0.9700272479564033,0.0027247956403269754,0.005449591280653951,3.006589889526367
96,20,0.1,random,17,16,1,10,unet,True,True,22,22,84,0.0004924170007143402,,0.7836470283994232,0.9340901690122325,0.9664834033816786,0.7029972752043597,0.2970027247956403,0.0027247956403269754,0.0,2.7509822845458984
97,20,0.1,random,11,2,17,3,dijkstra,True,True,9,9,103,0.0002227080003649462,,15.512396694214877,292.3278236914601,17.097597015120577,0.9972451790633609,0.0,0.9449035812672176,0.0,0.0
97,20,0.1,random,11,2,17,3,manhattan,True,True,9,9,16,4.320799962442834e-05,,0.5344352617079889,1.5537190082644627,1.2464826546183716,0.209366391184573,0.0,0.05509641873278237,0.0,0.0
97,20,0.1,random,11,2,17,3,mlp_table,True,True,9,9,10,7.558299876109231e-05,,0.8282874917852648,1.2149945085982363,1.1022678932991907,0.14325068870523416,0.8539944903581267,0.0,0.02203856749311295,3.7261009216308594
97,20,0.1,random,11,2,17,3,unet,True,True,9,9,11,7.937499867693987e-05,,0.5907567327344385,0.6672984475416668,0.8168833745043822,0.465564738292011,0.5344352617079889,0.0,0.0,2.786609649658203
98,20,0.1,random,17,4,5,4,dijkstra,True,True,12,12,122,0.00027762500030803494,,12.53370786516854,195.3932584269663,13.978313862085308,0.9971910112359551,0.0,0.9353932584269663,0.0,0.0
98,20,0.1,random,17,4,5,4,manhattan,True,True,12,12,13,4.187499871477485e-05,,0.06179775280898876,0.14606741573033707,0.3821876708246056,0.028089887640449437,0.0,0.0028089887640449437,0.0,0.0
98,20,0.1,random,17,4,5,4,mlp_table,True,True,12,12,13,0.00012283300020499155,,1.084549995620599,1.9030663896717988,1.379516723230204,0.033707865168539325,0.9634831460674157,0.0028089887640449437,0.05056179775280899,4.184774398803711
98,20,0.1,random,17,4,5,4,unet,True,True,12,12,13,0.00013558400132751558,,0.6202489387118415,0.813404890637183,0.9018896222028409,0.4297752808988764,0.5702247191011236,0.0028089887640449437,0.011235955056179775,3.4250926971435547
99,20,0.1,random,10,12,12,1,dijkstra,True,True,15,15,298,0.0006287920004979242,,14.3601108033241,249.9556786703601,15.80998667521134,0.997229916897507,0.0,0.9584487534626038,0.0,0.0
99,20,0.1,random,10,12,12,1,manhattan,True,True,15,15,55,0.00013820799904351588,,0.4598337950138504,1.3407202216066483,1.1578947368421053,0.18005540166204986,0.0,0.04709141274238227,0.0,0.0
99,20,0.1,random,10,12,12,1,mlp_table,True,True,15,15,18,0.00012937499923282303,,0.920918682605606,1.3128958705809897,1.1458166827992118,0.09141274238227147,0.9058171745152355,0.00554016620498615,0.008310249307479225,3.3867263793945312
99,20,0.1,random,10,12,12,1,unet,True,True,15,15,23,0.00014887500037730206,,0.7333986891273646,1.0511213429837796,1.0252420899396295,0.37950138504155123,0.6177285318559557,0.00554016620498615,0.002770083102493075,3.1722421646118164
0,20,0.2,random,12,12,7,11,dijkstra,True,True,6,6,40,8.566700125811622e-05,,11.17737003058104,143.25076452599387,11.968741142074796,0.9969418960244648,0.0,0.9602446483180428,0.0,0.0
0,20,0.2,random,12,12,7,11,manhattan,True,True,6,6,10,4.4333000914775766e-05,,0.6238532110091743,1.908256880733945,1.381396713740823,0.22935779816513763,0.0,0.08256880733944955,0.0,0.0
0,20,0.2,random,12,12,7,11,mlp_table,True,True,6,6,7,5.9083000451209955e-05,,0.8979166662292014,1.2543421227432094,1.1199741616408878,0.22324159021406728,0.7737003058103975,0.009174311926605505,0.0030581039755351682,3.0135278701782227
0,20,0.2,random,12,12,7,11,unet,True,True,6,6,7,5.574999886448495e-05,,1.244656700333324,2.222240956613596,1.4907182686925105,0.1926605504587156,0.8073394495412844,0.021406727828746176,0.03363914373088685,3.798421859741211
1,20,0.2,random,2,8,10,9,dijkstra,True,True,9,9,100,0.00021087499953864608,,10.065830721003135,120.67398119122257,10.9851709677739,0.9968652037617555,0.0,0.9278996865203761,0.0,0.0
1,20,0.2,random,2,8,10,9,manhattan,True,True,9,9,13,3.825000021606684e-05,,0.20689655172413793,0.9404388714733543,0.9697622757528539,0.06896551724137931,0.0,0.01567398119122257,0.0,0.0
1,20,0.2,random,2,8,10,9,mlp_table,True,True,9,9,10,8.324999907927122e-05,,0.937907414002852,1.650648550683359,1.284775681075634,0.05642633228840126,0.9404388714733543,0.01567398119122257,0.003134796238244514,3.2236061096191406
1,20,0.2,random,2,8,10,9,unet,True,True,9,9,13,9.466699884796981e-05,,0.7497051390921434,1.2916840196335535,1.1365227756774403,0.3103448275862069,0.6896551724137931,0.012539184952978056,0.01567398119122257,4.170848846435547
2,20,0.2,random,5,5,7,17,dijkstra,True,True,14,14,148,0.00030612499904236756,,15.216300940438872,273.61755485893417,16.541389145381174,0.9968652037617555,0.0,0.9623824451410659,0.0,0.0
2,20,0.2,random,5,5,7,17,manhattan,True,True,14,14,19,4.7416999223059975e-05,,2.031347962382445,7.724137931034483,2.779233335118605,0.7178683385579937,0.0,0.1724137931034483,0.0,0.0
2,20,0.2,random,5,5,7,17,mlp_table,True,True,14,14,15,9.241599946108181e-05,,1.5658382468836434,4.5964992463552905,2.14394478621892,0.6050156739811913,0.39184952978056425,0.12225705329153605,0.0,2.8051719665527344
2,20,0.2,random,5,5,7,17,unet,True,True,14,14,21,0.00012287499885133002,,1.4070267930486733,3.6903288312481832,1.9210228606781814,0.6050156739811913,0.3949843260188088,0.10344827586206896,0.03761755485893417,4.878023147583008
3,20,0.2,random,3,7,19,1,dijkstra,True,True,22,22,279,0.0005652500003634486,,19.08,421.7938461538462,20.537620265109737,0.9969230769230769,0.0,0.9815384615384616,0.0,0.0
3,20,0.2,random,3,7,19,1,manhattan,True,True,22,22,37,0.0001199589987663785,,0.683076923076923,1.9815384615384615,1.4076712903012767,0.26461538461538464,0.0,0.07692307692307693,0.0,0.0
3,20,0.2,random,3,7,19,1,mlp_table,True,True,22,22,28,0.00018908399943029508,,0.9690026807785034,1.7298265087713183,1.315228690673724,0.21846153846153846,0.7784615384615384,0.003076923076923077,0.04923076923076923,3.9410762786865234
3,20,0.2,random,3,7,19,1,unet,True,True,22,22,43,0.00026362499920651317,,2.5803462248582107,8.978525838688865,2.9964188356584707,0.09230769230769231,0.9076923076923077,0.003076923076923077,0.3476923076923077,7.473869323730469
4,20,0.2,random,7,0,1,3,dijkstra,True,True,9,9,48,9.866700020211283e-05,,17.257234726688104,347.6752411575563,18.6460516238038,0.9967845659163987,0.0,0.9581993569131833,0.0,0.0
4,20,0.2,random,7,0,1,3,manhattan,True,True,9,9,13,3.279200063843746e-05,,1.5305466237942122,11.189710610932476,3.3451024813796777,0.3311897106109325,0.0,0.1832797427652733,0.0,0.0
4,20,0.2,random,7,0,1,3,mlp_table,True,True,9,9,13,8.850000085658394e-05,,1.568574744022161,7.888978113341883,2.8087324745055167,0.2604501607717042,0.7363344051446945,0.0932475884244373,0.003215434083601286,3.006589889526367
4,20,0.2,random,7,0,1,3,unet,True,True,9,9,13,8.891600009519607e-05,,1.8672201276017155,7.387106694666369,2.7179232319302855,0.22186495176848875,0.7781350482315113,0.04180064308681672,0.04823151125401929,5.16876220703125
5,20,0.2,random,16,15,19,8,dijkstra,True,True,12,12,134,0.0002767079986369936,,15.482649842271293,282.73186119873816,16.81463235395702,0.9968454258675079,0.0,0.9684542586750788,0.0,0.0
5,20,0.2,random,16,15,19,8,manhattan,True,True,12,12,33,7.550000009359792e-05,,0.9085173501577287,3.1798107255520507,1.7832023793030478,0.3438485804416404,0.0,0.0694006309148265,0.0,0.0
5,20,0.2,random,16,15,19,8,mlp_table,True,True,12,12,21,0.0001112080008169869,,0.8858858813246718,1.5250338241521022,1.23492259844579,0.2302839116719243,0.7665615141955836,0.025236593059936908,0.0,2.659409523010254
5,20,0.2,random,16,15,19,8,unet,True,True,12,12,16,0.00011395799992897082,,1.1166741774661308,2.1679354475229062,1.4723910647388845,0.138801261829653,0.861198738170347,0.0031545741324921135,0.03785488958990536,6.698486328125
6,20,0.2,random,4,1,13,15,dijkstra,True,True,35,35,286,0.0006507500002044253,,16.99025974025974,399.0357142857143,19.975878310745546,0.9967532467532467,0.0,0.922077922077922,0.0,0.0
6,20,0.2,random,4,1,13,15,manhattan,True,True,35,35,222,0.0004972910010110354,,4.779220779220779,52.54545454545455,7.248824356090755,0.564935064935065,0.0,0.5064935064935064,0.0,0.0
6,20,0.2,random,4,1,13,15,mlp_table,True,True,35,35,162,0.0007681249990127981,,4.419063081989041,43.89039352707827,6.624982530322496,0.5551948051948052,0.44155844155844154,0.40584415584415584,0.0,2.377312660217285
6,20,0.2,random,4,1,13,15,unet,True,True,35,35,168,0.001043250000293483,,4.178504517132586,36.9448010651186,6.078223512270554,0.6363636363636364,0.36363636363636365,0.36363636363636365,0.032467532467532464,5.514599800109863
7,20,0.2,random,15,18,13,15,dijkstra,True,True,5,5,24,5.316700116964057e-05,,12.356435643564357,184.8976897689769,13.597708989715029,0.9966996699669967,0.0,0.9504950495049505,0.0,0.0
7,20,0.2,random,15,18,13,15,manhattan,True,True,5,5,8,2.0292000044719316e-05,,0.5742574257425742,1.6237623762376239,1.2742693499561322,0.23102310231023102,0.0,0.052805280528052806,0.0,0.0
7,20,0.2,random,15,18,13,15,mlp_table,True,True,5,5,7,4.57500009360956e-05,,0.9717166608709706,1.4760718927875653,1.2149369912829082,0.18811881188118812,0.8085808580858086,0.0165016501650165,0.009900990099009901,3.4921436309814453
7,20,0.2,random,15,18,13,15,unet,True,True,5,5,6,3.933299922209699e-05,,1.2662769211794282,2.4359215676857198,1.560743914832193,0.1188118811881188,0.8811881188118812,0.0,0.0462046204620462,4.749054908752441
8,20,0.2,random,18,17,6,1,dijkstra,True,True,28,28,302,0.0006147919993964024,,15.44478527607362,286.3036809815951,16.920510659598754,0.9969325153374233,0.0,0.9693251533742331,0.0,0.0
8,20,0.2,random,18,17,6,1,manhattan,True,True,28,28,164,0.00039295800161198713,,1.2822085889570551,5.803680981595092,2.409083016750376,0.34049079754601225,0.0,0.2116564417177914,0.0,0.0
8,20,0.2,random,18,17,6,1,mlp_table,True,True,28,28,69,0.0003900419997080462,,0.9958485701332794,1.9046705911888306,1.380098036803484,0.3067484662576687,0.6901840490797546,0.05214723926380368,0.0,2.212087631225586
8,20,0.2,random,18,17,6,1,unet,True,True,28,28,56,0.00036716599970532116,,0.9174279056809431,1.7547217797698034,1.3246591183281091,0.5153374233128835,0.48466257668711654,0.03374233128834356,0.009202453987730062,3.850383758544922
9,20,0.2,random,1,8,14,7,dijkstra,True,True,14,14,128,0.0002806249995046528,,11.252595155709342,153.99307958477507,12.409394811382828,0.9965397923875432,0.0,0.9411764705882353,0.0,0.0
9,20,0.2,random,1,8,14,7,manhattan,True,True,14,14,19,5.249999958323315e-05,,0.47750865051903113,1.7301038062283738,1.3153341044116411,0.16262975778546712,0.0,0.058823529411764705,0.0,0.0
9,20,0.2,random,1,8,14,7,mlp_table,True,True,14,14,15,0.00011779200031014625,,0.9749837008314561,1.7755463587933704,1.3324962884726435,0.12802768166089964,0.8685121107266436,0.031141868512110725,0.010380622837370242,3.0135278701782227
9,20,0.2,random,1,8,14,7,unet,True,True,14,14,15,0.00012020899885101244,,1.0329260353811058,1.7772111970545845,1.33312084863098,0.2629757785467128,0.7335640138408305,0.0034602076124567475,0.03460207612456748,4.716030120849609
10,20,0.2,random,16,19,4,10,dijkstra,True,True,21,21,187,0.0003799999994953396,,12.713826366559486,200.63022508038586,14.164399919530155,0.9967845659163987,0.0,0.932475884244373,0.0,0.0
10,20,0.2,random,16,19,4,10,manhattan,True,True,21,21,69,0.00016350000078091398,,1.32475884244373,5.916398713826367,2.4323648397858344,0.3987138263665595,0.0,0.1607717041800643,0.0,0.0
10,20,0.2,random,16,19,4,10,mlp_table,True,True,21,21,27,0.0001765830002113944,,1.1560129728347925,2.7064191212295228,1.6451197893252403,0.3633440514469453,0.6334405144694534,0.0932475884244373,0.0,2.1049375534057617
10,20,0.2,random,16,19,4,10,unet,True,True,21,21,46,0.0002647500004968606,,1.0346292943433166,1.9186397173520715,1.3851497093643241,0.4694533762057878,0.5305466237942122,0.04180064308681672,0.0,2.9121761322021484
11,20,0.2,random,19,9,13,13,dijkstra,True,True,10,10,79,0.00016487500033690594,,12.11875,179.95,13.414544345597431,0.996875,0.0,0.940625,0.0,0.0
11,20,0.2,random,19,9,13,13,manhattan,True,True,10,10,27,6.4208001276711e-05,,1.0125,4.075,2.018662923818635,0.3125,0.0,0.146875,0.0,0.0
11,20,0.2,random,19,9,13,13,mlp_table,True,True,10,10,17,0.00011029099914594553,,0.9937861379235983,2.1177342476944014,1.4552437073199807,0.29375,0.703125,0.059375,0.0,2.262269973754883
11,20,0.2,random,19,9,13,13,unet,True,True,10,10,18,0.00011466700016171671,,0.9323206380940974,1.616748138895972,1.2715141127396,0.396875,0.603125,0.021875,0.00625,3.323436737060547
12,20,0.2,random,19,2,7,12,dijkstra,True,True,22,22,224,0.0004774170010932721,,10.722560975609756,138.5701219512195,11.771581115178178,0.9969512195121951,0.0,0.9359756097560976,0.0,0.0
12,20,0.2,random,19,2,7,12,manhattan,True,True,22,22,79,0.00018708399875322357,,0.21341463414634146,0.4268292682926829,0.6533217188282378,0.10670731707317073,0.0,0.0,0.0,0.0
12,20,0.2,random,19,2,7,12,mlp_table,True,True,22,22,42,0.00023700000019744039,,0.7824149349840676,0.8414582843723106,0.9173103533550194,0.042682926829268296,0.9542682926829268,0.0,0.0,2.633389472961426
12,20,0.2,random,19,2,7,12,unet,True,True,22,22,39,0.00023254200095834676,,0.6935834452146437,0.8132876028097397,0.9018245964763545,0.35365853658536583,0.6463414634146342,0.0,0.006097560975609756,3.6977014541625977
13,20,0.2,random,5,3,2,10,dijkstra,True,True,10,10,103,0.00021474999994097743,,13.080808080808081,209.9023569023569,14.488007347539444,0.9966329966329966,0.0,0.9427609427609428,0.0,0.0
13,20,0.2,random,5,3,2,10,manhattan,True,True,10,10,19,4.8208999942289665e-05,,0.6060606060606061,1.7508417508417509,1.323193769196995,0.24915824915824916,0.0,0.04377104377104377,0.0,0.0
13,20,0.2,random,5,3,2,10,mlp_table,True,True,10,10,13,9.812499956751708e-05,,0.771630635566583,1.0673769523009569,1.0331393673173803,0.19528619528619529,0.8013468013468014,0.010101010101010102,0.0,2.347749710083008
13,20,0.2,random,5,3,2,10,unet,True,True,10,10,12,8.012500074983109e-05,,0.8708500429134979,1.2494398018611885,1.1177834324506641,0.21885521885521886,0.7811447811447811,0.003367003367003367,0.016835016835016835,3.9126014709472656
14,20,0.2,random,14,3,11,14,dijkstra,True,True,16,16,192,0.0003922910000255797,,12.123839009287925,174.20433436532508,13.198648959849075,0.9969040247678018,0.0,0.9473684210526315,0.0,0.0
14,20,0.2,random,14,3,11,14,manhattan,True,True,16,16,35,8.679100028530229e-05,,0.9845201238390093,3.5789473684210527,1.8918106058538346,0.32507739938080493,0.0,0.13312693498452013,0.0,0.0
14,20,0.2,random,14,3,11,14,mlp_table,True,True,16,16,28,0.00017654200019023847,,0.9131152984158543,1.449301588885191,1.2038694235195073,0.28792569659442724,0.7089783281733746,0.03715170278637771,0.0,2.1049375534057617
14,20,0.2,random,14,3,11,14,unet,True,True,16,16,25,0.0001711249988147756,,0.9840317191354262,1.636296831396669,1.2791781859446592,0.3591331269349845,0.6408668730650154,0.04024767801857585,0.0,2.4532880783081055
15,20,0.2,random,7,12,4,0,dijkstra,True,True,19,19,307,0.0006559169996762648,,17.29179331306991,349.3100303951368,18.689837623562617,0.9969604863221885,0.0,0.9696048632218845,0.0,0.0
15,20,0.2,random,7,12,4,0,manhattan,True,True,19,19,81,0.00018966700008604676,,1.21580547112462,4.182370820668693,2.045084550982842,0.41033434650455924,0.0,0.17933130699088146,0.0,0.0
15,20,0.2,random,7,12,4,0,mlp_table,True,True,19,19,28,0.00034679100099310745,,0.7674992243932011,1.1258719880000336,1.0610711512429474,0.3069908814589666,0.6899696048632219,0.0243161094224924,0.0,1.7176666259765625
15,20,0.2,random,7,12,4,0,unet,True,True,19,19,65,0.0003803749987127958,,0.9145829474672358,1.3039312297174803,1.1418980820184788,0.3009118541033435,0.6990881458966566,0.0060790273556231,0.00303951367781155,3.361530303955078
16,20,0.2,random,9,2,11,4,dijkstra,True,True,6,6,35,7.387500045297202e-05,,14.314935064935066,240.51623376623377,15.508585808068824,0.9967532467532467,0.0,0.9545454545454546,0.0,0.0
16,20,0.2,random,9,2,11,4,manhattan,True,True,6,6,10,2.720800148381386e-05,,2.74025974025974,13.272727272727273,3.6431754380934325,0.6818181818181818,0.0,0.4448051948051948,0.0,0.0
16,20,0.2,random,9,2,11,4,mlp_table,True,True,6,6,10,7.029100015643053e-05,,2.1964196206687334,8.22881069048545,2.868590366449251,0.6525974025974026,0.34415584415584416,0.33766233766233766,0.0,1.9376106262207031
16,20,0.2,random,9,2,11,4,unet,True,True,6,6,8,5.5540998801006936e-05,,1.9698499231175943,6.451761793660268,2.540031848946046,0.577922077922078,0.42207792207792205,0.2077922077922078,0.016233766233766232,3.66365909576416
17,20,0.2,random,18,15,0,5,dijkstra,True,True,28,28,306,0.0006241249993763631,,15.954128440366972,304.3394495412844,17.445327441503768,0.9969418960244648,0.0,0.9571865443425076,0.0,0.0
17,20,0.2,random,18,15,0,5,manhattan,True,True,28,28,137,0.0003270410015829839,,0.7339449541284404,2.2262996941896023,1.4920789838978372,0.30275229357798167,0.0,0.045871559633027525,0.0,0.0
17,20,0.2,random,18,15,0,5,mlp_table,True,True,28,28,38,0.0002504170006432105,,0.8409509626003581,1.2294815904201934,1.108819908921279,0.18960244648318042,0.8073394495412844,0.01834862385321101,0.0,2.8137683868408203
17,20,0.2,random,18,15,0,5,unet,True,True,28,28,102,0.000577875000089989,,0.8352131191014515,1.2117647967027885,1.1008018880356212,0.6788990825688074,0.3211009174311927,0.01529051987767584,0.0,2.8966422080993652
18,20,0.2,random,6,14,13,8,dijkstra,True,True,13,13,170,0.000376666999727604,,11.468944099378882,155.1024844720497,12.454014793312625,0.9968944099378882,0.0,0.9472049689440993,0.0,0.0
18,20,0.2,random,6,14,13,8,manhattan,True,True,13,13,35,0.00012475000039557926,,0.7391304347826086,2.347826086956522,1.5322617553657476,0.2857142857142857,0.0,0.062111801242236024,0.0,0.0
18,20,0.2,random,6,14,13,8,mlp_table,True,True,13,13,17,0.00012029099889332429,,0.780824998150701,0.9835742627868087,0.9917531259274198,0.2453416149068323,0.7515527950310559,0.009316770186335404,0.0,2.1429433822631836
18,20,0.2,random,6,14,13,8,unet,True,True,13,13,23,0.00015770899881317746,,0.7634851819610003,1.019461877441501,1.0096840483247722,0.36335403726708076,0.6366459627329193,0.006211180124223602,0.003105590062111801,3.140483856201172
19,20,0.2,random,3,8,1,10,dijkstra,True,True,4,4,20,4.483299926505424e-05,,14.154574132492113,246.2744479495268,15.693133783585955,0.9968454258675079,0.0,0.9463722397476341,0.0,0.0
19,20,0.2,random,3,8,1,10,manhattan,True,True,4,4,8,2.1374999050749466e-05,,0.6182965299684543,2.3974763406940065,1.5483786167129816,0.2082018927444795,0.0,0.06624605678233439,0.0,0.0
19,20,0.2,random,3,8,1,10,mlp_table,True,True,4,4,5,4.0499999158782884e-05,,1.0723331892151937,2.223018743496467,1.490979122421393,0.13249211356466878,0.8643533123028391,0.03470031545741325,0.0031545741324921135,3.0007972717285156
19,20,0.2,random,3,8,1,10,unet,True,True,4,4,8,5.5290998716372997e-05,,0.9699544086817311,1.8644972559138226,1.3654659482805942,0.5078864353312302,0.4921135646687697,0.031545741324921134,0.006309148264984227,3.270254135131836
20,20,0.2,random,9,9,8,13,dijkstra,True,True,7,7,55,0.00011545800043677446,,11.494949494949495,158.06060606060606,12.572215638486561,0.9966329966329966,0.0,0.9528619528619529,0.0,0.0
20,20,0.2,random,9,9,8,13,manhattan,True,True,7,7,16,3.991599987784866e-05,,1.164983164983165,5.67003367003367,2.3811832499901535,0.37037037037037035,0.0,0.10774410774410774,0.0,0.0
20,20,0.2,random,9,9,8,13,mlp_table,True,True,7,7,10,5.720899935113266e-05,,1.2321834026362357,4.453699547137503,2.110379005566892,0.2996632996632997,0.696969696969697,0.08754208754208755,0.0,2.262269973754883
20,20,0.2,random,9,9,8,13,unet,True,True,7,7,9,5.03330011270009e-05,,1.5299627745793725,4.091716075350786,2.022799069445798,0.2356902356902357,0.7643097643097643,0.04377104377104377,0.04040404040404041,4.273101806640625
21,20,0.2,random,5,16,12,0,dijkstra,True,True,23,23,289,0.0005962920004094485,,15.683544303797468,292.17088607594934,17.093006934882737,0.9968354430379747,0.0,0.9651898734177216,0.0,0.0
21,20,0.2,random,5,16,12,0,manhattan,True,True,23,23,91,0.00021695900068152696,,0.9620253164556962,2.962025316455696,1.7210535483986824,0.35443037974683544,0.0,0.12341772151898735,0.0,0.0
21,20,0.2,random,5,16,12,0,mlp_table,True,True,23,23,34,0.0003160839987685904,,0.7295521173296096,0.795880743268354,0.892121484590722,0.24367088607594936,0.7531645569620253,0.006329113924050633,0.0,2.4375343322753906
21,20,0.2,random,5,16,12,0,unet,True,True,23,23,59,0.0003479999995761318,,0.7443634516830686,0.9720435201111768,0.9859226745091,0.3829113924050633,0.6170886075949367,0.0031645569620253164,0.0031645569620253164,3.23931884765625
22,20,0.2,random,0,6,9,1,dijkstra,True,True,14,14,132,0.0002658749999682186,,18.97029702970297,407.64356435643566,20.190184851962986,0.9966996699669967,0.0,0.9702970297029703,0.0,0.0
22,20,0.2,random,0,6,9,1,manhattan,True,True,14,14,41,9.695800144982059e-05,,4.897689768976898,42.2970297029703,6.503616663285921,0.6963696369636964,0.0,0.6402640264026402,0.0,0.0
22,20,0.2,random,0,6,9,1,mlp_table,True,True,14,14,33,0.00019958300072175916,,4.13670547527842,31.37514666975175,5.601352217969493,0.6864686468646864,0.3102310231023102,0.570957095709571,0.0,1.7239398956298828
22,20,0.2,random,0,6,9,1,unet,True,True,14,14,26,0.00015749999874969944,,2.8805996399901486,15.680693504798112,3.9598855418809915,0.6798679867986799,0.31683168316831684,0.33003300330033003,0.006600660066006601,3.2822093963623047
23,20,0.2,random,6,15,10,7,dijkstra,True,True,12,12,151,0.00030883399995218497,,11.058641975308642,143.44753086419752,11.976958331070437,0.9969135802469136,0.0,0.9351851851851852,0.0,0.0
23,20,0.2,random,6,15,10,7,manhattan,True,True,12,12,31,7.604199890920427e-05,,0.7222222222222222,2.45679012345679,1.567415108851765,0.25925925925925924,0.0,0.08024691358024691,0.0,0.0
23,20,0.2,random,6,15,10,7,mlp_table,True,True,12,12,16,0.00010954100071103312,,0.8412958332049993,1.40831026359246,1.1867224880284606,0.22530864197530864,0.7716049382716049,0.040123456790123455,0.0,2.0549564361572266
23,20,0.2,random,6,15,10,7,unet,True,True,12,12,19,0.00012354200043773744,,0.8965686525643608,1.685208153435112,1.2981556738061548,0.4012345679012346,0.5987654320987654,0.033950617283950615,0.0,2.931303024291992
24,20,0.2,random,14,2,10,14,dijkstra,True,True,22,22,241,0.0004920829996990506,,11.541795665634675,166.6749226006192,12.910264234345446,0.9969040247678018,0.0,0.9318885448916409,0.0,0.0
24,20,0.2,random,14,2,10,14,manhattan,True,True,22,22,66,0.00026016599986178335,,0.7430340557275542,2.6996904024767803,1.6430734622885188,0.2476780185758514,0.0,0.09907120743034056,0.0,0.0
24,20,0.2,random,14,2,10,14,mlp_table,True,True,22,22,38,0.00023337499987974297,,0.9635885647575921,1.7858300389687396,1.3363495197622288,0.21671826625386997,0.7801857585139319,0.04953560371517028,0.0,2.6016063690185547
24,20,0.2,random,14,2,10,14,unet,True,True,22,22,46,0.0002557500010880176,,0.8514535446469629,1.6396195165154022,1.280476285026553,0.5294117647058824,0.47058823529411764,0.03715170278637771,0.0030959752321981426,3.4494714736938477
25,20,0.2,random,12,11,18,12,dijkstra,True,True,7,7,52,0.0001155419995484408,,14.39047619047619,252.53650793650795,15.89139729339456,0.9968253968253968,0.0,0.9492063492063492,0.0,0.0
25,20,0.2,random,12,11,18,12,manhattan,True,True,7,7,8,2.1458999981405213e-05,,0.5714285714285714,1.3968253968253967,1.1818736805705576,0.2571428571428571,0.0,0.025396825396825397,0.0,0.0
25,20,0.2,random,12,11,18,12,mlp_table,True,True,7,7,8,5.8000001445179805e-05,,0.8938218847153678,1.361651028559005,1.1668980369162532,0.15555555555555556,0.8412698412698413,0.009523809523809525,0.01904761904761905,3.7540512084960938
25,20,0.2,random,12,11,18,12,unet,True,True,7,7,8,5.424999835668132e-05,,0.8637259702833872,1.2997751226859269,1.1400768056082569,0.5142857142857142,0.48253968253968255,0.0,0.01904761904761905,3.7137413024902344
26,20,0.2,random,15,12,13,2,dijkstra,True,True,12,12,140,0.0002888750004785834,,14.739549839228296,272.93247588424435,16.52066814279145,0.9967845659163987,0.0,0.9292604501607717,0.0,0.0
26,20,0.2,random,15,12,13,2,manhattan,True,True,12,12,14,3.812500108324457e-05,,1.4983922829581993,7.061093247588424,2.6572717677325413,0.3858520900321543,0.0,0.24758842443729903,0.0,0.0
26,20,0.2,random,15,12,13,2,mlp_table,True,True,12,12,13,9.999999929277692e-05,,1.4621701669846316,4.193428262465513,2.0477861857297293,0.35691318327974275,0.639871382636656,0.1414790996784566,0.0,2.8051719665527344
26,20,0.2,random,15,12,13,2,unet,True,True,12,12,13,9.662499905971345e-05,,1.3312612417426524,3.0199125115244616,1.737789547535737,0.4565916398713826,0.5401929260450161,0.06109324758842444,0.003215434083601286,3.5162277221679688
27,20,0.2,random,0,6,6,3,dijkstra,True,True,11,11,86,0.00017558299987285864,,13.904615384615385,232.58153846153846,15.250624199079146,0.9969230769230769,0.0,0.9507692307692308,0.0,0.0
27,20,0.2,random,0,6,6,3,manhattan,True,True,11,11,35,8.020800123631489e-05,,0.9415384615384615,2.4984615384615383,1.580652250958932,0.40307692307692305,0.0,0.05846153846153846,0.0,0.0
27,20,0.2,random,0,6,6,3,mlp_table,True,True,11,11,21,0.00011687500045809429,,0.9276309042710524,1.4068999408726903,1.186128130040212,0.29846153846153844,0.6984615384615385,0.024615384615384615,0.0,2.8199901580810547
27,20,0.2,random,0,6,6,3,unet,True,True,11,11,21,0.00015529200027231127,,1.1077071799681737,1.7721906696988936,1.3312365190674773,0.26153846153846155,0.7384615384615385,0.009230769230769232,0.006153846153846154,3.4800682067871094
28,20,0.2,random,14,13,18,19,dijkstra,True,True,10,10,122,0.0002519169993320247,,20.235099337748345,459.1158940397351,21.42698985018043,0.9966887417218543,0.0,0.9834437086092715,0.0,0.0
28,20,0.2,random,14,13,18,19,manhattan,True,True,10,10,21,5.0874999942607246e-05,,1.7549668874172186,10.7682119205298,3.2814953787152894,0.3973509933774834,0.0,0.22185430463576158,0.0,0.0
28,20,0.2,random,14,13,18,19,mlp_table,True,True,10,10,18,0.00010562500028754584,,1.222768248706464,4.672936936131719,2.161697697674612,0.3543046357615894,0.6423841059602649,0.08940397350993377,0.0,1.9158096313476562
28,20,0.2,random,14,13,18,19,unet,True,True,10,10,38,0.0001985830003832234,,7.918655280245851,72.72791431822971,8.528066270745656,0.016556291390728478,0.9834437086092715,0.0,0.9006622516556292,16.599842071533203
29,20,0.2,random,5,13,6,1,dijkstra,True,True,13,13,192,0.0004025409998575924,,16.018575851393187,295.046439628483,17.176915893968946,0.9969040247678018,0.0,0.9628482972136223,0.0,0.0
29,20,0.2,random,5,13,6,1,manhattan,True,True,13,13,20,5.2457999117905274e-05,,1.2136222910216719,7.727554179566564,2.779847869860249,0.3126934984520124,0.0,0.1238390092879257,0.0,0.0
29,20,0.2,random,5,13,6,1,mlp_table,True,True,13,13,14,0.00010250000013911631,,1.3575345318383847,5.395864271834227,2.3228999702600683,0.21362229102167182,0.7832817337461301,0.08668730650154799,0.006191950464396285,3.3351573944091797
29,20,0.2,random,5,13,6,1,unet,True,True,13,13,17,0.00011466700016171671,,1.2514575284331946,3.7539421911684223,1.9375092751180374,0.49226006191950467,0.5046439628482973,0.07430340557275542,0.009287925696594427,3.188997268676758
30,20,0.2,random,6,16,14,18,dijkstra,True,True,10,10,104,0.00021137499970791396,,16.16774193548387,313.6193548387097,17.709301365065468,0.9967741935483871,0.0,0.9612903225806452,0.0,0.0
30,20,0.2,random,6,16,14,18,manhattan,True,True,10,10,19,4.8874999265535735e-05,,1.3806451612903226,3.9741935483870967,1.9935379475663604,0.5516129032258065,0.0,0.12580645161290321,0.0,0.0
30,20,0.2,random,6,16,14,18,mlp_table,True,True,10,10,11,8.333300138474442e-05,,1.0938679006791885,2.083942145568997,1.4435865563134747,0.46774193548387094,0.5290322580645161,0.04516129032258064,0.02258064516129032,3.7599239349365234
30,20,0.2,random,6,16,14,18,unet,True,True,10,10,13,9.737500113260467e-05,,1.0954480877807062,2.154304044041073,1.4677547629086656,0.25483870967741934,0.7451612903225806,0.0064516129032258064,0.054838709677419356,5.8564453125
31,20,0.2,random,7,12,11,11,dijkstra,True,True,5,5,37,7.829099922673777e-05,,10.248366013071895,124.29411764705883,11.148727176097674,0.9967320261437909,0.0,0.9281045751633987,0.0,0.0
31,20,0.2,random,7,12,11,11,manhattan,True,True,5,5,8,2.0542000129353255e-05,,0.2549019607843137,0.6928104575163399,0.8323523637957303,0.10457516339869281,0.0,0.02287581699346405,0.0,0.0
31,20,0.2,random,7,12,11,11,mlp_table,True,True,5,5,6,4.362499930721242e-05,,0.7891786721796771,0.8484807570962574,0.9211301520937513,0.08169934640522876,0.9150326797385621,0.0,0.0,2.576460838317871
31,20,0.2,random,7,12,11,11,unet,True,True,5,5,6,4.158299998380244e-05,,0.7503044794197955,0.92100237824517,0.9596886881927753,0.27450980392156865,0.7254901960784313,0.006535947712418301,0.0,2.4182796478271484
32,20,0.2,random,5,16,15,19,dijkstra,True,True,13,13,98,0.00019345800137671176,,17.801346801346803,378.26599326599325,19.44906150090521,0.9966329966329966,0.0,0.9562289562289562,0.0,0.0
32,20,0.2,random,5,16,15,19,manhattan,True,True,13,13,29,6.904200017743278e-05,,1.8383838383838385,8.04040404040404,2.835560621888384,0.5387205387205387,0.0,0.23905723905723905,0.0,0.0
32,20,0.2,random,5,16,15,19,mlp_table,True,True,13,13,14,0.00010900000052060932,,1.1135365160226018,2.456116554788183,1.567200228046239,0.5151515151515151,0.48148148148148145,0.06397306397306397,0.0,1.7176666259765625
32,20,0.2,random,5,16,15,19,unet,True,True,13,13,17,0.00011520900079631247,,1.2059972181866065,2.2181654804798066,1.489350690898489,0.3400673400673401,0.6599326599326599,0.020202020202020204,0.026936026936026935,4.600059509277344
33,20,0.2,random,17,12,14,8,dijkstra,True,True,7,7,62,0.0001319999992119847,,11.382445141065832,159.77115987460814,12.640061703750032,0.9968652037617555,0.0,0.9278996865203761,0.0,0.0
33,20,0.2,random,17,12,14,8,manhattan,True,True,7,7,18,4.74579992442159e-05,,0.4827586206896552,1.341692789968652,1.1583146334086658,0.2006269592476489,0.0,0.034482758620689655,0.0,0.0
33,20,0.2,random,17,12,14,8,mlp_table,True,True,7,7,8,6.800000119255856e-05,,0.7836978256141878,0.9569427492879621,0.9782345062856667,0.14106583072100312,0.8557993730407524,0.012539184952978056,0.0,2.1049375534057617
33,20,0.2,random,17,12,14,8,unet,True,True,7,7,14,0.00011637500028882641,,0.7520794328477315,1.0514812963122102,1.0254176204416472,0.38557993730407525,0.6144200626959248,0.009404388714733543,0.003134796238244514,3.2444534301757812
34,20,0.2,random,7,12,18,15,dijkstra,True,True,14,14,250,0.0005822080001962604,,16.214285714285715,317.2797619047619,17.81234857913919,0.9970238095238095,0.0,0.9553571428571429,0.0,0.0
34,20,0.2,random,7,12,18,15,manhattan,True,True,14,14,31,7.695800013607368e-05,,0.8154761904761905,2.130952380952381,1.459778195806603,0.3482142857142857,0.0,0.05654761904761905,0.0,0.0
34,20,0.2,random,7,12,18,15,mlp_table,True,True,14,14,15,0.0001128330004576128,,0.7738431557303384,1.0216308211084968,1.010757548133328,0.18452380952380953,0.8125,0.017857142857142856,0.0,2.132101058959961
34,20,0.2,random,7,12,18,15,unet,True,True,14,14,22,0.00013329200010048226,,0.6675730728145156,0.9646614381850546,0.9821717966756399,0.5476190476190477,0.4494047619047619,0.01488095238095238,0.0,1.7670745849609375
35,20,0.2,random,9,14,4,1,dijkstra,True,True,18,18,236,0.0004944160009472398,,15.703947368421053,297.0263157894737,17.234451421193356,0.9967105263157895,0.0,0.9473684210526315,0.0,0.0
35,20,0.2,random,9,14,4,1,manhattan,True,True,18,18,46,0.00010775000009743962,,0.9539473684210527,4.381578947368421,2.093222144773082,0.3157894736842105,0.0,0.08881578947368421,0.0,0.0
35,20,0.2,random,9,14,4,1,mlp_table,True,True,18,18,19,0.00013416699948720634,,0.9336737574715364,2.8366326310179057,1.6842305753720022,0.18421052631578946,0.8125,0.02631578947368421,0.006578947368421052,3.193187713623047
35,20,0.2,random,9,14,4,1,unet,True,True,18,18,28,0.0001733330009301426,,0.8428821908800226,2.413086188659031,1.5534111460457052,0.45723684210526316,0.5394736842105263,0.019736842105263157,0.003289473684210526,3.156497001647949
36,20,0.2,random,17,2,10,7,dijkstra,True,True,12,12,88,0.00017712500084599014,,11.167682926829269,145.59451219512195,12.066255102355575,0.9969512195121951,0.0,0.948170731707317,0.0,0.0
36,20,0.2,random,17,2,10,7,manhattan,True,True,12,12,35,0.00010895800005528145,,0.6158536585365854,2.3292682926829267,1.5261940547266348,0.20426829268292682,0.0,0.07317073170731707,0.0,0.0
36,20,0.2,random,17,2,10,7,mlp_table,True,True,12,12,20,0.00011729200014087837,,0.8850535488710171,1.3378460558134786,1.156652953920699,0.1951219512195122,0.801829268292683,0.024390243902439025,0.0,2.82692813873291
36,20,0.2,random,17,2,10,7,unet,True,True,12,12,24,0.00014800000099057797,,1.0514384897016897,1.7566056893086766,1.3253700197713378,0.2682926829268293,0.7317073170731707,0.012195121951219513,0.012195121951219513,3.733186721801758
37,20,0.2,random,3,8,3,14,dijkstra,True,True,6,6,51,0.00010616699910315219,,13.695238095238095,236.0,15.362291495737216,0.9968253968253968,0.0,0.9365079365079365,0.0,0.0
37,20,0.2,random,3,8,3,14,manhattan,True,True,6,6,7,2.2666999939247034e-05,,0.5523809523809524,1.638095238095238,1.2798809468443688,0.21904761904761905,0.0,0.047619047619047616,0.0,0.0
37,20,0.2,random,3,8,3,14,mlp_table,True,True,6,6,7,6.654099888692144e-05,,1.2451359434733316,2.392762608111082,1.5468557166429848,0.18412698412698414,0.8126984126984127,0.03492063492063492,0.025396825396825397,3.379995346069336
37,20,0.2,random,3,8,3,14,unet,True,True,6,6,7,6.620900057896506e-05,,1.2095503053967915,2.4605334883659986,1.5686087747956783,0.2857142857142857,0.7142857142857143,0.02857142857142857,0.02857142857142857,3.875213623046875
38,20,0.2,random,16,1,16,5,dijkstra,True,True,4,4,22,4.691600042860955e-05,,14.24375,246.0125,15.684785621741854,0.996875,0.0,0.953125,0.0,0.0
38,20,0.2,random,16,1,16,5,manhattan,True,True,4,4,5,1.612499909242615e-05,,1.08125,3.6875,1.920286436967152,0.353125,0.0,0.184375,0.0,0.0
38,20,0.2,random,16,1,16,5,mlp_table,True,True,4,4,5,4.724999962490983e-05,,0.9242880739271641,1.3311105044166431,1.1537376237328152,0.321875,0.675,0.0125,0.0,2.469583511352539
38,20,0.2,random,16,1,16,5,unet,True,True,4,4,5,4.5040998884360306e-05,,1.1092878650873899,1.743349305097651,1.320359536299735,0.246875,0.75,0.003125,0.00625,3.1749649047851562
39,20,0.2,random,7,0,18,13,dijkstra,True,True,24,24,270,0.0005353749984351452,,15.042904290429043,274.5016501650165,16.568091325346334,0.9966996699669967,0.0,0.9537953795379538,0.0,0.0
39,20,0.2,random,7,0,18,13,manhattan,True,True,24,24,92,0.0002185829998779809,,0.7392739273927392,2.613861386138614,1.6167440694614017,0.2508250825082508,0.0,0.09900990099009901,0.0,0.0
39,20,0.2,random,7,0,18,13,mlp_table,True,True,24,24,31,0.00018233399896416813,,0.909057354376261,1.5232638505246925,1.2342057569646532,0.1848184818481848,0.8118811881188119,0.0231023102310231,0.0033003300330033004,3.0007972717285156
39,20,0.2,random,7,0,18,13,unet,True,True,24,24,43,0.00024929200117185246,,0.899006987758989,1.4562877951549429,1.2067674983835714,0.2739273927392739,0.7227722772277227,0.013201320132013201,0.009900990099009901,3.3247509002685547
40,20,0.2,random,1,10,12,3,dijkstra,True,True,18,18,201,0.0004265829993528314,,13.397306397306398,217.77441077441077,14.757181667730826,0.9966329966329966,0.0,0.9427609427609428,0.0,0.0
40,20,0.2,random,1,10,12,3,manhattan,True,True,18,18,70,0.0001751670006342465,,1.0303030303030303,4.08080808080808,2.020101007575631,0.31313131313131315,0.0,0.16161616161616163,0.0,0.0
40,20,0.2,random,1,10,12,3,mlp_table,True,True,18,18,24,0.00017129200023191515,,0.9896850870915936,1.7185365734407505,1.3109296599897153,0.2895622895622896,0.7070707070707071,0.026936026936026935,0.0,2.659409523010254
40,20,0.2,random,1,10,12,3,unet,True,True,18,18,21,0.0001529159999336116,,0.9668895229697227,1.5198699119091965,1.2328300417775342,0.2558922558922559,0.7441077441077442,0.013468013468013467,0.006734006734006734,3.8915634155273438
41,20,0.2,random,5,17,14,8,dijkstra,True,True,18,18,218,0.0004493329997785622,,11.382445141065832,152.93103448275863,12.366528796827291,0.9968652037617555,0.0,0.9467084639498433,0.0,0.0
41,20,0.2,random,5,17,14,8,manhattan,True,True,18,18,67,0.00016233399946941063,,0.47648902821316613,1.2037617554858935,1.0971607701179866,0.21003134796238246,0.0,0.025078369905956112,0.0,0.0
41,20,0.2,random,5,17,14,8,mlp_table,True,True,18,18,25,0.00015625000014551915,,0.8741265864207827,1.1667959087521078,1.0801832755380485,0.14420062695924765,0.8526645768025078,0.009404388714733543,0.003134796238244514,3.006589889526367
41,20,0.2,random,5,17,14,8,unet,True,True,18,18,38,0.00023675000011280645,,0.8255746162797216,1.1397000923950884,1.0675673713612122,0.31347962382445144,0.6833855799373041,0.006269592476489028,0.003134796238244514,3.007394790649414
42,20,0.2,random,14,1,1,11,dijkstra,True,True,23,23,251,0.0005088750003778841,,14.725609756097562,258.7743902439024,16.086466058270922,0.9969512195121951,0.0,0.9451219512195121,0.0,0.0
42,20,0.2,random,14,1,1,11,manhattan,True,True,23,23,106,0.00025245899996662047,,0.8597560975609756,4.2073170731707314,2.0511745594099815,0.24085365853658536,0.0,0.10670731707317073,0.0,0.0
42,20,0.2,random,14,1,1,11,mlp_table,True,True,23,23,87,0.0005132500009494834,,1.1009902110913905,2.5336146317855732,1.591733216272618,0.17073170731707318,0.8262195121951219,0.051829268292682924,0.0,2.659409523010254
42,20,0.2,random,14,1,1,11,unet,True,True,23,23,79,0.0004771250005433103,,0.9028505593901728,1.7851238678815953,1.3360852771741762,0.38414634146341464,0.6158536585365854,0.051829268292682924,0.0,2.2700700759887695
43,20,0.2,random,5,8,0,1,dijkstra,True,True,12,12,109,0.0002607080004963791,,20.572327044025158,495.47169811320754,22.25919356385598,0.9968553459119497,0.0,0.9748427672955975,0.0,0.0
43,20,0.2,random,5,8,0,1,manhattan,True,True,12,12,25,6.162499994388781e-05,,2.4716981132075473,27.48427672955975,5.242544871487487,0.4088050314465409,0.0,0.20440251572327045,0.0,0.0
43,20,0.2,random,5,8,0,1,mlp_table,True,True,12,12,14,9.987500015995465e-05,,2.206929516867272,18.23767131264754,4.270558665168708,0.3522012578616352,0.6446540880503144,0.17295597484276728,0.0,2.3528308868408203
43,20,0.2,random,5,8,0,1,unet,True,True,12,12,22,0.00012554199929581955,,2.1545561836950435,13.477247368805914,3.67113706755903,0.6226415094339622,0.37735849056603776,0.1949685534591195,0.012578616352201259,5.124896049499512
44,20,0.2,random,13,18,3,15,dijkstra,True,True,13,13,120,0.00027504200079420116,,13.688741721854305,228.5430463576159,15.117640237736044,0.9966887417218543,0.0,0.9304635761589404,0.0,0.0
44,20,0.2,random,13,18,3,15,manhattan,True,True,13,13,31,7.837500015739352e-05,,0.6887417218543046,1.8543046357615893,1.3617285470172054,0.2847682119205298,0.0,0.059602649006622516,0.0,0.0
44,20,0.2,random,13,18,3,15,mlp_table,True,True,13,13,14,0.0001314590008405503,,0.8060949693452444,1.0448647554029358,1.0221862625778806,0.18543046357615894,0.8112582781456954,0.006622516556291391,0.009933774834437087,3.379995346069336
44,20,0.2,random,13,18,3,15,unet,True,True,13,13,19,0.00013045800005784258,,0.8237111227500518,1.134964189913453,1.0653469809941984,0.3675496688741722,0.6324503311258278,0.0,0.0033112582781456954,3.383106231689453
45,20,0.2,random,1,11,1,0,dijkstra,True,True,15,15,168,0.00034241700086568017,,19.021604938271604,423.5401234567901,20.580090462794136,0.9969135802469136,0.0,0.9691358024691358,0.0,0.0
45,20,0.2,random,1,11,1,0,manhattan,True,True,15,15,31,7.13339995854767e-05,,0.6604938271604939,2.1358024691358026,1.461438493107323,0.23148148148148148,0.0,0.09567901234567901,0.0,0.0
45,20,0.2,random,1,11,1,0,mlp_table,True,True,15,15,20,0.00011341699973854702,,0.9368577673111433,1.7475150552739769,1.3219361010555604,0.19135802469135801,0.8055555555555556,0.015432098765432098,0.046296296296296294,4.507303237915039
45,20,0.2,random,1,11,1,0,unet,True,True,15,15,34,0.00017691599896352272,,1.8591359544683386,7.93153595301196,2.816298271315018,0.30864197530864196,0.691358024691358,0.037037037037037035,0.1697530864197531,10.674850463867188
46,20,0.2,random,18,19,0,2,dijkstra,True,True,35,35,301,0.00061745799939672,,19.121311475409836,425.6459016393443,20.631187596436234,0.9967213114754099,0.0,0.9573770491803278,0.0,0.0
46,20,0.2,random,18,19,0,2,manhattan,True,True,35,35,153,0.000352625000232365,,1.5934426229508196,8.19672131147541,2.862991671569341,0.4131147540983607,0.0,0.21311475409836064,0.0,0.0
46,20,0.2,random,18,19,0,2,mlp_table,True,True,35,35,128,0.000629791000392288,,1.0813996404897972,2.7310273298061083,1.6525820190859237,0.40327868852459015,0.5934426229508196,0.08852459016393442,0.0,1.8378496170043945
46,20,0.2,random,18,19,0,2,unet,True,True,35,35,158,0.0007943340006022481,,1.3266801200929235,2.792481545447558,1.6710719749452918,0.20327868852459016,0.7967213114754098,0.01639344262295082,0.06229508196721312,5.256914138793945
47,20,0.2,random,0,12,17,6,dijkstra,True,True,23,23,267,0.0005427920004876796,,14.035483870967742,244.02903225806452,15.62142862410684,0.9967741935483871,0.0,0.9483870967741935,0.0,0.0
47,20,0.2,random,0,12,17,6,manhattan,True,True,23,23,44,0.00010870899859583005,,0.6129032258064516,1.3548387096774193,1.1639753904947558,0.2903225806451613,0.0,0.016129032258064516,0.0,0.0
47,20,0.2,random,0,12,17,6,mlp_table,True,True,23,23,29,0.0001789170000847662,,0.704301518009555,0.753668196588699,0.8681406548415407,0.16451612903225807,0.832258064516129,0.0032258064516129032,0.0,2.347749710083008
47,20,0.2,random,0,12,17,6,unet,True,True,23,23,27,0.0001817090014810674,,0.8556176816263507,1.226681960025157,1.1075567525075891,0.1935483870967742,0.8032258064516129,0.0,0.012903225806451613,4.082706451416016
48,20,0.2,random,10,16,15,13,dijkstra,True,True,8,8,77,0.00016083300033642445,,12.64576802507837,192.40125391849529,13.87087790727376,0.9968652037617555,0.0,0.9498432601880877,0.0,0.0
48,20,0.2,random,10,16,15,13,manhattan,True,True,8,8,17,4.2208999730064534e-05,,0.8589341692789969,3.2476489028213167,1.802123442725641,0.26959247648902823,0.0,0.13166144200626959,0.0,0.0
48,20,0.2,random,10,16,15,13,mlp_table,True,True,8,8,9,6.150000081106555e-05,,0.883806206963279,1.3404957642968227,1.1577978080376654,0.2413793103448276,0.7554858934169278,0.025078369905956112,0.0,2.2681121826171875
48,20,0.2,random,10,16,15,13,unet,True,True,8,8,13,7.962500058056321e-05,,1.0360240783063595,1.7448120285495738,1.320913331202912,0.29780564263322884,0.6990595611285266,0.006269592476489028,0.009404388714733543,3.874746322631836
49,20,0.2,random,5,16,1,12,dijkstra,True,True,8,8,60,0.00012658299965551123,,14.504672897196262,254.16822429906543,15.942654242599174,0.9968847352024922,0.0,0.9470404984423676,0.0,0.0
49,20,0.2,random,5,16,1,12,manhattan,True,True,8,8,25,6.320800093817525e-05,,0.5794392523364486,1.6573208722741433,1.2873697496345575,0.2336448598130841,0.0,0.04984423676012461,0.0,0.0
49,20,0.2,random,5,16,1,12,mlp_table,True,True,8,8,9,7.379099952231627e-05,,0.8179642953605295,0.9751869966465284,0.9875155677995808,0.14018691588785046,0.8566978193146417,0.003115264797507788,0.0,2.377312660217285
49,20,0.2,random,5,16,1,12,unet,True,True,8,8,25,0.0001348750010947697,,0.7071273365867472,0.8153685939378987,0.9029776264879982,0.2834890965732087,0.7165109034267912,0.0,0.0,2.806471824645996
50,20,0.2,random,0,1,10,3,dijkstra,True,True,12,12,77,0.00015070799963723402,,12.571428571428571,192.51063829787233,13.87482029785872,0.9969604863221885,0.0,0.939209726443769,0.0,0.0
50,20,0.2,random,0,1,10,3,manhattan,True,True,12,12,32,7.945799916342366e-05,,0.46200607902735563,1.1185410334346504,1.0576110028903114,0.20972644376899696,0.0,0.0182370820668693,0.0,0.0
50,20,0.2,random,0,1,10,3,mlp_table,True,True,12,12,13,0.00010804200064740144,,0.8341569023654092,0.9992264192564008,0.9996131347958573,0.12462006079027356,0.8723404255319149,0.00303951367781155,0.00303951367781155,3.0135278701782227
50,20,0.2,random,0,1,10,3,unet,True,True,12,12,15,0.00011525000081746839,,0.9254782112898435,1.2349338590887957,1.1112757799433928,0.1702127659574468,0.8267477203647416,0.0,0.0060790273556231,3.2098388671875
51,20,0.2,random,3,0,1,7,dijkstra,True,True,9,9,56,0.00011099999937869143,,16.471875,329.559375,18.153770269561086,0.996875,0.0,0.9625,0.0,0.0
51,20,0.2,random,3,0,1,7,manhattan,True,True,9,9,21,5.279200013319496e-05,,2.7375,13.5,3.6742346141747673,0.784375,0.0,0.346875,0.0,0.0
51,20,0.2,random,3,0,1,7,mlp_table,True,True,9,9,10,7.741599984001368e-05,,1.9037896510213614,6.1342293516513084,2.476737642878492,0.75,0.246875,0.165625,0.0,2.347749710083008
51,20,0.2,random,3,0,1,7,unet,True,True,9,9,13,0.00010170799941988662,,1.460778429172933,4.360326002101679,2.08813936366845,0.765625,0.234375,0.109375,0.00625,3.651845932006836
52,20,0.2,random,7,13,5,3,dijkstra,True,True,16,16,239,0.0005079169986856868,,14.996794871794872,276.5673076923077,16.630312916247476,0.9967948717948718,0.0,0.9391025641025641,0.0,0.0
52,20,0.2,random,7,13,5,3,manhattan,True,True,16,16,53,0.0001253749996976694,,1.7564102564102564,9.948717948717949,3.154158833780878,0.40705128205128205,0.0,0.2467948717948718,0.0,0.0
52,20,0.2,random,7,13,5,3,mlp_table,True,True,16,16,38,0.00020441699962248094,,1.3661886545327993,4.528164735970472,2.1279484805724205,0.3782051282051282,0.6185897435897436,0.1282051282051282,0.0,2.073592185974121
52,20,0.2,random,7,13,5,3,unet,True,True,16,16,40,0.00021670800015272107,,1.5461086045282009,3.7400702919250524,1.9339261340405565,0.34615384615384615,0.6538461538461539,0.0673076923076923,0.022435897435897436,5.471254348754883
53,20,0.2,random,3,3,3,18,dijkstra,True,True,21,21,235,0.0005075829994893866,,16.285714285714285,326.54037267080747,18.07042812638393,0.9968944099378882,0.0,0.9472049689440993,0.0,0.0
53,20,0.2,random,3,3,3,18,manhattan,True,True,21,21,54,0.00014220899902284145,,0.484472049689441,2.062111801242236,1.4360055018147513,0.14906832298136646,0.0,0.055900621118012424,0.0,0.0
53,20,0.2,random,3,3,3,18,mlp_table,True,True,21,21,27,0.0001705840004433412,,1.029964760223531,1.915840723233295,1.3841389826290187,0.09627329192546584,0.9006211180124224,0.018633540372670808,0.027950310559006212,3.946523666381836
53,20,0.2,random,3,3,3,18,unet,True,True,21,21,38,0.00022304100093606394,,1.0665901427313407,2.536685830486954,1.5926976582160703,0.5869565217391305,0.41304347826086957,0.027950310559006212,0.055900621118012424,5.51922607421875
54,20,0.2,random,0,8,6,18,dijkstra,True,True,16,16,175,0.00035683299938682467,,14.751572327044025,260.20440251572325,16.13085250430749,0.9968553459119497,0.0,0.9591194968553459,0.0,0.0
54,20,0.2,random,0,8,6,18,manhattan,True,True,16,16,51,0.0001200420010718517,,0.7421383647798742,1.7610062893081762,1.3270291214996663,0.33962264150943394,0.0,0.02830188679245283,0.0,0.0
54,20,0.2,random,0,8,6,18,mlp_table,True,True,16,16,20,0.0001254580001841532,,0.839781403916437,1.0595743316542097,1.0293562705177493,0.20754716981132076,0.789308176100629,0.006289308176100629,0.0,2.8842105865478516
54,20,0.2,random,0,8,6,18,unet,True,True,16,16,37,0.00019779099966399372,,0.8401575553342231,1.1707445204576818,1.0820094826098716,0.3490566037735849,0.6509433962264151,0.0031446540880503146,0.0031446540880503146,3.3322277069091797
55,20,0.2,random,2,10,13,19,dijkstra,True,True,20,20,279,0.0005715409988624742,,15.358662613981762,286.1003039513678,16.914499813809684,0.9969604863221885,0.0,0.9604863221884499,0.0,0.0
55,20,0.2,random,2,10,13,19,manhattan,True,True,20,20,102,0.0002479169997968711,,0.45592705167173253,1.8358662613981762,1.3549414236040525,0.14285714285714285,0.0,0.060790273556231005,0.0,0.0
55,20,0.2,random,2,10,13,19,mlp_table,True,True,20,20,40,0.0002422500001557637,,1.0044572255531705,1.7386742041819423,1.318587958454779,0.0790273556231003,0.9179331306990881,0.015197568389057751,0.0243161094224924,3.716862678527832
55,20,0.2,random,2,10,13,19,unet,True,True,20,20,94,0.0005304999995132675,,0.8142717616536335,1.2042803200842136,1.0973970658263186,0.3860182370820669,0.6139817629179332,0.0121580547112462,0.00303951367781155,3.0864105224609375
56,20,0.2,random,4,0,19,13,dijkstra,True,True,28,28,290,0.0005798749989480712,,15.533123028391167,295.8864353312303,17.201349811315108,0.9968454258675079,0.0,0.9495268138801262,0.0,0.0
56,20,0.2,random,4,0,19,13,manhattan,True,True,28,28,117,0.0002696660012588836,,0.750788643533123,2.586750788643533,1.6083378962903079,0.2555205047318612,0.0,0.10725552050473186,0.0,0.0
56,20,0.2,random,4,0,19,13,mlp_table,True,True,28,28,56,0.00029395799901976716,,0.8472457650332045,1.2502634566592634,1.11815180394223,0.2113564668769716,0.7854889589905363,0.00946372239747634,0.012618296529968454,3.716862678527832
56,20,0.2,random,4,0,19,13,unet,True,True,28,28,89,0.0004661670009227237,,0.8844095021016214,1.5207639918469305,1.2331926012780527,0.61198738170347,0.38801261829652994,0.006309148264984227,0.025236593059936908,4.432024955749512
57,20,0.2,random,18,4,4,5,dijkstra,True,True,17,17,160,0.0003305829995952081,,13.697452229299364,232.02866242038218,15.232487072713443,0.9968152866242038,0.0,0.9426751592356688,0.0,0.0
57,20,0.2,random,18,4,4,5,manhattan,True,True,17,17,36,8.720799996808637e-05,,0.8662420382165605,2.8025477707006368,1.674081172076383,0.3375796178343949,0.0,0.06687898089171974,0.0,0.0
57,20,0.2,random,18,4,4,5,mlp_table,True,True,17,17,18,0.00013337500058696605,,0.8331048936600898,1.5844218781314312,1.2587382087358083,0.22929936305732485,0.767515923566879,0.028662420382165606,0.0,1.9376106262207031
57,20,0.2,random,18,4,4,5,unet,True,False,17,21,51,0.00030241700005717576,,1.5952987986005795,3.6839379007502946,1.919358721227039,0.12738853503184713,0.8694267515923567,0.01910828025477707,0.09872611464968153,5.264897346496582
58,20,0.2,random,17,12,18,9,dijkstra,True,True,4,4,29,6.391699935193174e-05,,14.20923076923077,247.9323076923077,15.745866368425324,0.9969230769230769,0.0,0.9476923076923077,0.0,0.0
58,20,0.2,random,17,12,18,9,manhattan,True,True,4,4,8,2.3582999347127043e-05,,0.7692307692307693,2.8184615384615386,1.6788274296250758,0.24923076923076923,0.0,0.11384615384615385,0.0,0.0
58,20,0.2,random,17,12,18,9,mlp_table,True,True,4,4,5,4.8207999498117715e-05,,1.064971365561852,1.9153103237182418,1.3839473702848104,0.19076923076923077,0.8061538461538461,0.027692307692307693,0.003076923076923077,3.0007972717285156
58,20,0.2,random,17,12,18,9,unet,True,True,4,4,6,4.837499909626786e-05,,0.9256613411353185,1.6843796690069415,1.2978365340084017,0.4584615384615385,0.5384615384615384,0.036923076923076927,0.0,2.9437122344970703
59,20,0.2,random,0,10,14,0,dijkstra,True,True,24,24,279,0.0005653330008499324,,15.55483870967742,293.10322580645163,17.120257761098447,0.9967741935483871,0.0,0.9580645161290322,0.0,0.0
59,20,0.2,random,0,10,14,0,manhattan,True,True,24,24,71,0.0001638329995330423,,0.6193548387096774,1.5741935483870968,1.2546687006485404,0.2806451612903226,0.0,0.01935483870967742,0.0,0.0
59,20,0.2,random,0,10,14,0,mlp_table,True,True,24,24,42,0.00023158299882197753,,0.9849083954288114,1.7298751583575565,1.315247185268821,0.15483870967741936,0.8419354838709677,0.00967741935483871,0.025806451612903226,3.7599239349365234
59,20,0.2,random,0,10,14,0,unet,True,True,24,24,74,0.0003982500002166489,,0.8645917507909959,1.3669033019254497,1.1691463988420996,0.44516129032258067,0.5548387096774193,0.0064516129032258064,0.02258064516129032,4.174525260925293
60,20,0.2,random,8,10,18,15,dijkstra,True,True,17,17,294,0.0006280830002651783,,16.246913580246915,322.30864197530866,17.9529563575281,0.9969135802469136,0.0,0.9444444444444444,0.0,0.0
60,20,0.2,random,8,10,18,15,manhattan,True,True,17,17,44,0.00010600000132399146,,1.2654320987654322,3.814814814814815,1.9531550923607717,0.47530864197530864,0.0,0.15432098765432098,0.0,0.0
60,20,0.2,random,8,10,18,15,mlp_table,True,True,17,17,27,0.00015741700008220505,,0.9775106855380682,1.5661333359154823,1.2514524904747613,0.39197530864197533,0.6049382716049383,0.015432098765432098,0.0030864197530864196,3.033884048461914
60,20,0.2,random,8,10,18,15,unet,True,True,17,17,28,0.00017833300080383196,,1.0227976434484676,1.7712732728562428,1.3308919087800641,0.6820987654320988,0.3148148148148148,0.024691358024691357,0.0,2.6835250854492188
61,20,0.2,random,17,10,2,14,dijkstra,True,True,21,21,247,0.0005203329983487492,,18.09032258064516,401.68387096774194,20.04205256374062,0.9967741935483871,0.0,0.9387096774193548,0.0,0.0
61,20,0.2,random,17,10,2,14,manhattan,True,True,21,21,84,0.00020133399993937928,,4.670967741935484,62.58064516129032,7.910792954014807,0.6838709677419355,0.0,0.3096774193548387,0.0,0.0
61,20,0.2,random,17,10,2,14,mlp_table,True,True,21,21,69,0.00038058300015109126,,4.31351240950246,50.844603782647205,7.130540216747059,0.6096774193548387,0.3870967741935484,0.3032258064516129,0.012903225806451613,3.5670223236083984
61,20,0.2,random,17,10,2,14,unet,True,True,21,21,79,0.0004297499999665888,,4.030532852295907,45.59134828861533,6.752136572124066,0.7290322580645161,0.2709677419354839,0.2903225806451613,0.00967741935483871,3.8773860931396484
62,20,0.2,random,18,16,14,17,dijkstra,True,True,5,5,29,6.058300095901359e-05,,14.589905362776026,256.58359621451103,16.01822699971851,0.9968454258675079,0.0,0.9558359621451105,0.0,0.0
62,20,0.2,random,18,16,14,17,manhattan,True,True,5,5,9,2.5458000891376287e-05,,0.889589905362776,3.2681388012618298,1.807799436127202,0.29337539432176657,0.0,0.12302839116719243,0.0,0.0
62,20,0.2,random,18,16,14,17,mlp_table,True,True,5,5,6,4.970800000592135e-05,,0.9187888294364376,1.4808268795271213,1.2168923039969977,0.20504731861198738,0.7917981072555205,0.028391167192429023,0.0,2.337186813354492
62,20,0.2,random,18,16,14,17,unet,True,True,5,5,6,5.1916000302298926e-05,,0.8647802631937743,1.5660408132395809,1.2514155238127667,0.5394321766561514,0.45741324921135645,0.03470031545741325,0.00946372239747634,3.453052520751953
63,20,0.2,random,9,9,12,5,dijkstra,True,True,7,7,69,0.00014600000031350646,,11.99696048632219,176.24620060790272,13.275774953195867,0.9969604863221885,0.0,0.9452887537993921,0.0,0.0
63,20,0.2,random,9,9,12,5,manhattan,True,True,7,7,10,3.058400034205988e-05,,0.6382978723404256,2.346504559270517,1.5318304603547082,0.2127659574468085,0.0,0.08206686930091185,0.0,0.0
63,20,0.2,random,9,9,12,5,mlp_table,True,True,7,7,8,6.008300078974571e-05,,0.9717884723176348,1.60939389400719,1.2686188923420578,0.19148936170212766,0.8054711246200608,0.030395136778115502,0.0,2.6016063690185547
63,20,0.2,random,9,9,12,5,unet,True,True,7,7,8,5.4332998843165115e-05,,0.8763564169225722,1.48788788934394,1.2197901005271112,0.3829787234042553,0.6139817629179332,0.03343465045592705,0.0060790273556231,3.267486572265625
64,20,0.2,random,19,9,8,14,dijkstra,True,True,20,20,191,0.00043812500007334165,,11.914285714285715,169.95873015873016,13.0368220881751,0.9968253968253968,0.0,0.9587301587301588,0.0,0.0
64,20,0.2,random,19,9,8,14,manhattan,True,True,20,20,63,0.00014687499970023055,,0.8317460317460318,2.831746031746032,1.6827792581756027,0.2984126984126984,0.0,0.09206349206349207,0.0,0.0
64,20,0.2,random,19,9,8,14,mlp_table,True,True,20,20,29,0.00017212499915331136,,1.116159096596733,2.2243145488245637,1.4914136075631614,0.27936507936507937,0.7174603174603175,0.050793650793650794,0.015873015873015872,3.716862678527832
64,20,0.2,random,19,9,8,14,unet,True,True,20,20,37,0.00021304199981386773,,1.1256902582115598,2.224005156670087,1.4913098794918804,0.2698412698412698,0.7301587301587301,0.025396825396825397,0.022222222222222223,3.751725196838379
65,20,0.2,random,6,3,0,16,dijkstra,True,True,21,21,274,0.0005536659991776105,,19.022435897435898,417.99038461538464,20.444813146991212,0.9967948717948718,0.0,0.9775641025641025,0.0,0.0
65,20,0.2,random,6,3,0,16,manhattan,True,True,21,21,105,0.00023424999926646706,,3.0384615384615383,14.153846153846153,3.762159772503841,0.8910256410256411,0.0,0.3525641025641026,0.0,0.0
65,20,0.2,random,6,3,0,16,mlp_table,True,True,21,21,86,0.0004400829984660959,,2.1471877862245607,8.250211408538854,2.872318124536148,0.7948717948717948,0.20192307692307693,0.2724358974358974,0.0,2.512086868286133
65,20,0.2,random,6,3,0,16,unet,True,True,21,21,35,0.00023424999926646706,,1.5707990370499783,4.034105575175628,2.008508296018622,0.2403846153846154,0.7596153846153846,0.05128205128205128,0.060897435897435896,5.884857177734375
66,20,0.2,random,14,13,5,7,dijkstra,True,True,15,15,197,0.00040920799983723555,,12.234920634920634,177.35873015873017,13.31760977648505,0.9968253968253968,0.0,0.9523809523809523,0.0,0.0
66,20,0.2,random,14,13,5,7,manhattan,True,True,15,15,52,0.00012475000039557926,,0.9333333333333333,3.4412698412698415,1.8550659937775371,0.3333333333333333,0.0,0.08253968253968254,0.0,0.0
66,20,0.2,random,14,13,5,7,mlp_table,True,True,15,15,16,0.00012187500033178367,,0.9070981869621882,1.8563315255871589,1.3624725779211702,0.2698412698412698,0.726984126984127,0.04126984126984127,0.0,1.7176666259765625
66,20,0.2,random,14,13,5,7,unet,True,True,15,15,36,0.00021870799901080318,,0.8396572890735808,1.1438275774011966,1.069498750537464,0.346031746031746,0.653968253968254,0.006349206349206349,0.0,2.647271156311035
67,20,0.2,random,13,13,6,19,dijkstra,True,True,13,13,137,0.0002839999997377163,,16.192926045016076,310.0,17.60681686165901,0.9967845659163987,0.0,0.9646302250803859,0.0,0.0
67,20,0.2,random,13,13,6,19,manhattan,True,True,13,13,32,7.441599882440642e-05,,0.9839228295819936,3.0739549839228295,1.7532697978128835,0.3954983922829582,0.0,0.06430868167202572,0.0,0.0
67,20,0.2,random,13,13,6,19,mlp_table,True,True,13,13,14,9.066699931281619e-05,,1.0520807201839337,2.2407262677253357,1.4969055640638576,0.2315112540192926,0.7652733118971061,0.04180064308681672,0.006430868167202572,3.396686553955078
67,20,0.2,random,13,13,6,19,unet,True,True,13,13,27,0.00015216599967970978,,0.965512759432532,1.8745225358211055,1.3691320373948983,0.2572347266881029,0.7427652733118971,0.02572347266881029,0.028938906752411574,4.548369407653809
68,20,0.2,random,4,13,9,12,dijkstra,True,True,6,6,52,0.00010875000043597538,,10.538709677419355,132.0483870967742,11.49123087822946,0.9967741935483871,0.0,0.9387096774193548,0.0,0.0
68,20,0.2,random,4,13,9,12,manhattan,True,True,6,6,10,2.5499999537714757e-05,,0.12903225806451613,0.25806451612903225,0.508000508000762,0.06451612903225806,0.0,0.0,0.0,0.0
68,20,0.2,random,4,13,9,12,mlp_table,True,True,6,6,7,5.108299956191331e-05,,0.8871371619163021,1.1533150483175039,1.0739250664350395,0.04516129032258064,0.9516129032258065,0.0,0.00967741935483871,3.716862678527832
68,20,0.2,random,4,13,9,12,unet,True,True,6,6,8,5.2374998631421477e-05,,1.3756066846270716,3.138077186745891,1.7714618784342753,0.0967741935483871,0.9032258064516129,0.0,0.11290322580645161,5.6331987380981445
69,20,0.2,random,17,18,3,12,dijkstra,True,True,24,24,182,0.00036333400021248963,,16.025806451612905,314.49032258064517,17.73387500183322,0.9967741935483871,0.0,0.9580645161290322,0.0,0.0
69,20,0.2,random,17,18,3,12,manhattan,True,True,24,24,79,0.00017549999938637484,,3.3419354838709676,19.741935483870968,4.443189787064128,0.7709677419354839,0.0,0.5,0.0,0.0
69,20,0.2,random,17,18,3,12,mlp_table,True,True,24,24,63,0.00032895900039875414,,2.6503535459118504,12.921303520533423,3.594621471105605,0.7709677419354839,0.22580645161290322,0.32903225806451614,0.0,2.377312660217285
69,20,0.2,random,17,18,3,12,unet,True,True,24,24,64,0.00034241699904669076,,2.0540827314699848,8.059530520357363,2.8389312285360777,0.6483870967741936,0.35161290322580646,0.23225806451612904,0.035483870967741936,3.7453441619873047
70,20,0.2,random,0,13,13,6,dijkstra,True,True,22,22,232,0.0004893330005870666,,11.869969040247678,170.53250773993807,13.05880958356994,0.9969040247678018,0.0,0.9473684210526315,0.0,0.0
70,20,0.2,random,0,13,13,6,manhattan,True,True,22,22,57,0.0001295000001846347,,0.7554179566563467,2.0309597523219813,1.4251174521147305,0.3126934984520124,0.0,0.06501547987616099,0.0,0.0
70,20,0.2,random,0,13,13,6,mlp_table,True,True,22,22,40,0.00021270899924275,,0.8194985249463249,0.9869608097531968,0.9934590126186368,0.25077399380804954,0.7461300309597523,0.006191950464396285,0.0,2.633389472961426
70,20,0.2,random,0,13,13,6,unet,True,True,22,22,42,0.00022304100093606394,,0.920901846590426,1.2353305512737107,1.111454250643593,0.28173374613003094,0.718266253869969,0.0,0.0030959752321981426,3.004526138305664
71,20,0.2,random,1,6,8,4,dijkstra,True,True,9,9,75,0.00015454200001840945,,12.488817891373802,192.57188498402556,13.87702723871455,0.9968051118210862,0.0,0.9361022364217252,0.0,0.0
71,20,0.2,random,1,6,8,4,manhattan,True,True,9,9,23,5.9915999372606166e-05,,0.9712460063897763,2.8115015974440896,1.6767532905720177,0.38977635782747605,0.0,0.08306709265175719,0.0,0.0
71,20,0.2,random,1,6,8,4,mlp_table,True,True,9,9,10,8.80839997989824e-05,,1.0574899188245828,1.9089756068088488,1.3816568339529351,0.3226837060702875,0.6741214057507987,0.04472843450479233,0.009584664536741214,3.4921436309814453
71,20,0.2,random,1,6,8,4,unet,True,True,9,9,13,9.758300075191073e-05,,0.9758370624373134,1.5796578679432924,1.2568444088045634,0.4217252396166134,0.5782747603833865,0.009584664536741214,0.009584664536741214,3.787266731262207
72,20,0.2,random,10,0,13,17,dijkstra,True,True,22,22,266,0.0005597090002993355,,14.724137931034482,264.29153605015676,16.257045735623578,0.9968652037617555,0.0,0.9498432601880877,0.0,0.0
72,20,0.2,random,10,0,13,17,manhattan,True,True,22,22,78,0.00018716700105869677,,1.2413793103448276,4.990595611285267,2.233964102505962,0.3793103448275862,0.0,0.18808777429467086,0.0,0.0
72,20,0.2,random,10,0,13,17,mlp_table,True,True,22,22,32,0.0002381249996687984,,1.008767531209605,2.223879298547642,1.4912676817217094,0.30407523510971785,0.6927899686520376,0.05329153605015674,0.0,2.0549564361572266
72,20,0.2,random,10,0,13,17,unet,True,True,22,22,45,0.00030824999885226134,,1.0960408677128042,2.2956176826320154,1.5151295926857264,0.438871473354232,0.5611285266457681,0.04075235109717868,0.012539184952978056,4.247345924377441
73,20,0.2,random,6,15,12,15,dijkstra,True,True,8,8,82,0.000171125000633765,,12.513931888544892,195.46749226006193,13.980968931374603,0.9969040247678018,0.0,0.9380804953560371,0.0,0.0
73,20,0.2,random,6,15,12,15,manhattan,True,True,8,8,18,4.6999999540275894e-05,,0.6501547987616099,2.3157894736842106,1.5217718205053643,0.2260061919504644,0.0,0.07430340557275542,0.0,0.0
73,20,0.2,random,6,15,12,15,mlp_table,True,True,8,8,9,6.616700011363719e-05,,0.8429751259623667,1.2887871829589943,1.1352476306775514,0.15789473684210525,0.8390092879256966,0.018575851393188854,0.0,2.372624397277832
73,20,0.2,random,6,15,12,15,unet,True,True,8,8,14,9.074999979929999e-05,,0.7587928781199381,1.1591177443997014,1.0766233066396536,0.3188854489164087,0.6811145510835913,0.018575851393188854,0.0030959752321981426,3.1046276092529297
74,20,0.2,random,17,16,7,9,dijkstra,True,True,17,17,150,0.0003185840014339192,,10.603174603174603,133.04126984126984,11.53435173042984,0.9968253968253968,0.0,0.9396825396825397,0.0,0.0
74,20,0.2,random,17,16,7,9,manhattan,True,True,17,17,53,0.00012733299990941305,,0.4253968253968254,1.4095238095238096,1.1872336794093274,0.15555555555555556,0.0,0.044444444444444446,0.0,0.0
74,20,0.2,random,17,16,7,9,mlp_table,True,True,17,17,20,0.0001388749988109339,,0.7534278740958562,0.8202580340933295,0.9056809781006386,0.14603174603174604,0.8507936507936508,0.0031746031746031746,0.0,2.941509246826172
74,20,0.2,random,17,16,7,9,unet,True,True,17,17,37,0.00021962500068184454,,0.6935549298922221,0.8350351028507917,0.9138025513483707,0.40634920634920635,0.5936507936507937,0.0031746031746031746,0.0031746031746031746,3.2373485565185547
75,20,0.2,random,12,12,5,0,dijkstra,True,True,19,19,303,0.0006227089997992152,,16.71746031746032,335.8222222222222,18.325452851763913,0.9968253968253968,0.0,0.9555555555555556,0.0,0.0
75,20,0.2,random,12,12,5,0,manhattan,True,True,19,19,44,0.00010116600060428027,,1.0793650793650793,3.123809523809524,1.7674302033770737,0.4380952380952381,0.0,0.08253968253968254,0.0,0.0
75,20,0.2,random,12,12,5,0,mlp_table,True,True,19,19,33,0.00020066700017196126,,0.8423477679964095,1.3416302887616327,1.158287653720626,0.26031746031746034,0.7365079365079366,0.02857142857142857,0.0,2.4375343322753906
75,20,0.2,random,12,12,5,0,unet,True,True,19,19,48,0.00029925000126240775,,0.82322016954422,1.3283436746641155,1.1525379276466852,0.4666666666666667,0.5333333333333333,0.022222222222222223,0.0031746031746031746,3.005512237548828
76,20,0.2,random,11,9,7,9,dijkstra,True,True,6,6,43,9.233400123775937e-05,,10.700996677740864,137.45182724252493,11.723985126335027,0.9966777408637874,0.0,0.9335548172757475,0.0,0.0
76,20,0.2,random,11,9,7,9,manhattan,True,True,6,6,15,5.004199920222163e-05,,0.3920265780730897,0.8637873754152824,0.9294016222362012,0.18604651162790697,0.0,0.009966777408637873,0.0,0.0
76,20,0.2,random,11,9,7,9,mlp_table,True,True,6,6,7,5.433300066215452e-05,,0.7269293921334403,0.7406113072558772,0.8605877684791233,0.13953488372093023,0.8571428571428571,0.0033222591362126247,0.0,2.1429433822631836
76,20,0.2,random,11,9,7,9,unet,True,True,6,6,8,5.316699935065117e-05,,0.7900661294444455,0.9793130707383235,0.9896024811702543,0.3388704318936877,0.6611295681063123,0.0,0.009966777408637873,3.059833526611328
77,20,0.2,random,3,0,14,15,dijkstra,True,True,26,26,266,0.0005279590004647616,,12.98705501618123,209.96440129449837,14.490148422100388,0.9967637540453075,0.0,0.9352750809061489,0.0,0.0
77,20,0.2,random,3,0,14,15,manhattan,True,True,26,26,106,0.00024375000066356733,,0.6019417475728155,2.0064724919093853,1.4165000853898264,0.22006472491909385,0.0,0.061488673139158574,0.0,0.0
77,20,0.2,random,3,0,14,15,mlp_table,True,True,26,26,51,0.0002779589995043352,,0.8958369667090259,1.2622256210257807,1.1234881490366424,0.1488673139158576,0.8478964401294499,0.016181229773462782,0.0,2.6016063690185547
77,20,0.2,random,3,0,14,15,unet,True,True,26,26,64,0.00035133399978803936,,0.8144142181163467,1.1822099013385212,1.0872947628580398,0.32362459546925565,0.6763754045307443,0.009708737864077669,0.006472491909385114,3.5063037872314453
78,20,0.2,random,4,7,1,2,dijkstra,True,True,10,10,103,0.0002120000008289935,,18.090032154340836,391.2604501607717,19.780304602325305,0.9967845659163987,0.0,0.9581993569131833,0.0,0.0
78,20,0.2,random,4,7,1,2,manhattan,True,True,10,10,23,5.5750000683474354e-05,,1.5241157556270097,9.762057877813504,3.1244292083216583,0.2990353697749196,0.0,0.20257234726688103,0.0,0.0
78,20,0.2,random,4,7,1,2,mlp_table,True,True,10,10,17,0.00010970800030918326,,1.8218652788082503,6.545246445928559,2.558367926223388,0.28938906752411575,0.707395498392283,0.18006430868167203,0.03215434083601286,3.7540512084960938
78,20,0.2,random,4,7,1,2,unet,True,True,10,10,15,0.00010208400090050418,,1.9838618342899432,6.460536365785421,2.5417585183855333,0.36012861736334406,0.639871382636656,0.11254019292604502,0.13183279742765272,6.8658294677734375
79,20,0.2,random,8,15,10,7,dijkstra,True,True,10,10,129,0.00028058299903932493,,11.437888198757763,151.5062111801242,12.308785934450409,0.9968944099378882,0.0,0.9627329192546584,0.0,0.0
79,20,0.2,random,8,15,10,7,manhattan,True,True,10,10,19,4.787500074598938e-05,,1.173913043478261,3.1925465838509317,1.7867698743405462,0.48757763975155277,0.0,0.09316770186335403,0.0,0.0
79,20,0.2,random,8,15,10,7,mlp_table,True,True,10,10,11,8.345899914274924e-05,,0.949636139114451,1.4059504769555995,1.185727825833399,0.4503105590062112,0.546583850931677,0.037267080745341616,0.0,1.5738201141357422
79,20,0.2,random,8,15,10,7,unet,True,True,10,10,11,8.170799992512912e-05,,0.7357973019528833,0.9287168009950569,0.9636995387541996,0.4440993788819876,0.5559006211180124,0.009316770186335404,0.0,2.6788711547851562
80,20,0.2,random,14,10,6,15,dijkstra,True,True,15,15,223,0.00046754200047871564,,14.150641025641026,243.04166666666666,15.589793669791357,0.9967948717948718,0.0,0.9583333333333334,0.0,0.0
80,20,0.2,random,14,10,6,15,manhattan,True,True,15,15,51,0.00011741600064851809,,2.1538461538461537,8.076923076923077,2.8419928002940256,0.6891025641025641,0.0,0.33653846153846156,0.0,0.0
80,20,0.2,random,14,10,6,15,mlp_table,True,True,15,15,35,0.00019337499907123856,,1.5633005224741423,4.379167869533529,2.0926461405439594,0.6346153846153846,0.36217948717948717,0.15384615384615385,0.0,2.1429433822631836
80,20,0.2,random,14,10,6,15,unet,True,True,15,15,30,0.00018620799892232753,,1.0046925418652022,2.033844275338572,1.42612912295436,0.5,0.4967948717948718,0.02564102564102564,0.003205128205128205,3.5818090438842773
81,20,0.2,random,17,4,16,0,dijkstra,True,True,5,5,33,7.116699998732656e-05,,17.42367601246106,361.1557632398754,19.004098590563967,0.9968847352024922,0.0,0.9657320872274143,0.0,0.0
81,20,0.2,random,17,4,16,0,manhattan,True,True,5,5,6,1.7915999706019647e-05,,0.8847352024922118,3.439252336448598,1.854522131560742,0.27102803738317754,0.0,0.13395638629283488,0.0,0.0
81,20,0.2,random,17,4,16,0,mlp_table,True,True,5,5,6,4.904200068267528e-05,,0.983369563227502,1.5619753591209895,1.2497901260295625,0.21495327102803738,0.7819314641744548,0.009345794392523364,0.003115264797507788,3.033884048461914
81,20,0.2,random,17,4,16,0,unet,True,True,5,5,6,4.600000102072954e-05,,0.7419508287097063,0.989984898410898,0.9949798482436204,0.308411214953271,0.6915887850467289,0.003115264797507788,0.003115264797507788,3.124296188354492
82,20,0.2,random,15,13,12,13,dijkstra,True,True,5,5,33,9.31249996938277e-05,,11.291793313069908,154.50759878419453,12.430108558825804,0.9969604863221885,0.0,0.9422492401215805,0.0,0.0
82,20,0.2,random,15,13,12,13,manhattan,True,True,5,5,11,2.9167000320740044e-05,,0.541033434650456,1.3981762917933132,1.1824450481072315,0.23100303951367782,0.0,0.03951367781155015,0.0,0.0
82,20,0.2,random,15,13,12,13,mlp_table,True,True,5,5,6,4.4584001443581656e-05,,0.7843474957718313,0.8746979749381785,0.9352528935738068,0.19756838905775076,0.7993920972644377,0.0060790273556231,0.0,2.6016063690185547
82,20,0.2,random,15,13,12,13,unet,True,True,5,5,7,5.3875000958214514e-05,,0.6771669119687066,0.7201863608123585,0.8486379444806593,0.42857142857142855,0.5714285714285714,0.0,0.0,2.5410900115966797
83,20,0.2,random,2,9,9,5,dijkstra,True,True,11,11,118,0.00025016699873958714,,11.366366366366366,157.3843843843844,12.545293315996418,0.996996996996997,0.0,0.9309309309309309,0.0,0.0
83,20,0.2,random,2,9,9,5,manhattan,True,True,11,11,28,7.041699973342475e-05,,0.3783783783783784,0.8288288288288288,0.9104003673268309,0.18018018018018017,0.0,0.009009009009009009,0.0,0.0
83,20,0.2,random,2,9,9,5,mlp_table,True,True,11,11,15,9.758300075191073e-05,,0.83110292824181,1.012785607480371,1.0063724993661,0.11411411411411411,0.8828828828828829,0.006006006006006006,0.003003003003003003,3.0135278701782227
83,20,0.2,random,2,9,9,5,unet,True,True,11,11,20,0.00012162500024714973,,0.7358686737828068,0.8338653787699855,0.9131622959638585,0.3303303303303303,0.6696696696696697,0.0,0.003003003003003003,3.3168134689331055
84,20,0.2,random,16,10,17,19,dijkstra,True,True,10,10,138,0.00029270799859659746,,18.564954682779454,404.3897280966767,20.10944375403449,0.9969788519637462,0.0,0.9637462235649547,0.0,0.0
84,20,0.2,random,16,10,17,19,manhattan,True,True,10,10,19,5.31250007043127e-05,,1.3897280966767371,8.290030211480362,2.879241256213234,0.3081570996978852,0.0,0.18731117824773413,0.0,0.0
84,20,0.2,random,16,10,17,19,mlp_table,True,True,10,10,11,9.787500130187254e-05,,1.5154606867412785,4.9958639699317535,2.2351429417224646,0.23564954682779457,0.7613293051359517,0.1510574018126888,0.01812688821752266,3.5638694763183594
84,20,0.2,random,16,10,17,19,unet,True,True,10,10,13,0.00010166599895455875,,1.4510166439765169,3.9945542394280085,1.9986380961614858,0.39274924471299094,0.6072507552870091,0.09969788519637462,0.030211480362537766,4.339010238647461
85,20,0.2,random,1,5,12,8,dijkstra,True,True,14,14,138,0.00027766600032919087,,11.003048780487806,143.96036585365854,11.998348463586918,0.9969512195121951,0.0,0.9359756097560976,0.0,0.0
85,20,0.2,random,1,5,12,8,manhattan,True,True,14,14,31,7.929099956527352e-05,,0.6402439024390244,2.2804878048780486,1.5101284067515743,0.20426829268292682,0.0,0.10670731707317073,0.0,0.0
85,20,0.2,random,1,5,12,8,mlp_table,True,True,14,14,15,0.0001475830013077939,,0.8475292201449232,1.2086524777509626,1.0993873192605792,0.18597560975609756,0.8109756097560976,0.012195121951219513,0.0,2.659409523010254
85,20,0.2,random,1,5,12,8,unet,True,True,14,14,17,0.00016924999908951577,,0.7880260951635314,1.1229778914486335,1.0597065119402793,0.4481707317073171,0.551829268292683,0.012195121951219513,0.0,2.3728466033935547
86,20,0.2,random,17,9,16,3,dijkstra,True,True,7,7,60,0.00012445799984561745,,14.84375,265.80625,16.303565560944023,0.996875,0.0,0.96875,0.0,0.0
86,20,0.2,random,17,9,16,3,manhattan,True,True,7,7,12,3.0665998565382324e-05,,0.7125,3.4,1.8439088914585775,0.240625,0.0,0.046875,0.0,0.0
86,20,0.2,random,17,9,16,3,mlp_table,True,True,7,7,8,5.754099947807845e-05,,1.1461612056940793,3.3954076573780667,1.8426631969456782,0.1125,0.884375,0.04375,0.00625,3.193187713623047
86,20,0.2,random,17,9,16,3,unet,True,True,7,7,8,5.6999999287654646e-05,,1.1373963274527341,2.3162831154633308,1.5219340049632017,0.2,0.8,0.021875,0.034375,3.8551998138427734
87,20,0.2,random,2,2,17,13,dijkstra,True,True,26,26,282,0.0005624169989459915,,14.430817610062894,252.88993710691824,15.902513546823918,0.9968553459119497,0.0,0.9371069182389937,0.0,0.0
87,20,0.2,random,2,2,17,13,manhattan,True,True,26,26,104,0.000246166000579251,,1.2641509433962264,6.377358490566038,2.525343242128887,0.3238993710691824,0.0,0.18553459119496854,0.0,0.0
87,20,0.2,random,2,2,17,13,mlp_table,True,True,26,26,62,0.0003419999993639067,,1.1983721038830355,3.3240959469716476,1.8232103408470586,0.3018867924528302,0.6949685534591195,0.0660377358490566,0.0,2.8137683868408203
87,20,0.2,random,2,2,17,13,unet,True,True,26,26,45,0.00029154100047890097,,1.2639326822457824,3.219731258552611,1.7943609610534361,0.46226415094339623,0.5377358490566038,0.05345911949685535,0.009433962264150943,3.399409294128418
88,20,0.2,random,13,10,14,18,dijkstra,True,True,9,9,115,0.00024408299941569567,,15.367924528301886,289.88993710691824,17.026154501440374,0.9968553459119497,0.0,0.9465408805031447,0.0,0.0
88,20,0.2,random,13,10,14,18,manhattan,True,True,9,9,11,3.300000025774352e-05,,0.6981132075471698,3.358490566037736,1.8326184998623516,0.24842767295597484,0.0,0.03773584905660377,0.0,0.0
88,20,0.2,random,13,10,14,18,mlp_table,True,True,9,9,10,7.93330000306014e-05,,1.1690389442743745,3.5211439459611302,1.876471141787459,0.14465408805031446,0.8522012578616353,0.025157232704402517,0.0220125786163522,3.9600563049316406
88,20,0.2,random,13,10,14,18,unet,True,True,9,9,10,8.012500074983109e-05,,1.065519351067033,2.8647554637709427,1.6925588509032536,0.3710691823899371,0.6289308176100629,0.02830188679245283,0.012578616352201259,3.594186782836914
89,20,0.2,random,6,16,16,8,dijkstra,True,True,18,18,245,0.0005194170007598586,,12.44375,189.18125,13.754317503969435,0.996875,0.0,0.9375,0.0,0.0
89,20,0.2,random,6,16,16,8,manhattan,True,True,18,18,62,0.0001539169988973299,,0.34375,0.8625,0.9287087810503355,0.15,0.0,0.021875,0.0,0.0
89,20,0.2,random,6,16,16,8,mlp_table,True,True,18,18,26,0.00016966700059128925,,0.954684466868639,1.3731838797816827,1.171829287815287,0.125,0.871875,0.00625,0.009375,3.482907295227051
89,20,0.2,random,6,16,16,8,unet,True,True,18,18,39,0.00023962500017660204,,0.7240653314627707,0.9558710797722743,0.9776865958845269,0.3875,0.6125,0.00625,0.003125,3.1839170455932617
90,20,0.2,random,11,4,12,11,dijkstra,True,True,8,8,89,0.00018637500033946708,,11.303125,148.940625,12.204123278630055,0.996875,0.0,0.959375,0.0,0.0
90,20,0.2,random,11,4,12,11,manhattan,True,True,8,8,10,3.000000106112566e-05,,0.96875,4.1375,2.034084560680799,0.2875,0.0,0.134375,0.0,0.0
90,20,0.2,random,11,4,12,11,mlp_table,True,True,8,8,9,7.374999950116035e-05,,1.4055035695433618,3.6276118784858307,1.9046290658513616,0.29375,0.703125,0.109375,0.0125,3.482907295227051
90,20,0.2,random,11,4,12,11,unet,True,True,8,8,9,6.995900002948474e-05,,1.0904052695259452,2.336762058687234,1.5286471334769296,0.2875,0.7125,0.059375,0.003125,3.128970146179199
91,20,0.2,random,7,12,6,18,dijkstra,True,True,9,9,111,0.00026604199956636876,,15.228395061728396,273.44444444444446,16.536155673083282,0.9969135802469136,0.0,0.9506172839506173,0.0,0.0
91,20,0.2,random,7,12,6,18,manhattan,True,True,9,9,21,5.212499854678754e-05,,1.3209876543209877,4.7407407407407405,2.1773242158072694,0.44753086419753085,0.0,0.16666666666666666,0.0,0.0
91,20,0.2,random,7,12,6,18,mlp_table,True,True,9,9,10,7.266699867614079e-05,,0.8149667190916744,1.2005578038153577,1.0956996868738065,0.3888888888888889,0.6080246913580247,0.015432098765432098,0.0,2.1429433822631836
91,20,0.2,random,7,12,6,18,unet,True,True,9,9,18,0.00014729199938301463,,1.030773843512123,1.9704700090285954,1.403734308560062,0.7037037037037037,0.2962962962962963,0.027777777777777776,0.0,2.8493146896362305
92,20,0.2,random,12,11,4,9,dijkstra,True,True,12,12,181,0.0004032500000903383,,12.103857566765578,177.26112759643917,13.31394485479188,0.9970326409495549,0.0,0.9525222551928784,0.0,0.0
92,20,0.2,random,12,11,4,9,manhattan,True,True,12,12,24,6.312500045169145e-05,,0.4391691394658754,1.5905044510385757,1.2611520332769464,0.1632047477744807,0.0,0.02967359050445104,0.0,0.0
92,20,0.2,random,12,11,4,9,mlp_table,True,True,12,12,13,9.329199929197785e-05,,0.8305915378321526,1.1108897296970783,1.0539875377332877,0.10979228486646884,0.887240356083086,0.017804154302670624,0.0,2.659409523010254
92,20,0.2,random,12,11,4,9,unet,True,True,12,12,22,0.00014479200035566464,,0.8249101243493111,1.2543633032845423,1.1199836174179256,0.17507418397626112,0.8249258160237388,0.002967359050445104,0.020771513353115726,4.260293960571289
93,20,0.2,random,13,1,11,16,dijkstra,True,True,17,17,203,0.0004117090011277469,,12.73015873015873,194.9206349206349,13.961398028873575,0.9968253968253968,0.0,0.9619047619047619,0.0,0.0
93,20,0.2,random,13,1,11,16,manhattan,True,True,17,17,41,0.00010066699906019494,,0.7301587301587301,2.019047619047619,1.4209319544044392,0.2984126984126984,0.0,0.06349206349206349,0.0,0.0
93,20,0.2,random,13,1,11,16,mlp_table,True,True,17,17,18,0.00013720799870498013,,0.810687269861736,0.9335948845616491,0.9662271392181287,0.21587301587301588,0.780952380952381,0.0031746031746031746,0.0,2.6768970489501953
93,20,0.2,random,13,1,11,16,unet,True,True,17,17,20,0.00014224999904399738,,0.7907981607649062,0.923602008103349,0.9610421468922937,0.273015873015873,0.726984126984127,0.0,0.0031746031746031746,3.1570701599121094
94,20,0.2,random,18,16,17,9,dijkstra,True,True,8,8,55,0.00011370799984433688,,12.588957055214724,193.7116564417178,13.91803349765037,0.9969325153374233,0.0,0.9355828220858896,0.0,0.0
94,20,0.2,random,18,16,17,9,manhattan,True,True,8,8,16,4.229200021654833e-05,,0.2392638036809816,0.5030674846625767,0.7092725038111775,0.1165644171779141,0.0,0.003067484662576687,0.0,0.0
94,20,0.2,random,18,16,17,9,mlp_table,True,True,8,8,9,8.166599945980124e-05,,0.9388719585044253,1.3094694952349832,1.1443205386756734,0.04294478527607362,0.9539877300613497,0.003067484662576687,0.012269938650306749,3.379995346069336
94,20,0.2,random,18,16,17,9,unet,True,True,8,8,11,9.074999979929999e-05,,0.7116219244120311,0.8677377132263431,0.9315244029151051,0.4815950920245399,0.5184049079754601,0.0,0.006134969325153374,4.039974212646484
95,20,0.2,random,11,19,9,19,dijkstra,True,True,2,2,5,1.379100103804376e-05,,14.873417721518987,265.6455696202532,16.29863704793297,0.9968354430379747,0.0,0.9620253164556962,0.0,0.0
95,20,0.2,random,11,19,9,19,manhattan,True,True,2,2,3,8.416000127908774e-06,,0.43037974683544306,1.4430379746835442,1.2012651558600809,0.14556962025316456,0.0,0.06645569620253164,0.0,0.0
95,20,0.2,random,11,19,9,19,mlp_table,True,True,2,2,3,2.4124999981722794e-05,,0.893741102912758,1.1354228771366828,1.0655622352245235,0.07911392405063292,0.9177215189873418,0.0031645569620253164,0.0031645569620253164,3.0135278701782227
95,20,0.2,random,11,19,9,19,unet,True,True,2,2,3,2.1083000319777057e-05,,1.452560243350041,3.542062455031433,1.8820367836552592,0.07911392405063292,0.9208860759493671,0.0,0.0981012658227848,6.890641212463379
96,20,0.2,random,0,13,19,1,dijkstra,True,True,31,31,327,0.0006569170000148006,,19.972560975609756,462.3201219512195,21.501630681211587,0.9969512195121951,0.0,0.9664634146341463,0.0,0.0
96,20,0.2,random,0,13,19,1,manhattan,True,True,31,31,147,0.00035283300167066045,,1.7134146341463414,6.646341463414634,2.5780499342360756,0.5274390243902439,0.0,0.2621951219512195,0.0,0.0
96,20,0.2,random,0,13,19,1,mlp_table,True,True,31,31,58,0.0003254170005675405,,0.9598511584648272,1.7731848360675886,1.3316098663150513,0.5274390243902439,0.4695121951219512,0.039634146341463415,0.0,1.8131170272827148
96,20,0.2,random,0,13,19,1,unet,True,True,31,31,83,0.0004822920000151498,,1.1161422097101443,2.143496355933794,1.4640684259739345,0.6676829268292683,0.3323170731707317,0.039634146341463415,0.009146341463414634,3.880051612854004
97,20,0.2,random,8,7,9,16,dijkstra,True,True,10,10,147,0.00030683400109410286,,14.879256965944272,280.71826625386996,16.7546490937253,0.9969040247678018,0.0,0.934984520123839,0.0,0.0
97,20,0.2,random,8,7,9,16,manhattan,True,True,10,10,12,3.566699888324365e-05,,2.873065015479876,47.28173374613003,6.876171445370602,0.25077399380804954,0.0,0.19814241486068113,0.0,0.0
97,20,0.2,random,8,7,9,16,mlp_table,True,True,10,10,11,9.354199937661178e-05,,3.4206737054759873,42.51855384822929,6.520625265128283,0.2476780185758514,0.7492260061919505,0.19195046439628483,0.043343653250773995,4.667055130004883
97,20,0.2,random,8,7,9,16,unet,True,True,10,10,11,9.120899994741194e-05,,3.1960358748864093,39.308134562298264,6.26961996952752,0.33126934984520123,0.6687306501547987,0.18575851393188855,0.03715170278637771,4.701683044433594
98,20,0.2,random,8,5,12,17,dijkstra,True,True,16,16,216,0.00044845799857284874,,14.057432432432432,239.80067567567568,15.485498883654852,0.9966216216216216,0.0,0.9425675675675675,0.0,0.0
98,20,0.2,random,8,5,12,17,manhattan,True,True,16,16,26,6.929200026206672e-05,,0.9459459459459459,3.72972972972973,1.931250819994578,0.3310810810810811,0.0,0.07432432432432433,0.0,0.0
98,20,0.2,random,8,5,12,17,mlp_table,True,True,16,16,17,0.00012716699893644545,,1.088816467974637,2.6658648207351696,1.6327476292235643,0.20945945945945946,0.7871621621621622,0.060810810810810814,0.0,2.82692813873291
98,20,0.2,random,8,5,12,17,unet,True,True,16,16,18,0.0001263329995708773,,1.0931642975758862,2.1294237559254086,1.459254520611606,0.19932432432432431,0.8006756756756757,0.02027027027027027,0.02027027027027027,4.0036821365356445
99,20,0.2,random,13,10,12,14,dijkstra,True,True,5,5,21,4.554100087261759e-05,,12.238993710691824,184.42767295597486,13.580415050946524,0.9968553459119497,0.0,0.9371069182389937,0.0,0.0
99,20,0.2,random,13,10,12,14,manhattan,True,True,5,5,9,2.0958999812137336e-05,,0.8867924528301887,4.616352201257862,2.148569803673565,0.2358490566037736,0.0,0.1069182389937107,0.0,0.0
99,20,0.2,random,13,10,12,14,mlp_table,True,True,5,5,6,4.283300040697213e-05,,0.9677033101987539,2.14791258205517,1.4655758533952346,0.22955974842767296,0.7672955974842768,0.05345911949685535,0.0,2.372624397277832
99,20,0.2,random,13,10,12,14,unet,True,True,5,5,6,3.308300074422732e-05,,0.9901704851936244,1.7979325424613375,1.3408700691943785,0.3522012578616352,0.6477987421383647,0.03773584905660377,0.0031446540880503146,3.090656280517578
0,20,0.3,random,3,2,17,7,dijkstra,True,True,23,23,230,0.00044916700062458403,,15.948453608247423,306.77319587628864,17.5149420745913,0.9965635738831615,0.0,0.9347079037800687,0.0,0.0
0,20,0.3,random,3,2,17,7,manhattan,True,True,23,23,102,0.00026870799956668634,,2.549828178694158,17.47079037800687,4.179807457049532,0.47766323024054985,0.0,0.3436426116838488,0.0,0.0
0,20,0.3,random,3,2,17,7,mlp_table,True,True,23,23,88,0.0004603750003298046,,2.1340223620437673,10.345721392522243,3.2164765493505847,0.47766323024054985,0.5189003436426117,0.27147766323024053,0.0,2.0549564361572266
0,20,0.3,random,3,2,17,7,unet,True,True,23,23,74,0.0003772919990296941,,2.125940179535511,7.706431343567353,2.7760459908955673,0.40893470790378006,0.5910652920962199,0.15807560137457044,0.024054982817869417,6.021734237670898
1,20,0.3,random,2,5,9,3,dijkstra,True,True,11,11,90,0.0001808340002753539,,14.268482490272374,239.8326848249027,15.486532369284697,0.9961089494163424,0.0,0.9649805447470817,0.0,0.0
1,20,0.3,random,2,5,9,3,manhattan,True,True,11,11,31,7.35829999030102e-05,,2.178988326848249,7.003891050583658,2.646486548347385,0.8171206225680934,0.0,0.2140077821011673,0.0,0.0
1,20,0.3,random,2,5,9,3,mlp_table,True,True,11,11,18,0.00010195899994869251,,1.4231202662686893,3.484019629631609,1.866552873516207,0.7276264591439688,0.26848249027237353,0.14785992217898833,0.0,1.2625961303710938
1,20,0.3,random,2,5,9,3,unet,True,True,11,11,24,0.00012762500045937486,,2.279775900367633,7.17638715419121,2.678877965527958,0.13229571984435798,0.867704280155642,0.007782101167315175,0.2178988326848249,8.290740966796875
2,20,0.3,random,7,1,10,2,dijkstra,True,True,4,4,13,2.683300044736825e-05,,15.643979057591624,309.8324607329843,17.602058423178363,0.9947643979057592,0.0,0.9476439790575916,0.0,0.0
2,20,0.3,random,7,1,10,2,manhattan,True,True,4,4,6,1.5584000720991753e-05,,4.198952879581152,42.53403141361257,6.521811973187556,0.5602094240837696,0.0,0.42408376963350786,0.0,0.0
2,20,0.3,random,7,1,10,2,mlp_table,True,True,4,4,5,3.7583999073831365e-05,,3.5218411559209772,27.961239180311047,5.287838800522483,0.5549738219895288,0.4397905759162304,0.418848167539267,0.0,1.209306240081787
2,20,0.3,random,7,1,10,2,unet,True,True,4,4,5,3.479100087133702e-05,,3.33321225846001,16.418651842170224,4.051993563934946,0.4031413612565445,0.5968586387434555,0.2774869109947644,0.24083769633507854,7.2312469482421875
3,20,0.3,random,9,17,7,10,dijkstra,True,True,11,11,63,0.00013000000035390258,,11.813148788927336,158.53287197231833,12.590983757130271,0.9965397923875432,0.0,0.9653979238754326,0.0,0.0
3,20,0.3,random,9,17,7,10,manhattan,True,True,11,11,16,3.7292000342858955e-05,,1.5986159169550174,7.26643598615917,2.6956327617387297,0.4913494809688581,0.0,0.17647058823529413,0.0,0.0
3,20,0.3,random,9,17,7,10,mlp_table,True,True,11,11,12,7.000000005064066e-05,,1.3228253282890188,4.04902757499468,2.0122195643106844,0.46366782006920415,0.532871972318339,0.10380622837370242,0.0,1.654952049255371
3,20,0.3,random,9,17,7,10,unet,True,True,11,11,12,6.754199966962915e-05,,2.021883298987748,5.702659226308618,2.388024125989647,0.3079584775086505,0.6920415224913494,0.05190311418685121,0.17647058823529413,5.515539169311523
4,20,0.3,random,15,7,12,10,dijkstra,True,True,6,6,38,7.966699922690168e-05,,10.586345381526105,135.34939759036143,11.633976000936284,0.9959839357429718,0.0,0.9317269076305221,0.0,0.0
4,20,0.3,random,15,7,12,10,manhattan,True,True,6,6,10,2.3459000658476725e-05,,0.6506024096385542,2.36144578313253,1.536699639855665,0.21686746987951808,0.0,0.08835341365461848,0.0,0.0
4,20,0.3,random,15,7,12,10,mlp_table,True,True,6,6,8,8.125000022118911e-05,,0.8962368079457417,1.4839466354595536,1.2181734833181823,0.22088353413654618,0.7751004016064257,0.024096385542168676,0.0,2.941509246826172
4,20,0.3,random,15,7,12,10,unet,True,True,6,6,9,5.3625000873580575e-05,,1.7893879474645638,4.344058195360595,2.0842404360727182,0.10843373493975904,0.891566265060241,0.0,0.12449799196787148,5.160505294799805
5,20,0.3,random,6,4,5,14,dijkstra,True,True,15,15,155,0.0003127919990220107,,12.88663967611336,200.86234817813767,14.172591441868974,0.9959514170040485,0.0,0.951417004048583,0.0,0.0
5,20,0.3,random,6,4,5,14,manhattan,True,True,15,15,54,0.00012766700092470273,,1.611336032388664,7.562753036437247,2.7500460062401224,0.41700404858299595,0.0,0.2591093117408907,0.0,0.0
5,20,0.3,random,6,4,5,14,mlp_table,True,True,15,15,48,0.0002637920006236527,,1.5048304593514816,4.563173625632529,2.1361586143431692,0.4008097165991903,0.5951417004048583,0.17408906882591094,0.0,2.2681121826171875
5,20,0.3,random,6,4,5,14,unet,True,True,15,15,39,0.0002368339992244728,,2.0400693515534343,5.603366302333646,2.367143067567663,0.22672064777327935,0.7732793522267206,0.024291497975708502,0.20242914979757085,4.662265777587891
6,20,0.3,random,18,7,4,13,dijkstra,True,True,20,20,137,0.00026574999901640695,,14.02127659574468,259.8936170212766,16.121216362957128,0.9946808510638298,0.0,0.9095744680851063,0.0,0.0
6,20,0.3,random,18,7,4,13,manhattan,True,True,20,20,43,9.804100045585074e-05,,1.8829787234042554,10.957446808510639,3.3102034391424704,0.4787234042553192,0.0,0.2393617021276596,0.0,0.0
6,20,0.3,random,18,7,4,13,mlp_table,True,True,20,20,32,0.00018037500012724195,,1.650802046694654,7.974688701300953,2.8239491322084667,0.46808510638297873,0.526595744680851,0.13297872340425532,0.0,2.089029312133789
6,20,0.3,random,18,7,4,13,unet,True,True,20,20,42,0.00022454200006905012,,1.8617850784608658,6.5473068874401426,2.558770581244075,0.30851063829787234,0.6914893617021277,0.06914893617021277,0.11702127659574468,4.436214447021484
7,20,0.3,random,10,10,10,3,dijkstra,True,True,9,9,86,0.00017879200095194392,,14.01937984496124,252.08139534883722,15.877071371913562,0.9961240310077519,0.0,0.9302325581395349,0.0,0.0
7,20,0.3,random,10,10,10,3,manhattan,True,True,9,9,18,4.587500006891787e-05,,1.813953488372093,10.604651162790697,3.256478337528241,0.4496124031007752,0.0,0.2054263565891473,0.0,0.0
7,20,0.3,random,10,10,10,3,mlp_table,True,True,9,9,10,7.69159996707458e-05,,1.8246639070584791,8.292044136722918,2.8795909669123008,0.35271317829457366,0.6434108527131783,0.1821705426356589,0.0,2.6016063690185547
7,20,0.3,random,10,10,10,3,unet,True,True,9,9,13,8.604200047557242e-05,,2.218957064341205,8.271730045732705,2.8760615511029495,0.38372093023255816,0.6162790697674418,0.1511627906976744,0.13565891472868216,7.271099090576172
8,20,0.3,random,19,16,2,4,dijkstra,True,True,29,29,262,0.0005342499989637872,,16.25461254612546,312.13653136531366,17.667386093175008,0.996309963099631,0.0,0.977859778597786,0.0,0.0
8,20,0.3,random,19,16,2,4,manhattan,True,True,29,29,124,0.0002864159996533999,,1.2915129151291513,5.121771217712177,2.2631330534708245,0.4354243542435424,0.0,0.13653136531365315,0.0,0.0
8,20,0.3,random,19,16,2,4,mlp_table,True,True,29,29,57,0.00030279199927463196,,1.02058152519029,2.3434249542117627,1.53082492604862,0.3284132841328413,0.6678966789667896,0.05904059040590406,0.0,2.1049375534057617
8,20,0.3,random,19,16,2,4,unet,True,False,29,31,99,0.0005279169999994338,,4.393425450553753,26.39850155402257,5.137947212070456,0.07749077490774908,0.922509225092251,0.007380073800738007,0.6309963099630996,12.679710388183594
9,20,0.3,random,11,16,14,18,dijkstra,True,True,13,13,119,0.0002418750009383075,,21.85375494071146,563.5928853754941,23.740111317672756,0.9960474308300395,0.0,0.9604743083003953,0.0,0.0
9,20,0.3,random,11,16,14,18,manhattan,True,True,13,13,39,9.012500049720984e-05,,7.509881422924901,77.78656126482214,8.819668999731347,0.8893280632411067,0.0,0.8735177865612648,0.0,0.0
9,20,0.3,random,11,16,14,18,mlp_table,True,True,13,13,32,0.0001752500011207303,,6.413691917426973,57.31694230654925,7.570795354951106,0.8972332015810277,0.09881422924901186,0.8537549407114624,0.0,1.8165855407714844
9,20,0.3,random,11,16,14,18,unet,True,True,13,13,33,0.0001779590002115583,,3.9935458644105513,26.72596746491128,5.169716381476965,0.8537549407114624,0.14624505928853754,0.5454545454545454,0.007905138339920948,4.086791038513184
10,20,0.3,random,2,14,11,17,dijkstra,True,True,18,18,138,0.0002712090008571977,,13.974729241877256,236.48014440433212,15.377910924580494,0.9963898916967509,0.0,0.9530685920577617,0.0,0.0
10,20,0.3,random,2,14,11,17,manhattan,True,True,18,18,48,0.00012533399967651349,,1.4584837545126355,6.9891696750902526,2.6437037797548824,0.4332129963898917,0.0,0.16967509025270758,0.0,0.0
10,20,0.3,random,2,14,11,17,mlp_table,True,True,18,18,24,0.00015070799963723402,,1.2967126145689927,4.299540831369099,2.073533416988764,0.36462093862815886,0.631768953068592,0.08303249097472924,0.0,2.8842105865478516
10,20,0.3,random,2,14,11,17,unet,True,True,18,18,36,0.00020824999955948442,,1.480395576207216,4.301955587341879,2.074115615712364,0.26353790613718414,0.7364620938628159,0.05415162454873646,0.07220216606498195,4.117095947265625
11,20,0.3,random,11,2,18,2,dijkstra,True,True,11,11,70,0.0001396669995301636,,16.303418803418804,323.5769230769231,17.988244024276607,0.9957264957264957,0.0,0.9487179487179487,0.0,0.0
11,20,0.3,random,11,2,18,2,manhattan,True,True,11,11,24,5.69160001759883e-05,,1.7264957264957266,7.487179487179487,2.7362710916828923,0.49572649572649574,0.0,0.24358974358974358,0.0,0.0
11,20,0.3,random,11,2,18,2,mlp_table,True,True,11,11,16,0.00010237500100629404,,1.0784947301587489,2.2021917243043156,1.4839783436102818,0.49572649572649574,0.5,0.07264957264957266,0.0,1.5388965606689453
11,20,0.3,random,11,2,18,2,unet,True,True,11,11,12,8.191699998860713e-05,,1.1664211087756686,2.2204740175763003,1.490125503968139,0.3547008547008547,0.6410256410256411,0.01282051282051282,0.03418803418803419,5.461906433105469
12,20,0.3,random,8,19,16,13,dijkstra,True,True,14,14,116,0.00022862500009068754,,14.025,250.38214285714287,15.82346810459524,0.9964285714285714,0.0,0.9392857142857143,0.0,0.0
12,20,0.3,random,8,19,16,13,manhattan,True,True,14,14,39,9.216600119543727e-05,,1.5357142857142858,12.9,3.591656999213594,0.325,0.0,0.15,0.0,0.0
12,20,0.3,random,8,19,16,13,mlp_table,True,True,14,14,18,0.00011033400005544536,,1.5726978472300939,9.688871915716215,3.11269528153917,0.3,0.6964285714285714,0.11428571428571428,0.0035714285714285713,3.0135278701782227
12,20,0.3,random,8,19,16,13,unet,True,True,14,14,27,0.00015716599955339916,,1.7188220847930227,6.963791456392305,2.6388996677388676,0.26071428571428573,0.7392857142857143,0.075,0.075,5.789379119873047
13,20,0.3,random,14,8,1,14,dijkstra,True,True,25,25,218,0.0004257499986124458,,25.334763948497855,782.2961373390558,27.969557331839482,0.9957081545064378,0.0,0.9613733905579399,0.0,0.0
13,20,0.3,random,14,8,1,14,manhattan,True,True,25,25,97,0.0002172920012526447,,11.167381974248928,301.81974248927037,17.372960095771543,0.6609442060085837,0.0,0.5150214592274678,0.0,0.0
13,20,0.3,random,14,8,1,14,mlp_table,True,True,25,25,98,0.00047212500066962093,,10.502954634985699,275.178649781012,16.588509570814733,0.6566523605150214,0.33905579399141633,0.48068669527896996,0.0,2.377312660217285
13,20,0.3,random,14,8,1,14,unet,True,True,25,25,200,0.0009122499996010447,,11.465186403544676,205.38291575171488,14.331186822859957,0.3948497854077253,0.6051502145922747,0.3905579399141631,0.5450643776824035,22.286354064941406
14,20,0.3,random,0,3,10,3,dijkstra,True,True,14,14,33,6.362500062095933e-05,,16.858736059479554,353.0594795539034,18.789877049994324,0.9962825278810409,0.0,0.966542750929368,0.0,0.0
14,20,0.3,random,0,3,10,3,manhattan,True,True,14,14,20,4.629199975170195e-05,,4.869888475836431,43.97026022304833,6.631007481751799,0.8773234200743495,0.0,0.5799256505576208,0.0,0.0
14,20,0.3,random,0,3,10,3,mlp_table,True,True,14,14,17,0.00010462500176799949,,3.9714143577561503,33.213229115965056,5.7630919753171606,0.8698884758364313,0.12639405204460966,0.5204460966542751,0.0,1.654952049255371
14,20,0.3,random,0,3,10,3,unet,True,True,14,14,21,0.00011204099973838311,,2.7706564410025303,18.864247532660702,4.343299153024196,0.5315985130111525,0.4684014869888476,0.19330855018587362,0.08178438661710037,5.701596260070801
15,20,0.3,random,15,19,5,11,dijkstra,True,True,18,18,142,0.00028487499912444036,,13.99655172413793,234.76206896551724,15.321947296786961,0.996551724137931,0.0,0.9620689655172414,0.0,0.0
15,20,0.3,random,15,19,5,11,manhattan,True,True,18,18,55,0.00012904100003652275,,3.179310344827586,16.26206896551724,4.032625567234979,0.7206896551724138,0.0,0.5827586206896552,0.0,0.0
15,20,0.3,random,15,19,5,11,mlp_table,True,True,18,18,25,0.00014891699902364053,,2.6141670140726814,10.420508030859237,3.2280811685673636,0.7206896551724138,0.27586206896551724,0.4241379310344828,0.0,2.659409523010254
15,20,0.3,random,15,19,5,11,unet,True,True,18,18,23,0.0001544579990877537,,1.269063880320253,2.614656071663717,1.6169898180457776,0.5724137931034483,0.42758620689655175,0.06896551724137931,0.006896551724137931,3.891714096069336
16,20,0.3,random,14,8,10,9,dijkstra,True,True,5,5,18,4.1291999878012575e-05,,12.542986425339366,185.59276018099547,13.623243379643316,0.995475113122172,0.0,0.9547511312217195,0.0,0.0
16,20,0.3,random,14,8,10,9,manhattan,True,True,5,5,7,1.970899938896764e-05,,2.923076923076923,23.076923076923077,4.803844614152614,0.5294117647058824,0.0,0.334841628959276,0.0,0.0
16,20,0.3,random,14,8,10,9,mlp_table,True,True,5,5,6,4.666700078814756e-05,,2.472441252000731,15.640002247958536,3.9547442708674017,0.5294117647058824,0.4660633484162896,0.27601809954751133,0.0,1.468644142150879
16,20,0.3,random,14,8,10,9,unet,True,True,5,5,6,4.2499999835854396e-05,,2.5966219969464643,9.54410215340924,3.0893530315276756,0.29411764705882354,0.7058823529411765,0.10407239819004525,0.23076923076923078,5.925185203552246
17,20,0.3,random,6,19,11,13,dijkstra,True,True,11,11,72,0.00014266700054577086,,11.538461538461538,161.32600732600733,12.701417532149998,0.9963369963369964,0.0,0.9340659340659341,0.0,0.0
17,20,0.3,random,6,19,11,13,manhattan,True,True,11,11,22,6.475000009231735e-05,,0.967032967032967,3.457875457875458,1.8595363556207924,0.31868131868131866,0.0,0.14285714285714285,0.0,0.0
17,20,0.3,random,6,19,11,13,mlp_table,True,True,11,11,15,9.287499960919376e-05,,1.0292974959362995,1.9288743721711352,1.3888392175378457,0.2893772893772894,0.706959706959707,0.05128205128205128,0.0,2.09521484375
17,20,0.3,random,6,19,11,13,unet,True,True,11,11,13,9.629200030758511e-05,,1.4486231747400629,2.863399442663548,1.6921582203397967,0.22344322344322345,0.7765567765567766,0.018315018315018316,0.03296703296703297,5.012355804443359
18,20,0.3,random,1,13,12,18,dijkstra,True,True,48,48,251,0.000517459000548115,,32.95185185185185,1474.1,38.39400994946998,0.9962962962962963,0.0,0.9481481481481482,0.0,0.0
18,20,0.3,random,1,13,12,18,manhattan,True,True,48,48,204,0.00045279200094228145,,19.103703703703705,638.3851851851852,25.26628554388605,0.737037037037037,0.0,0.6481481481481481,0.0,0.0
18,20,0.3,random,1,13,12,18,mlp_table,True,True,48,48,192,0.0008891659999790136,,18.454801281293232,598.2855449546407,24.45987622525185,0.7185185185185186,0.2777777777777778,0.6259259259259259,0.0,1.663132667541504
18,20,0.3,random,1,13,12,18,unet,True,True,48,48,204,0.0009857910008577164,,17.439705987550592,527.708229174145,22.971900861142185,0.7222222222222222,0.2777777777777778,0.6222222222222222,0.03333333333333333,4.173505783081055
19,20,0.3,random,4,11,11,15,dijkstra,True,True,11,11,111,0.00022404199989978224,,15.018796992481203,297.9887218045113,17.26234983437977,0.9962406015037594,0.0,0.9398496240601504,0.0,0.0
19,20,0.3,random,4,11,11,15,manhattan,True,True,11,11,29,7.066700163704809e-05,,3.406015037593985,38.721804511278194,6.222684670725184,0.5075187969924813,0.0,0.3157894736842105,0.0,0.0
19,20,0.3,random,4,11,11,15,mlp_table,True,True,11,11,13,9.26669999898877e-05,,3.071692711428592,29.342321904372998,5.416855351989104,0.47368421052631576,0.5225563909774437,0.2932330827067669,0.0,1.8839330673217773
19,20,0.3,random,4,11,11,15,unet,True,True,11,11,18,0.00011233400073251687,,3.1192086536185184,18.460832027069266,4.296607036612642,0.3082706766917293,0.6879699248120301,0.19924812030075187,0.12030075187969924,4.413797378540039
20,20,0.3,random,11,14,10,19,dijkstra,True,True,8,8,45,9.10420003492618e-05,,8.112359550561798,79.95505617977528,8.941759121100013,0.9887640449438202,0.0,0.8426966292134831,0.0,0.0
20,20,0.3,random,11,14,10,19,manhattan,True,True,8,8,14,3.52080005541211e-05,,0.8539325842696629,2.4269662921348316,1.5578723606684957,0.34831460674157305,0.0,0.06741573033707865,0.0,0.0
20,20,0.3,random,11,14,10,19,mlp_table,True,True,8,8,10,6.774999928893521e-05,,0.9966741063621607,1.6946333442485397,1.3017808357202605,0.3146067415730337,0.6741573033707865,0.056179775280898875,0.0,2.6016063690185547
20,20,0.3,random,11,14,10,19,unet,True,True,8,8,13,7.833400013623759e-05,,1.6747995266753637,5.03170544359539,2.243146326835454,0.1797752808988764,0.8202247191011236,0.0,0.19101123595505617,6.232912063598633
21,20,0.3,random,1,18,17,16,dijkstra,True,True,24,24,191,0.00037316700036171824,,17.111913357400724,341.0324909747292,18.46706503412844,0.9963898916967509,0.0,0.9602888086642599,0.0,0.0
21,20,0.3,random,1,18,17,16,manhattan,True,True,24,24,75,0.00016675000006216578,,1.9566787003610109,10.469314079422382,3.235631944369196,0.516245487364621,0.0,0.21660649819494585,0.0,0.0
21,20,0.3,random,1,18,17,16,mlp_table,True,True,24,24,61,0.0003081249997194391,,1.507422354677524,5.83463248974795,2.4154983936545995,0.40794223826714804,0.5884476534296029,0.1588447653429603,0.0,2.347749710083008
21,20,0.3,random,1,18,17,16,unet,True,True,24,24,71,0.0003412909991311608,,2.557905247818262,8.182436403031248,2.8604958316752094,0.1552346570397112,0.8447653429602888,0.05776173285198556,0.33212996389891697,5.947010040283203
22,20,0.3,random,5,2,17,17,dijkstra,True,True,27,27,242,0.0004755000009026844,,18.05,386.35,19.655787951644168,0.9961538461538462,0.0,0.9653846153846154,0.0,0.0
22,20,0.3,random,5,2,17,17,manhattan,True,True,27,27,66,0.000158582999574719,,2.3692307692307693,13.476923076923077,3.671092899522304,0.5153846153846153,0.0,0.38461538461538464,0.0,0.0
22,20,0.3,random,5,2,17,17,mlp_table,True,True,27,27,39,0.00022241699844016694,,1.6694472849369049,6.240330018950515,2.49806525514257,0.5115384615384615,0.4846153846153846,0.2,0.0,1.2666196823120117
22,20,0.3,random,5,2,17,17,unet,True,True,27,27,47,0.0002964159994007787,,1.8876009021814053,4.97781484321759,2.2311017106392956,0.27692307692307694,0.7230769230769231,0.05,0.11153846153846154,5.024261474609375
23,20,0.3,random,1,6,17,5,dijkstra,True,True,25,25,236,0.00046962499982328154,,15.951219512195122,312.2229965156794,17.669832950983984,0.9965156794425087,0.0,0.9407665505226481,0.0,0.0
23,20,0.3,random,1,6,17,5,manhattan,True,True,25,25,65,0.0001570839995110873,,2.2439024390243905,12.432055749128919,3.525912045007493,0.554006968641115,0.0,0.3240418118466899,0.0,0.0
23,20,0.3,random,1,6,17,5,mlp_table,True,True,25,25,42,0.00024270900030387565,,1.7239444513354152,6.907575226836768,2.6282266315591523,0.49825783972125437,0.49825783972125437,0.1986062717770035,0.0,2.09521484375
23,20,0.3,random,1,6,17,5,unet,True,True,25,25,43,0.00024979200134112034,,1.5476276974229448,4.356318856669755,2.087179641686301,0.4181184668989547,0.5818815331010453,0.07665505226480836,0.017421602787456445,3.6085472106933594
24,20,0.3,random,9,9,8,13,dijkstra,True,True,15,15,89,0.000179667000338668,,13.952727272727273,253.45090909090908,15.920141616546918,0.9963636363636363,0.0,0.9418181818181818,0.0,0.0
24,20,0.3,random,9,9,8,13,manhattan,True,True,15,15,26,5.929199869569857e-05,,3.3381818181818184,33.70181818181818,5.805326707586592,0.4618181818181818,0.0,0.36,0.0,0.0
24,20,0.3,random,9,9,8,13,mlp_table,True,True,15,15,24,0.00012908300050185062,,3.105876415426081,26.69278936381498,5.166506495090757,0.4509090909090909,0.5454545454545454,0.32,0.0,1.8839330673217773
24,20,0.3,random,9,9,8,13,unet,True,True,15,15,23,0.00012099999912607018,,2.8710652932253753,18.614888405229017,4.31449746844624,0.48363636363636364,0.5127272727272727,0.2545454545454545,0.03272727272727273,4.842769622802734
25,20,0.3,random,14,9,3,17,dijkstra,True,True,25,25,216,0.00042750000102387276,,23.193308550185872,740.1895910780669,27.206425547617734,0.9962825278810409,0.0,0.9479553903345725,0.0,0.0
25,20,0.3,random,14,9,3,17,manhattan,True,True,25,25,78,0.00018291600099473726,,7.87360594795539,178.18587360594796,13.34862815445647,0.7286245353159851,0.0,0.5762081784386617,0.0,0.0
25,20,0.3,random,14,9,3,17,mlp_table,True,True,25,25,74,0.00039074999949662015,,7.320786057794847,150.9908101770761,12.287831793163353,0.6654275092936803,0.3308550185873606,0.550185873605948,0.0,2.659409523010254
25,20,0.3,random,14,9,3,17,unet,True,True,25,25,69,0.0003678339999169111,,6.986762062989203,129.8869808854231,11.396796957278088,0.5799256505576208,0.4163568773234201,0.3308550185873606,0.1970260223048327,7.003435134887695
26,20,0.3,random,6,14,4,11,dijkstra,True,True,9,9,57,0.00013416700130619574,,8.710843373493976,92.37349397590361,9.61111304563127,0.9879518072289156,0.0,0.9036144578313253,0.0,0.0
26,20,0.3,random,6,14,4,11,manhattan,True,True,9,9,15,4.6749999455641955e-05,,2.0240963855421685,8.674698795180722,2.9452841620428956,0.6144578313253012,0.0,0.25301204819277107,0.0,0.0
26,20,0.3,random,6,14,4,11,mlp_table,True,True,9,9,14,9.954199958883692e-05,,1.6963375778083343,6.03042820530073,2.4556930193533413,0.6265060240963856,0.3614457831325301,0.20481927710843373,0.0,1.0457634925842285
26,20,0.3,random,6,14,4,11,unet,True,True,9,9,12,7.000000005064066e-05,,2.1901024601545678,7.92891702036858,2.815833272828592,0.10843373493975904,0.891566265060241,0.0,0.18072289156626506,9.858480453491211
27,20,0.3,random,7,15,19,16,dijkstra,True,True,15,15,165,0.0003435830003581941,,17.0711743772242,344.4163701067616,18.558458182369613,0.99644128113879,0.0,0.9537366548042705,0.0,0.0
27,20,0.3,random,7,15,19,16,manhattan,True,True,15,15,35,8.508300015819259e-05,,1.3736654804270463,5.366548042704626,2.316581110754516,0.45195729537366547,0.0,0.17437722419928825,0.0,0.0
27,20,0.3,random,7,15,19,16,mlp_table,True,True,15,15,16,0.00012312500075495336,,1.0447166097545963,2.7671950748287504,1.6634888261809126,0.302491103202847,0.693950177935943,0.05338078291814947,0.0,2.667055130004883
27,20,0.3,random,7,15,19,16,unet,True,True,15,15,21,0.0001425419995939592,,1.4334234528482173,3.2550591081887186,1.8041782362584686,0.25622775800711745,0.7437722419928826,0.028469750889679714,0.060498220640569395,5.110897064208984
28,20,0.3,random,4,2,13,14,dijkstra,True,True,23,23,184,0.0003607080016081454,,13.142259414225942,218.80753138075315,14.792144245536315,0.99581589958159,0.0,0.9330543933054394,0.0,0.0
28,20,0.3,random,4,2,13,14,manhattan,True,True,23,23,74,0.0001702919998933794,,1.9414225941422594,8.870292887029288,2.978303692881115,0.5732217573221757,0.0,0.23430962343096234,0.0,0.0
28,20,0.3,random,4,2,13,14,mlp_table,True,True,23,23,65,0.000335750000886037,,1.7226171034649327,5.82157841611867,2.4127947314512004,0.5690376569037657,0.42677824267782427,0.17573221757322174,0.0,2.469583511352539
28,20,0.3,random,4,2,13,14,unet,True,True,23,23,47,0.0002562079989729682,,1.7981171410328174,5.232884889733151,2.287549975352047,0.33472803347280333,0.6652719665271967,0.04184100418410042,0.11297071129707113,7.800167083740234
29,20,0.3,random,13,10,11,6,dijkstra,True,True,6,6,28,5.862500074726995e-05,,21.30952380952381,638.5079365079365,25.268714579652375,0.996031746031746,0.0,0.9365079365079365,0.0,0.0
29,20,0.3,random,13,10,11,6,manhattan,True,True,6,6,8,2.191600106016267e-05,,10.492063492063492,229.4920634920635,15.148995461484022,0.6031746031746031,0.0,0.5436507936507936,0.0,0.0
29,20,0.3,random,13,10,11,6,mlp_table,True,True,6,6,7,5.091599996376317e-05,,10.086520487353916,207.60521792279187,14.408511995441856,0.6031746031746031,0.39285714285714285,0.5436507936507936,0.0,1.8165855407714844
29,20,0.3,random,13,10,11,6,unet,True,True,6,6,7,4.787500074598938e-05,,9.232566418274054,158.69608896340614,12.597463592462022,0.5515873015873016,0.44841269841269843,0.5,0.09126984126984126,6.099301338195801
30,20,0.3,random,2,0,4,2,dijkstra,True,True,4,4,14,2.9082999390084296e-05,,26.72463768115942,1039.0,32.2335229225724,0.9963768115942029,0.0,0.9420289855072463,0.0,0.0
30,20,0.3,random,2,0,4,2,manhattan,True,True,4,4,9,2.1916999685345218e-05,,12.478260869565217,355.4782608695652,18.85413113536567,0.7463768115942029,0.0,0.6956521739130435,0.0,0.0
30,20,0.3,random,2,0,4,2,mlp_table,True,True,4,4,5,3.9582999306730926e-05,,11.739565617796304,328.0199817871798,18.11132192268637,0.7536231884057971,0.2427536231884058,0.5652173913043478,0.0036231884057971015,3.0135278701782227
30,20,0.3,random,2,0,4,2,unet,True,True,4,4,7,5.145799877936952e-05,,10.49796417431123,285.8632724064301,16.907491605984315,0.6920289855072463,0.30434782608695654,0.4492753623188406,0.03985507246376811,5.26017951965332
31,20,0.3,random,0,14,5,7,dijkstra,True,True,12,12,57,0.000112292000267189,,12.307116104868914,181.49063670411985,13.471846076322274,0.9962546816479401,0.0,0.947565543071161,0.0,0.0
31,20,0.3,random,0,14,5,7,manhattan,True,True,12,12,22,5.270899964671116e-05,,1.1310861423220975,4.059925093632959,2.014925580172369,0.36329588014981273,0.0,0.1797752808988764,0.0,0.0
31,20,0.3,random,0,14,5,7,mlp_table,True,True,12,12,18,0.00010695899982238188,,1.236479322562057,2.4804379645130634,1.5749406225356763,0.36704119850187267,0.6292134831460674,0.0749063670411985,0.0,2.82692813873291
31,20,0.3,random,0,14,5,7,unet,True,True,12,12,14,8.70000003487803e-05,,3.294676913750752,14.208693872222469,3.7694421168420225,0.052434456928838954,0.9438202247191011,0.0,0.5655430711610487,8.221378326416016
32,20,0.3,random,2,16,9,4,dijkstra,True,True,25,25,138,0.0002640410002641147,,16.584,331.016,18.19384511311449,0.996,0.0,0.964,0.0,0.0
32,20,0.3,random,2,16,9,4,manhattan,True,True,25,25,74,0.0001655000014579855,,5.016,46.928,6.850401448090469,0.86,0.0,0.524,0.0,0.0
32,20,0.3,random,2,16,9,4,mlp_table,True,True,25,25,58,0.00028779200147255324,,4.080981715679169,37.55192098554859,6.127962221289275,0.844,0.152,0.452,0.0,1.0457634925842285
32,20,0.3,random,2,16,9,4,unet,True,True,25,25,65,0.00031908399978419766,,2.956136016845703,17.73456117579436,4.211242236655873,0.492,0.508,0.22,0.076,7.246063232421875
33,20,0.3,random,17,6,16,1,dijkstra,True,True,8,8,62,0.00014120800005912315,,18.87109375,407.87890625,20.19601213730077,0.99609375,0.0,0.9609375,0.0,0.0
33,20,0.3,random,17,6,16,1,manhattan,True,True,8,8,17,5.066599987912923e-05,,4.765625,29.78125,5.457219988235768,0.9140625,0.0,0.80078125,0.0,0.0
33,20,0.3,random,17,6,16,1,mlp_table,True,True,8,8,11,6.437500087486114e-05,,3.597998353186995,18.19201561410305,4.265209914424266,0.83203125,0.1640625,0.6484375,0.0,2.1943225860595703
33,20,0.3,random,17,6,16,1,unet,True,True,8,8,14,7.64579999668058e-05,,2.6134468542877585,10.736169119016274,3.276609393720325,0.74609375,0.25,0.35546875,0.0,2.472299575805664
34,20,0.3,random,2,1,18,11,dijkstra,True,True,30,30,250,0.0004900830008409685,,17.251851851851853,346.42962962962963,18.612620170992304,0.9962962962962963,0.0,0.9777777777777777,0.0,0.0
34,20,0.3,random,2,1,18,11,manhattan,True,True,30,30,183,0.0004783749991474906,,3.637037037037037,21.05185185185185,4.5882297078341505,0.762962962962963,0.0,0.6481481481481481,0.0,0.0
34,20,0.3,random,2,1,18,11,mlp_table,True,True,30,30,152,0.0007320000004256144,,2.8857883466614616,13.830008611274383,3.7188719541380264,0.7148148148148148,0.2814814814814815,0.45555555555555555,0.0,1.8763408660888672
34,20,0.3,random,2,1,18,11,unet,True,True,30,30,108,0.000608000000283937,,2.039479270246294,6.149731309688902,2.479865179740403,0.5740740740740741,0.4222222222222222,0.1814814814814815,0.037037037037037035,4.223152160644531
35,20,0.3,random,12,6,18,13,dijkstra,True,True,25,25,85,0.0001565830007166369,,18.740088105726873,444.26431718061673,21.07757854167828,0.9955947136563876,0.0,0.9427312775330396,0.0,0.0
35,20,0.3,random,12,6,18,13,manhattan,True,True,25,25,63,0.0001382080008625053,,5.127753303964758,46.731277533039645,6.836027906104513,0.7577092511013216,0.0,0.5462555066079295,0.0,0.0
35,20,0.3,random,12,6,18,13,mlp_table,True,True,25,25,51,0.00025683300009404775,,4.14860643269207,33.46797365208123,5.785151134765731,0.7577092511013216,0.23788546255506607,0.46255506607929514,0.0,1.2823333740234375
35,20,0.3,random,12,6,18,13,unet,True,True,25,25,52,0.0002613749984448077,,3.19719581667022,18.025151156156262,4.245603744599379,0.6519823788546255,0.3436123348017621,0.3656387665198238,0.022026431718061675,6.08653450012207
36,20,0.3,random,3,5,17,10,dijkstra,True,True,27,27,276,0.0005425839990493841,,15.749152542372881,315.3084745762712,17.756927509461516,0.9966101694915255,0.0,0.9559322033898305,0.0,0.0
36,20,0.3,random,3,5,17,10,manhattan,True,True,27,27,115,0.0002612079988466576,,2.8067796610169493,23.810169491525425,4.879566527010922,0.511864406779661,0.0,0.28135593220338984,0.0,0.0
36,20,0.3,random,3,5,17,10,mlp_table,True,True,27,27,78,0.0004065000011905795,,2.430901879779363,16.87302362615985,4.107678617681749,0.4745762711864407,0.5220338983050847,0.2542372881355932,0.0,1.8839330673217773
36,20,0.3,random,3,5,17,10,unet,True,True,27,27,59,0.00031566600046062376,,2.4841659875239355,9.341820608664749,3.056439204149945,0.26440677966101694,0.735593220338983,0.12542372881355932,0.16610169491525423,5.719789505004883
37,20,0.3,random,9,12,2,5,dijkstra,True,True,24,24,210,0.00043074999848613515,,22.836575875486382,674.0817120622568,25.96308363931867,0.9961089494163424,0.0,0.9416342412451362,0.0,0.0
37,20,0.3,random,9,12,2,5,manhattan,True,True,24,24,67,0.00015150000035646372,,9.190661478599221,222.5214007782101,14.917151228643158,0.7509727626459144,0.0,0.5214007782101168,0.0,0.0
37,20,0.3,random,9,12,2,5,mlp_table,True,True,24,24,49,0.0002647080000315327,,8.482352292491305,201.1396522258644,14.182371177834277,0.7315175097276264,0.26459143968871596,0.48638132295719844,0.0,1.468644142150879
37,20,0.3,random,9,12,2,5,unet,True,True,24,24,43,0.0002361249989917269,,7.2951706624680455,152.13242501407595,12.33419738021392,0.5953307392996109,0.40077821011673154,0.42023346303501946,0.038910505836575876,5.939197540283203
38,20,0.3,random,16,3,10,4,dijkstra,True,True,7,7,42,8.499999967170879e-05,,13.902777777777779,237.66203703703704,15.416291286721234,0.9953703703703703,0.0,0.9259259259259259,0.0,0.0
38,20,0.3,random,16,3,10,4,manhattan,True,True,7,7,11,2.804100040521007e-05,,2.1574074074074074,14.5,3.8078865529319543,0.4675925925925926,0.0,0.2962962962962963,0.0,0.0
38,20,0.3,random,16,3,10,4,mlp_table,True,True,7,7,8,5.6999999287654646e-05,,1.7955837967219177,9.665737531768661,3.108976926863347,0.4537037037037037,0.5416666666666666,0.1574074074074074,0.0,2.073592185974121
38,20,0.3,random,16,3,10,4,unet,True,True,7,7,14,8.445799903711304e-05,,1.8630284716685612,6.756948596155998,2.599413125333485,0.35648148148148145,0.6388888888888888,0.07407407407407407,0.06018518518518518,4.556291580200195
39,20,0.3,random,5,16,0,1,dijkstra,True,True,28,28,172,0.00032566699883318506,,22.91907514450867,620.121387283237,24.902236591985808,0.9942196531791907,0.0,0.9653179190751445,0.0,0.0
39,20,0.3,random,5,16,0,1,manhattan,True,True,28,28,72,0.00014845800069451798,,4.994219653179191,36.994219653179194,6.082287370157644,0.8670520231213873,0.0,0.6069364161849711,0.0,0.0
39,20,0.3,random,5,16,0,1,mlp_table,True,True,28,28,70,0.00033120799889729824,,4.316032247736275,26.7293936577389,5.170047742307502,0.8728323699421965,0.12138728323699421,0.6069364161849711,0.0,2.1429433822631836
39,20,0.3,random,5,16,0,1,unet,True,True,28,28,78,0.00035966700124845374,,3.078067896683092,14.515685270318047,3.8099455731438012,0.5664739884393064,0.43352601156069365,0.3179190751445087,0.15028901734104047,7.911355972290039
40,20,0.3,random,9,0,8,16,dijkstra,True,True,37,37,149,0.0002774170006887289,,19.74793388429752,512.2107438016529,22.63207334297176,0.9958677685950413,0.0,0.9669421487603306,0.0,0.0
40,20,0.3,random,9,0,8,16,manhattan,True,True,37,37,131,0.0002723750003497116,,8.297520661157025,134.54545454545453,11.599373023808422,0.7024793388429752,0.0,0.6074380165289256,0.0,0.0
40,20,0.3,random,9,0,8,16,mlp_table,True,True,37,37,123,0.0005682500013790559,,7.520540569932008,111.20460002183572,10.545359169883012,0.6942148760330579,0.30165289256198347,0.5702479338842975,0.0,1.5517778396606445
40,20,0.3,random,9,0,8,16,unet,True,True,37,37,121,0.0005350829997041728,,6.212614368801274,68.62989144558175,8.284315991413036,0.5950413223140496,0.4049586776859504,0.43388429752066116,0.1115702479338843,6.160863876342773
41,20,0.3,random,14,8,12,17,dijkstra,True,True,13,13,156,0.00032787500094855204,,13.767441860465116,233.5503875968992,15.28235543353508,0.9961240310077519,0.0,0.9263565891472868,0.0,0.0
41,20,0.3,random,14,8,12,17,manhattan,True,True,13,13,31,7.504200038965791e-05,,1.4806201550387597,4.666666666666667,2.160246899469287,0.5426356589147286,0.0,0.18604651162790697,0.0,0.0
41,20,0.3,random,14,8,12,17,mlp_table,True,True,13,13,17,0.00011520800035214052,,1.1199905511944792,2.020727886113627,1.4215230867325466,0.5,0.49612403100775193,0.06201550387596899,0.0,2.633389472961426
41,20,0.3,random,14,8,12,17,unet,True,True,13,13,20,0.0001298750012210803,,1.0248795346927273,1.634490170565181,1.2784718106259445,0.3449612403100775,0.6550387596899225,0.007751937984496124,0.007751937984496124,4.613443374633789
42,20,0.3,random,19,17,14,19,dijkstra,True,True,7,7,14,2.6290999812772498e-05,,24.09271523178808,725.1655629139073,26.9288982863003,0.9933774834437086,0.0,0.9470198675496688,0.0,0.0
42,20,0.3,random,19,17,14,19,manhattan,True,True,7,7,10,2.1958001525490545e-05,,7.894039735099338,90.59602649006622,9.518194497385847,0.8807947019867549,0.0,0.7417218543046358,0.0,0.0
42,20,0.3,random,19,17,14,19,mlp_table,True,True,7,7,9,5.054100074630696e-05,,6.4516115235966565,62.149252795055055,7.883479738989316,0.8940397350993378,0.09933774834437085,0.7019867549668874,0.0,1.8165855407714844
42,20,0.3,random,19,17,14,19,unet,True,True,7,7,11,5.370799954107497e-05,,6.308533087471463,55.05415526330069,7.419848735877349,0.2913907284768212,0.7086092715231788,0.2185430463576159,0.5629139072847682,16.807859420776367
43,20,0.3,random,4,0,14,7,dijkstra,True,True,17,17,92,0.00017587500042282045,,22.082089552238806,727.7164179104477,26.976219488846983,0.996268656716418,0.0,0.9328358208955224,0.0,0.0
43,20,0.3,random,4,0,14,7,manhattan,True,True,17,17,53,0.00012000000060652383,,10.58955223880597,265.53731343283584,16.295315689879587,0.667910447761194,0.0,0.48880597014925375,0.0,0.0
43,20,0.3,random,4,0,14,7,mlp_table,True,True,17,17,38,0.00019950000023527537,,10.146193801022287,247.46328173813336,15.73096569629892,0.6268656716417911,0.3694029850746269,0.4664179104477612,0.0,2.377312660217285
43,20,0.3,random,4,0,14,7,unet,True,True,17,17,27,0.00016274999870802276,,9.058968830242085,190.93714188661403,13.818000647221508,0.5410447761194029,0.458955223880597,0.40671641791044777,0.06716417910447761,4.908836364746094
44,20,0.3,random,13,1,17,8,dijkstra,True,True,11,11,60,0.00011799999992945231,,17.627450980392158,423.33725490196076,20.575161114848186,0.996078431372549,0.0,0.9294117647058824,0.0,0.0
44,20,0.3,random,13,1,17,8,manhattan,True,True,11,11,29,6.85420000081649e-05,,4.847058823529411,57.50588235294118,7.58326330499879,0.7254901960784313,0.0,0.3764705882352941,0.0,0.0
44,20,0.3,random,13,1,17,8,mlp_table,True,True,11,11,12,8.891700053936802e-05,,4.135856301176782,46.627537786365586,6.828435969265992,0.7098039215686275,0.28627450980392155,0.33725490196078434,0.0,1.4295825958251953
44,20,0.3,random,13,1,17,8,unet,True,True,11,11,13,8.908299969334621e-05,,3.2451967363264047,30.281702064503463,5.502881251172286,0.6431372549019608,0.35294117647058826,0.24313725490196078,0.03137254901960784,4.035909652709961
45,20,0.3,random,4,14,18,5,dijkstra,True,True,23,23,250,0.000495457999932114,,17.125850340136054,351.078231292517,18.737081717613258,0.9965986394557823,0.0,0.9455782312925171,0.0,0.0
45,20,0.3,random,4,14,18,5,manhattan,True,True,23,23,78,0.0001867079990915954,,2.5170068027210886,20.87074829931973,4.568451411509126,0.43537414965986393,0.0,0.3163265306122449,0.0,0.0
45,20,0.3,random,4,14,18,5,mlp_table,True,True,23,23,34,0.00022462500055553392,,1.9963945912666061,11.142680177326598,3.338065334490414,0.43537414965986393,0.5612244897959183,0.22448979591836735,0.0,1.8131170272827148
45,20,0.3,random,4,14,18,5,unet,True,True,23,23,50,0.00028124999880674295,,1.7669307084716097,7.851442098655915,2.802042486946962,0.4387755102040816,0.5578231292517006,0.14285714285714285,0.0,2.7274551391601562
46,20,0.3,random,4,12,5,6,dijkstra,True,True,7,7,46,0.00010275000022375025,,13.768595041322314,221.34710743801654,14.877738653371235,0.9958677685950413,0.0,0.9421487603305785,0.0,0.0
46,20,0.3,random,4,12,5,6,manhattan,True,True,7,7,12,2.9082999390084296e-05,,1.6198347107438016,6.115702479338843,2.4729946379518988,0.49586776859504134,0.0,0.2727272727272727,0.0,0.0
46,20,0.3,random,4,12,5,6,mlp_table,True,True,7,7,8,5.9083000451209955e-05,,1.2078188913912813,2.9449011253303623,1.7160714219782236,0.45867768595041325,0.5371900826446281,0.1115702479338843,0.0,1.8165855407714844
46,20,0.3,random,4,12,5,6,unet,True,True,7,7,8,5.4332998843165115e-05,,2.0789113613692196,5.771938555307991,2.4024859115732586,0.08677685950413223,0.9132231404958677,0.0,0.2024793388429752,5.943906784057617
47,20,0.3,random,9,15,10,2,dijkstra,True,True,16,16,185,0.00037937500019324943,,14.025547445255475,248.51459854014598,15.76434580121059,0.9963503649635036,0.0,0.9416058394160584,0.0,0.0
47,20,0.3,random,9,15,10,2,manhattan,True,True,16,16,34,8.579199857194908e-05,,1.9927007299270072,11.83941605839416,3.4408452534797553,0.48175182481751827,0.0,0.22627737226277372,0.0,0.0
47,20,0.3,random,9,15,10,2,mlp_table,True,True,16,16,25,0.0001609169994480908,,1.8362724324212456,8.532534179524301,2.9210501843556713,0.3759124087591241,0.6204379562043796,0.17883211678832117,0.0036496350364963502,3.033884048461914
47,20,0.3,random,9,15,10,2,unet,True,True,16,16,24,0.00015183300092758145,,1.8408447488816115,6.021215318099494,2.4538164801181637,0.2846715328467153,0.7153284671532847,0.1386861313868613,0.06204379562043796,4.388826370239258
48,20,0.3,random,18,5,14,3,dijkstra,True,True,8,8,47,9.683399912319146e-05,,14.774193548387096,269.089605734767,16.403950918445442,0.996415770609319,0.0,0.931899641577061,0.0,0.0
48,20,0.3,random,18,5,14,3,manhattan,True,True,8,8,18,4.3666999772540294e-05,,1.971326164874552,9.620071684587813,3.1016240398519956,0.5448028673835126,0.0,0.24731182795698925,0.0,0.0
48,20,0.3,random,18,5,14,3,mlp_table,True,True,8,8,15,9.533299999020528e-05,,1.5221904520492828,4.295640616446204,2.072592728069411,0.5412186379928315,0.4551971326164875,0.15770609318996415,0.0,2.6016063690185547
48,20,0.3,random,18,5,14,3,unet,True,True,8,8,12,7.92499995441176e-05,,1.4493935176548565,3.801061325844466,1.9496310742918685,0.3655913978494624,0.6308243727598566,0.053763440860215055,0.08243727598566308,5.268852233886719
49,20,0.3,random,17,9,11,15,dijkstra,True,True,12,12,96,0.0001923340005305363,,18.045283018867924,408.5811320754717,20.21338992043323,0.9962264150943396,0.0,0.9320754716981132,0.0,0.0
49,20,0.3,random,17,9,11,15,manhattan,True,True,12,12,33,7.916600043245126e-05,,6.550943396226415,89.29811320754717,9.449767891728726,0.6981132075471698,0.0,0.6037735849056604,0.0,0.0
49,20,0.3,random,17,9,11,15,mlp_table,True,True,12,12,22,0.00013479199878929649,,5.966561086222811,75.3421754766764,8.679987066619189,0.7018867924528301,0.2943396226415094,0.5358490566037736,0.0,2.6016063690185547
49,20,0.3,random,17,9,11,15,unet,True,True,12,12,17,0.0001365000007353956,,4.804103882357759,53.545739973739764,7.317495471384985,0.630188679245283,0.36981132075471695,0.43018867924528303,0.03018867924528302,6.815268516540527
50,20,0.3,random,12,6,10,2,dijkstra,True,True,8,8,57,0.00012091700045857579,,16.10211267605634,313.42605633802816,17.70384298218972,0.9964788732394366,0.0,0.9471830985915493,0.0,0.0
50,20,0.3,random,12,6,10,2,manhattan,True,True,8,8,18,4.4083999455324374e-05,,3.3028169014084505,20.014084507042252,4.473710373620788,0.6795774647887324,0.0,0.4753521126760563,0.0,0.0
50,20,0.3,random,12,6,10,2,mlp_table,True,True,8,8,9,5.91669995628763e-05,,2.5950402554491876,13.109901522528872,3.6207597990655045,0.6514084507042254,0.34507042253521125,0.36971830985915494,0.0,2.073592185974121
50,20,0.3,random,12,6,10,2,unet,True,True,8,8,12,7.199999890872277e-05,,1.7770612985945085,5.210853894961153,2.282729483526498,0.5563380281690141,0.44366197183098594,0.13380281690140844,0.007042253521126761,5.016414642333984
51,20,0.3,random,1,18,7,8,dijkstra,True,True,28,28,199,0.00039524999920104165,,23.121323529411764,656.8419117647059,25.628927245686775,0.9963235294117647,0.0,0.9742647058823529,0.0,0.0
51,20,0.3,random,1,18,7,8,manhattan,True,True,28,28,146,0.0003437079994910164,,12.742647058823529,244.98529411764707,15.652006073268918,0.9007352941176471,0.0,0.8272058823529411,0.0,0.0
51,20,0.3,random,1,18,7,8,mlp_table,True,True,28,28,135,0.0006226249988685595,,11.947057855479857,221.33397899256224,14.877297435776507,0.9044117647058824,0.09191176470588236,0.7904411764705882,0.0,1.2666196823120117
51,20,0.3,random,1,18,7,8,unet,True,True,28,28,138,0.0006140830009826459,,9.749245848944959,147.04569148488665,12.126239791661991,0.8125,0.1875,0.6323529411764706,0.09191176470588236,6.6278886795043945
52,20,0.3,random,10,15,12,13,dijkstra,True,True,4,4,26,5.529199916054495e-05,,11.564,168.052,12.963487185167423,0.996,0.0,0.92,0.0,0.0
52,20,0.3,random,10,15,12,13,manhattan,True,True,4,4,7,1.8999999156221747e-05,,0.968,3.632,1.9057806799314554,0.332,0.0,0.1,0.0,0.0
52,20,0.3,random,10,15,12,13,mlp_table,True,True,4,4,5,4.162500044913031e-05,,0.9882617816925049,2.1065564356582445,1.451398096890803,0.276,0.72,0.06,0.0,2.1429433822631836
52,20,0.3,random,10,15,12,13,unet,True,True,4,4,5,3.654099964478519e-05,,1.2382272633314133,2.6228421669407034,1.6195191159540858,0.176,0.824,0.012,0.044,7.237295150756836
53,20,0.3,random,7,8,9,12,dijkstra,True,True,6,6,57,0.00011975000052188989,,11.619377162629759,156.83737024221455,12.523472770849727,0.9965397923875432,0.0,0.9377162629757786,0.0,0.0
53,20,0.3,random,7,8,9,12,manhattan,True,True,6,6,11,2.858299922081642e-05,,1.356401384083045,5.453287197231834,2.335227440150495,0.4290657439446367,0.0,0.1695501730103806,0.0,0.0
53,20,0.3,random,7,8,9,12,mlp_table,True,True,6,6,7,5.849999979545828e-05,,1.245216673633219,3.2695491265047205,1.8081894608985865,0.3875432525951557,0.6089965397923875,0.10726643598615918,0.0,2.347749710083008
53,20,0.3,random,7,8,9,12,unet,True,True,6,6,8,6.0165999457240105e-05,,1.0251255235973113,1.9522338017041008,1.397223604761994,0.3633217993079585,0.6366782006920415,0.03806228373702422,0.010380622837370242,3.561798095703125
54,20,0.3,random,19,11,0,4,dijkstra,True,True,26,26,236,0.00046820900024613366,,17.40573770491803,364.9549180327869,19.103793289103265,0.9959016393442623,0.0,0.9590163934426229,0.0,0.0
54,20,0.3,random,19,11,0,4,manhattan,True,True,26,26,72,0.00016762500126787927,,1.180327868852459,4.655737704918033,2.15771585360956,0.3401639344262295,0.0,0.21721311475409835,0.0,0.0
54,20,0.3,random,19,11,0,4,mlp_table,True,True,26,26,40,0.00024270899848488625,,1.0797479900180316,2.2272354598454647,1.4923925287421753,0.3319672131147541,0.6639344262295082,0.04918032786885246,0.0,2.447195053100586
54,20,0.3,random,19,11,0,4,unet,True,True,26,26,50,0.00028862500039394945,,1.7567299718617415,4.591193962803139,2.142707157500329,0.1762295081967213,0.8237704918032787,0.00819672131147541,0.1598360655737705,5.794548034667969
55,20,0.3,random,17,8,1,18,dijkstra,True,True,26,26,234,0.0004611669992300449,,17.845323741007196,388.5431654676259,19.711498306004692,0.9964028776978417,0.0,0.9676258992805755,0.0,0.0
55,20,0.3,random,17,8,1,18,manhattan,True,True,26,26,113,0.00027749999935622327,,1.474820143884892,5.654676258992806,2.3779563198244005,0.5179856115107914,0.0,0.14388489208633093,0.0,0.0
55,20,0.3,random,17,8,1,18,mlp_table,True,True,26,26,79,0.00044779199924960267,,1.448228711704556,4.448094456567769,2.1090506055018614,0.3920863309352518,0.60431654676259,0.08992805755395683,0.01079136690647482,3.4921436309814453
55,20,0.3,random,17,8,1,18,unet,True,True,26,26,75,0.00043612499939627014,,3.598517262249542,17.4986211818828,4.183135329138038,0.07194244604316546,0.9244604316546763,0.02877697841726619,0.5467625899280576,11.510015487670898
56,20,0.3,random,9,19,19,13,dijkstra,True,True,16,16,116,0.00023725000028207432,,15.883018867924529,306.3056603773585,17.501590224244154,0.9962264150943396,0.0,0.9547169811320755,0.0,0.0
56,20,0.3,random,9,19,19,13,manhattan,True,True,16,16,41,9.308300104748923e-05,,1.1773584905660377,5.675471698113207,2.3823248515081246,0.32075471698113206,0.0,0.18490566037735848,0.0,0.0
56,20,0.3,random,9,19,19,13,mlp_table,True,True,16,16,22,0.00013366700113692787,,1.2413472962829302,3.8642998630018544,1.9657822521840649,0.2679245283018868,0.7283018867924528,0.06415094339622641,0.011320754716981131,3.716862678527832
56,20,0.3,random,9,19,19,13,unet,True,True,16,16,20,0.00013679099902219605,,1.997555725979355,6.085171662052789,2.466814071236985,0.1471698113207547,0.8528301886792453,0.03018867924528302,0.18867924528301888,5.947100639343262
57,20,0.3,random,12,5,0,14,dijkstra,True,True,27,27,255,0.0004935829983878648,,25.875,811.3977272727273,28.485043922604845,0.9962121212121212,0.0,0.9583333333333334,0.0,0.0
57,20,0.3,random,12,5,0,14,manhattan,True,True,27,27,108,0.0002329579983779695,,10.378787878787879,192.36363636363637,13.869521850577128,0.7689393939393939,0.0,0.6893939393939394,0.0,0.0
57,20,0.3,random,12,5,0,14,mlp_table,True,True,27,27,101,0.00047087500024645124,,9.539741446122978,159.73677463751534,12.638701461681707,0.7613636363636364,0.23484848484848486,0.6742424242424242,0.0,2.1049375534057617
57,20,0.3,random,12,5,0,14,unet,True,False,27,31,99,0.0004573339992930414,,8.38703750480305,113.8111954346715,10.668233004329794,0.5681818181818182,0.4318181818181818,0.42803030303030304,0.2765151515151515,20.261730194091797
58,20,0.3,random,3,9,18,1,dijkstra,True,True,31,31,272,0.0005269579996820539,,23.59285714285714,651.0214285714286,25.515121566855772,0.9964285714285714,0.0,0.9678571428571429,0.0,0.0
58,20,0.3,random,3,9,18,1,manhattan,True,True,31,31,148,0.00031670899988966994,,6.585714285714285,71.74285714285715,8.470115533028883,0.925,0.0,0.6,0.0,0.0
58,20,0.3,random,3,9,18,1,mlp_table,True,True,31,31,121,0.0005584589998761658,,5.4968721002340315,50.64136369072832,7.116274565440004,0.8857142857142857,0.11071428571428571,0.5892857142857143,0.0,1.654952049255371
58,20,0.3,random,3,9,18,1,unet,True,True,31,31,95,0.0004701249999925494,,5.0155536802751675,40.677666075332134,6.377904520713064,0.8964285714285715,0.1,0.5785714285714286,0.0035714285714285713,3.7072582244873047
59,20,0.3,random,0,8,11,5,dijkstra,True,True,20,20,154,0.00030708299891557544,,12.417624521072797,186.8927203065134,13.670871234362256,0.9961685823754789,0.0,0.9272030651340997,0.0,0.0
59,20,0.3,random,0,8,11,5,manhattan,True,True,20,20,49,0.00010929200107057113,,1.793103448275862,7.693486590038314,2.7737135017947177,0.5095785440613027,0.0,0.2796934865900383,0.0,0.0
59,20,0.3,random,0,8,11,5,mlp_table,True,True,20,20,42,0.00026154199986194726,,1.4453758764084272,4.005105985397317,2.0012760892483867,0.4789272030651341,0.5172413793103449,0.17624521072796934,0.0,2.1049375534057617
59,20,0.3,random,0,8,11,5,unet,True,True,20,20,38,0.00019662500017147977,,1.608597115538586,4.312271120691721,2.0766008573367487,0.3831417624521073,0.6168582375478927,0.05363984674329502,0.08812260536398467,5.596208572387695
60,20,0.3,random,17,16,19,7,dijkstra,True,True,11,11,59,0.00011425000047893263,,17.535971223021583,369.01798561151077,19.209840853362394,0.9964028776978417,0.0,0.9640287769784173,0.0,0.0
60,20,0.3,random,17,16,19,7,manhattan,True,True,11,11,16,3.9165999623946846e-05,,2.805755395683453,14.302158273381295,3.7818194395530433,0.7302158273381295,0.0,0.4244604316546763,0.0,0.0
60,20,0.3,random,17,16,19,7,mlp_table,True,True,11,11,14,8.216599962906912e-05,,2.1533232605714594,8.658705883641588,2.9425679063772834,0.6762589928057554,0.32014388489208634,0.3057553956834532,0.0,2.347749710083008
60,20,0.3,random,17,16,19,7,unet,True,True,11,11,19,0.00010208400090050418,,2.180721707266869,8.03483122601373,2.83457778619916,0.4316546762589928,0.5683453237410072,0.0683453237410072,0.2014388489208633,7.8408355712890625
61,20,0.3,random,10,9,9,7,dijkstra,True,True,3,3,12,2.6916999559034593e-05,,11.487804878048781,161.28455284552845,12.699785543288849,0.9959349593495935,0.0,0.9227642276422764,0.0,0.0
61,20,0.3,random,10,9,9,7,manhattan,True,True,3,3,6,1.5833000361453742e-05,,1.7398373983739837,9.235772357723578,3.039041355053198,0.5365853658536586,0.0,0.14634146341463414,0.0,0.0
61,20,0.3,random,10,9,9,7,mlp_table,True,True,3,3,4,2.9875000109313987e-05,,1.5695342290692214,7.066149566046032,2.65822300908822,0.4796747967479675,0.516260162601626,0.10975609756097561,0.0,2.1049375534057617
61,20,0.3,random,10,9,9,7,unet,True,True,3,3,6,3.833399932773318e-05,,1.8440374631464966,6.579032795661893,2.5649625329937846,0.36585365853658536,0.6341463414634146,0.06910569105691057,0.13821138211382114,6.758345603942871
62,20,0.3,random,13,14,12,3,dijkstra,True,True,14,14,152,0.0003068750011152588,,17.53696498054475,369.03891050583655,19.210385485612633,0.9961089494163424,0.0,0.9416342412451362,0.0,0.0
62,20,0.3,random,13,14,12,3,manhattan,True,True,14,14,34,9.449999924981967e-05,,4.88715953307393,50.17898832684825,7.083712891333771,0.7587548638132295,0.0,0.6498054474708171,0.0,0.0
62,20,0.3,random,13,14,12,3,mlp_table,True,True,14,14,18,0.00012100000094505958,,4.072077976590465,38.47945956936262,6.203181407097701,0.7276264591439688,0.26848249027237353,0.5252918287937743,0.0,1.2666196823120117
62,20,0.3,random,13,14,12,3,unet,True,True,14,14,18,0.0001336249988526106,,3.6155057257251517,25.69334271862296,5.068860100517962,0.5175097276264592,0.4785992217898833,0.2840466926070039,0.14396887159533073,5.998935699462891
63,20,0.3,random,0,0,1,16,dijkstra,True,True,25,25,129,0.0002594170000520535,,19.097472924187727,448.63537906137185,21.18101458999006,0.9963898916967509,0.0,0.9422382671480144,0.0,0.0
63,20,0.3,random,0,0,1,16,manhattan,True,True,25,25,51,0.0001285839989577653,,3.2129963898916967,18.03610108303249,4.246893109442771,0.6714801444043321,0.0,0.5812274368231047,0.0,0.0
63,20,0.3,random,0,0,1,16,mlp_table,True,True,25,25,45,0.0002462920001562452,,2.446680143421738,11.238322700507835,3.352360765267938,0.6498194945848376,0.34657039711191334,0.35379061371841153,0.0,1.4433708190917969
63,20,0.3,random,0,0,1,16,unet,True,True,25,25,45,0.00024145899988070596,,2.0606199935455183,6.786219597824116,2.605037350562198,0.5415162454873647,0.4584837545126354,0.1407942238267148,0.07220216606498195,4.843587875366211
64,20,0.3,random,8,0,7,1,dijkstra,True,True,2,2,4,9.16700082598254e-06,,16.454183266932272,318.35059760956176,17.842382060968255,0.9960159362549801,0.0,0.9561752988047809,0.0,0.0
64,20,0.3,random,8,0,7,1,manhattan,True,True,2,2,3,6.666999979643151e-06,,3.00398406374502,23.47410358565737,4.845008109968173,0.5896414342629482,0.0,0.450199203187251,0.0,0.0
64,20,0.3,random,8,0,7,1,mlp_table,True,True,2,2,3,1.658300061535556e-05,,2.5450546717738725,15.988403627030198,3.9985501906353758,0.5657370517928287,0.4302788844621514,0.3426294820717131,0.0,1.8165855407714844
64,20,0.3,random,8,0,7,1,unet,True,True,2,2,3,1.4917000953573734e-05,,2.4095120069040243,12.248406697058002,3.4997723778923113,0.398406374501992,0.5976095617529881,0.11155378486055777,0.09163346613545817,6.627615928649902
65,20,0.3,random,10,4,2,3,dijkstra,True,True,11,11,101,0.0002037920003203908,,15.904580152671755,308.69083969465646,17.569599872924154,0.9961832061068703,0.0,0.9580152671755725,0.0,0.0
65,20,0.3,random,10,4,2,3,manhattan,True,True,11,11,19,4.662500032281969e-05,,1.5267175572519085,8.183206106870228,2.860630368794652,0.4198473282442748,0.0,0.17938931297709923,0.0,0.0
65,20,0.3,random,10,4,2,3,mlp_table,True,True,11,11,13,8.583300041209441e-05,,1.2986900001081803,5.039694823292693,2.244926462780617,0.3473282442748092,0.648854961832061,0.09541984732824428,0.0,2.347749710083008
65,20,0.3,random,10,4,2,3,unet,True,True,11,11,17,0.00011779200031014625,,1.7597334043385873,5.209582330570311,2.282450948119217,0.27099236641221375,0.7290076335877863,0.04580152671755725,0.11450381679389313,6.454002380371094
66,20,0.3,random,14,14,17,1,dijkstra,True,True,20,20,202,0.0004270000008546049,,20.39852398523985,483.58671586715866,21.990605172826843,0.996309963099631,0.0,0.948339483394834,0.0,0.0
66,20,0.3,random,14,14,17,1,manhattan,True,True,20,20,66,0.00023554200015496463,,3.734317343173432,36.54612546125461,6.045339151880117,0.5571955719557196,0.0,0.47601476014760147,0.0,0.0
66,20,0.3,random,14,14,17,1,mlp_table,True,True,20,20,45,0.00023637499907636084,,2.9284142796843695,22.518525729911904,4.745368871848837,0.5645756457564576,0.4317343173431734,0.36531365313653136,0.0,1.0795416831970215
66,20,0.3,random,14,14,17,1,unet,True,True,20,20,52,0.00025920799998857547,,2.440609271455955,11.888375962741435,3.4479524304638303,0.5092250922509225,0.4870848708487085,0.15129151291512916,0.08487084870848709,5.828960418701172
67,20,0.3,random,15,6,14,18,dijkstra,True,True,17,17,145,0.0002916249995905673,,23.878228782287824,687.4723247232472,26.21969345212196,0.996309963099631,0.0,0.9704797047970479,0.0,0.0
67,20,0.3,random,15,6,14,18,manhattan,True,True,17,17,36,8.337500003108289e-05,,8.966789667896679,118.50922509225093,10.886194242812817,0.9077490774907749,0.0,0.8487084870848709,0.0,0.0
67,20,0.3,random,15,6,14,18,mlp_table,True,True,17,17,25,0.0001421249999111751,,7.868869920938217,102.20033407542718,10.109418087873662,0.9114391143911439,0.08487084870848709,0.6863468634686347,0.0,0.9806671142578125
67,20,0.3,random,15,6,14,18,unet,True,True,17,17,22,0.0001295830006711185,,5.841787649256717,63.3219069024348,7.957506324372906,0.6974169741697417,0.3025830258302583,0.5166051660516605,0.014760147601476014,3.9657325744628906
68,20,0.3,random,18,7,0,16,dijkstra,True,True,31,31,252,0.00048666700058674905,,19.559701492537314,457.5970149253731,21.39151735911628,0.996268656716418,0.0,0.9738805970149254,0.0,0.0
68,20,0.3,random,18,7,0,16,manhattan,True,True,31,31,132,0.0002868330011551734,,3.08955223880597,17.01492537313433,4.124915195871829,0.8917910447761194,0.0,0.3246268656716418,0.0,0.0
68,20,0.3,random,18,7,0,16,mlp_table,True,True,31,31,108,0.000501292000990361,,2.166604341410879,9.85839996549723,3.139808905888578,0.835820895522388,0.16044776119402984,0.2126865671641791,0.0,1.8839330673217773
68,20,0.3,random,18,7,0,16,unet,True,False,31,33,95,0.00046424999891314656,,4.015374117377979,22.894887972872013,4.784860287706634,0.13805970149253732,0.8619402985074627,0.033582089552238806,0.5783582089552238,11.731674194335938
69,20,0.3,random,10,16,8,13,dijkstra,True,True,7,7,17,3.470900082902517e-05,,19.801369863013697,522.6780821917808,22.862153927217374,0.9931506849315068,0.0,0.9452054794520548,0.0,0.0
69,20,0.3,random,10,16,8,13,manhattan,True,True,7,7,11,2.366700027778279e-05,,9.67123287671233,197.15068493150685,14.041035749954732,0.7054794520547946,0.0,0.547945205479452,0.0,0.0
69,20,0.3,random,10,16,8,13,mlp_table,True,True,7,7,10,5.375000000640284e-05,,9.093175189952328,172.95955722012354,13.15140894429656,0.7054794520547946,0.2876712328767123,0.547945205479452,0.0,2.1429433822631836
69,20,0.3,random,10,16,8,13,unet,True,True,7,7,8,6.491699969046749e-05,,8.04917010297514,110.98360869404893,10.534875827177505,0.5547945205479452,0.4452054794520548,0.4452054794520548,0.2191780821917808,11.310768127441406
70,20,0.3,random,5,11,1,9,dijkstra,True,True,6,6,21,4.283400085114408e-05,,19.61648745519713,465.86021505376345,21.58379519578898,0.996415770609319,0.0,0.96415770609319,0.0,0.0
70,20,0.3,random,5,11,1,9,manhattan,True,True,6,6,8,2.0542000129353255e-05,,5.741935483870968,52.11469534050179,7.219050861470764,0.931899641577061,0.0,0.6057347670250897,0.0,0.0
70,20,0.3,random,5,11,1,9,mlp_table,True,True,6,6,7,4.729099964606576e-05,,4.690558146404964,36.95548988471917,6.079102720362535,0.9175627240143369,0.07885304659498207,0.5913978494623656,0.0,1.2236061096191406
70,20,0.3,random,5,11,1,9,unet,True,True,6,6,8,5.145799877936952e-05,,3.487855739063687,18.711878667957205,4.325722906978347,0.5770609318996416,0.4229390681003584,0.30824372759856633,0.18996415770609318,7.063478469848633
71,20,0.3,random,4,16,17,2,dijkstra,True,True,31,31,262,0.0005076249999547144,,25.8796992481203,783.0075187969925,27.98227150888563,0.9962406015037594,0.0,0.9736842105263158,0.0,0.0
71,20,0.3,random,4,16,17,2,manhattan,True,True,31,31,165,0.00037187500129221007,,10.398496240601503,197.6390977443609,14.058417327151762,0.9699248120300752,0.0,0.9323308270676691,0.0,0.0
71,20,0.3,random,4,16,17,2,mlp_table,True,True,31,31,122,0.0005785000012110686,,9.166314731415053,165.80972729222677,12.876712596475343,0.9736842105263158,0.022556390977443608,0.9285714285714286,0.0,0.5178861618041992
71,20,0.3,random,4,16,17,2,unet,True,True,31,31,105,0.0005153340007382212,,6.138227241379874,112.97222004422649,10.628839073211452,0.8571428571428571,0.14285714285714285,0.4548872180451128,0.0037593984962406013,3.0083255767822266
72,20,0.3,random,19,0,7,7,dijkstra,True,True,19,19,102,0.0002013749999605352,,12.42756183745583,178.92932862190813,13.376446786120301,0.9964664310954063,0.0,0.9681978798586572,0.0,0.0
72,20,0.3,random,19,0,7,7,manhattan,True,True,19,19,44,0.000100874998679501,,1.971731448763251,10.473498233215548,3.2362784542148946,0.48056537102473496,0.0,0.2756183745583039,0.0,0.0
72,20,0.3,random,19,0,7,7,mlp_table,True,True,19,19,23,0.0001446250007575145,,1.7861352206961427,6.929435095252936,2.6323820192466245,0.45229681978798586,0.5441696113074205,0.21554770318021202,0.0,2.0549564361572266
72,20,0.3,random,19,0,7,7,unet,True,True,19,19,30,0.00016483299987157807,,1.9111283145607991,4.829399308455637,2.197589431275923,0.22614840989399293,0.773851590106007,0.053003533568904596,0.10600706713780919,4.292453765869141
73,20,0.3,random,16,3,5,17,dijkstra,True,True,31,31,211,0.0004149169999436708,,15.834558823529411,316.96691176470586,17.80356458029419,0.9963235294117647,0.0,0.9301470588235294,0.0,0.0
73,20,0.3,random,16,3,5,17,manhattan,True,True,31,31,87,0.00020437500097614247,,2.1323529411764706,15.117647058823529,3.88814185168488,0.41911764705882354,0.0,0.27941176470588236,0.0,0.0
73,20,0.3,random,16,3,5,17,mlp_table,True,True,31,31,71,0.00038995800059637986,,1.8966352028005264,9.761713677237076,3.1243741256829463,0.39705882352941174,0.5992647058823529,0.18382352941176472,0.0,2.8199901580810547
73,20,0.3,random,16,3,5,17,unet,True,True,31,31,69,0.00038750000021536835,,2.1599410036030937,8.013482635134542,2.830809537064361,0.33455882352941174,0.6654411764705882,0.14705882352941177,0.11029411764705882,5.556613922119141
74,20,0.3,random,5,3,10,12,dijkstra,True,True,14,14,141,0.00027833399872179143,,11.086330935251798,146.72661870503597,12.113076351820622,0.9964028776978417,0.0,0.9244604316546763,0.0,0.0
74,20,0.3,random,5,3,10,12,manhattan,True,True,14,14,46,0.00010991700037266128,,0.9568345323741008,3.841726618705036,1.9600323004239077,0.28776978417266186,0.0,0.1474820143884892,0.0,0.0
74,20,0.3,random,5,3,10,12,mlp_table,True,True,14,14,15,0.00011833300050057005,,1.1081366530425256,2.5426528192734774,1.594569791283366,0.2517985611510791,0.7446043165467626,0.10071942446043165,0.0,2.372624397277832
74,20,0.3,random,5,3,10,12,unet,True,True,14,14,28,0.00017104099970310926,,1.579412831355342,4.15828373455179,2.039187027850018,0.2158273381294964,0.7841726618705036,0.046762589928057555,0.1079136690647482,5.474789619445801
75,20,0.3,random,7,5,11,18,dijkstra,True,True,25,25,179,0.0003407910007808823,,17.166666666666668,370.6811594202899,19.253081816174,0.9963768115942029,0.0,0.9456521739130435,0.0,0.0
75,20,0.3,random,7,5,11,18,manhattan,True,True,25,25,85,0.00018774999989545904,,3.463768115942029,28.55072463768116,5.3432878116082385,0.644927536231884,0.0,0.38768115942028986,0.0,0.0
75,20,0.3,random,7,5,11,18,mlp_table,True,True,25,25,71,0.0003662080016511027,,2.9301101772681526,18.34721173756199,4.283364534750923,0.6086956521739131,0.38768115942028986,0.36594202898550726,0.0,2.1049375534057617
75,20,0.3,random,7,5,11,18,unet,True,True,25,25,66,0.00033429200084356125,,2.5934073098435784,12.851885875098768,3.584952701933286,0.5144927536231884,0.4855072463768116,0.2572463768115942,0.07246376811594203,4.97135066986084
76,20,0.3,random,15,0,11,1,dijkstra,True,True,5,5,19,4.1333998524351045e-05,,13.698884758364311,228.81412639405204,15.126603266895447,0.9962825278810409,0.0,0.9405204460966543,0.0,0.0
76,20,0.3,random,15,0,11,1,manhattan,True,True,5,5,6,1.645800148253329e-05,,1.100371747211896,3.836431226765799,1.9586809915771888,0.3940520446096654,0.0,0.11524163568773234,0.0,0.0
76,20,0.3,random,15,0,11,1,mlp_table,True,True,5,5,6,4.345900015323423e-05,,0.9710986676269304,1.9733537597633013,1.4047611041608823,0.26765799256505574,0.7286245353159851,0.040892193308550186,0.0,2.7518138885498047
76,20,0.3,random,15,0,11,1,unet,True,True,5,5,6,4.1125000279862434e-05,,1.0584938379911686,2.0276510609077882,1.4239561302609671,0.1895910780669145,0.8066914498141264,0.022304832713754646,0.011152416356877323,4.927452087402344
77,20,0.3,random,9,17,8,18,dijkstra,True,True,2,2,6,1.8291999367647804e-05,,17.079245283018867,359.4339622641509,18.958743688972405,0.9962264150943396,0.0,0.9471698113207547,0.0,0.0
77,20,0.3,random,9,17,8,18,manhattan,True,True,2,2,3,1.012499888020102e-05,,3.4113207547169813,37.947169811320755,6.160127418432248,0.6075471698113207,0.0,0.3849056603773585,0.0,0.0
77,20,0.3,random,9,17,8,18,mlp_table,True,True,2,2,3,2.6792000426212326e-05,,2.8439984267612672,31.421446248315274,5.605483587373642,0.5056603773584906,0.49056603773584906,0.22264150943396227,0.0,2.1943225860595703
77,20,0.3,random,9,17,8,18,unet,True,True,2,2,3,2.4000000848900527e-05,,2.6035363052251204,24.24438851957764,4.923859108420715,0.4641509433962264,0.5358490566037736,0.15471698113207547,0.04905660377358491,6.636159896850586
78,20,0.3,random,9,11,12,0,dijkstra,True,True,18,18,239,0.00047570800052199047,,19.902173913043477,521.018115942029,22.825821254492226,0.9963768115942029,0.0,0.9637681159420289,0.0,0.0
78,20,0.3,random,9,11,12,0,manhattan,True,True,18,18,61,0.00013908300024922937,,5.173913043478261,82.4927536231884,9.08255215361786,0.5942028985507246,0.0,0.47101449275362317,0.0,0.0
78,20,0.3,random,9,11,12,0,mlp_table,True,True,18,18,37,0.00020075000065844506,,4.499729400095732,68.34664083044414,8.26720272102022,0.6014492753623188,0.39492753623188404,0.32971014492753625,0.0,2.1429433822631836
78,20,0.3,random,9,11,12,0,unet,True,True,18,18,56,0.0002912500003731111,,4.376870729353117,59.8933750616405,7.739081021777747,0.572463768115942,0.427536231884058,0.3115942028985507,0.025362318840579712,5.518034934997559
79,20,0.3,random,15,6,9,19,dijkstra,True,True,19,19,179,0.0004522079998423578,,15.936974789915967,300.8781512605042,17.34583959514512,0.9957983193277311,0.0,0.9747899159663865,0.0,0.0
79,20,0.3,random,15,6,9,19,manhattan,True,True,19,19,48,0.00011591700058488641,,2.9747899159663866,19.126050420168067,4.37333401653339,0.7016806722689075,0.0,0.3403361344537815,0.0,0.0
79,20,0.3,random,15,6,9,19,mlp_table,True,True,19,19,20,0.00017295900033786893,,2.1123942161808493,9.313208967937037,3.051755063555566,0.7058823529411765,0.28991596638655465,0.24369747899159663,0.0,1.468644142150879
79,20,0.3,random,15,6,9,19,unet,True,True,19,19,24,0.00013558299906435423,,2.7578616082167424,12.229018789515091,3.4970013997016203,0.31932773109243695,0.680672268907563,0.04201680672268908,0.3739495798319328,8.89339828491211
80,20,0.3,random,9,14,11,5,dijkstra,True,True,17,17,107,0.00020600000061676838,,13.617021276595745,219.06382978723406,14.800805038484699,0.9929078014184397,0.0,0.9078014184397163,0.0,0.0
80,20,0.3,random,9,14,11,5,manhattan,True,True,17,17,28,6.433299859054387e-05,,2.99290780141844,24.93617021276596,4.993612941825384,0.49645390070921985,0.0,0.3900709219858156,0.0,0.0
80,20,0.3,random,9,14,11,5,mlp_table,True,True,17,17,22,0.00012170800073363353,,2.6932044164508793,18.47857155472352,4.298670905608327,0.46808510638297873,0.524822695035461,0.24822695035460993,0.0,2.469583511352539
80,20,0.3,random,9,14,11,5,unet,True,True,17,17,28,0.00014783299957343843,,2.683159478748521,11.619138843405652,3.4086857941742963,0.3120567375886525,0.6879432624113475,0.1773049645390071,0.1702127659574468,8.550151824951172
81,20,0.3,random,7,13,13,14,dijkstra,True,True,7,7,31,6.237500019778963e-05,,16.1985559566787,342.6678700361011,18.511290339576576,0.9963898916967509,0.0,0.9458483754512635,0.0,0.0
81,20,0.3,random,7,13,13,14,manhattan,True,True,7,7,8,2.0833000235143118e-05,,4.635379061371841,46.324909747292416,6.806240500253603,0.6462093862815884,0.0,0.5054151624548736,0.0,0.0
81,20,0.3,random,7,13,13,14,mlp_table,True,True,7,7,8,5.3792000471730717e-05,,4.152857185270812,38.71021438362673,6.221753320698815,0.631768953068592,0.36462093862815886,0.41155234657039713,0.0,2.6016063690185547
81,20,0.3,random,7,13,13,14,unet,True,True,7,7,8,5.108400000608526e-05,,3.420918510493819,22.087186246150463,4.699700654951384,0.5054151624548736,0.49458483754512633,0.3104693140794224,0.05776173285198556,5.579787254333496
82,20,0.3,random,13,0,14,8,dijkstra,True,True,11,11,47,9.229100032825954e-05,,12.192727272727273,176.3018181818182,13.277869489561125,0.9963636363636363,0.0,0.9454545454545454,0.0,0.0
82,20,0.3,random,13,0,14,8,manhattan,True,True,11,11,14,3.5207998735131696e-05,,1.3309090909090908,4.378181818181818,2.092410528118662,0.5163636363636364,0.0,0.09818181818181818,0.0,0.0
82,20,0.3,random,13,0,14,8,mlp_table,True,True,11,11,12,9.591600064595696e-05,,1.1945337750694969,2.736752912280664,1.6543134262529167,0.43272727272727274,0.5636363636363636,0.08,0.0,2.2681121826171875
82,20,0.3,random,13,0,14,8,unet,True,True,11,11,12,7.91669990576338e-05,,1.718315546946092,4.514756993851425,2.1247957534434754,0.11636363636363636,0.8836363636363637,0.007272727272727273,0.13818181818181818,5.940027236938477
83,20,0.3,random,8,3,18,17,dijkstra,True,True,24,24,252,0.0005322919987520436,,16.77906976744186,353.42248062015506,18.799534053272573,0.9961240310077519,0.0,0.937984496124031,0.0,0.0
83,20,0.3,random,8,3,18,17,manhattan,True,True,24,24,75,0.0001805419997253921,,0.8217054263565892,2.294573643410853,1.514785015575099,0.34108527131782945,0.0,0.05813953488372093,0.0,0.0
83,20,0.3,random,8,3,18,17,mlp_table,True,True,24,24,37,0.00020879200019408017,,1.0347750653592191,1.9514874176068269,1.3969564837913981,0.25193798449612403,0.7441860465116279,0.050387596899224806,0.0,2.910266876220703
83,20,0.3,random,8,3,18,17,unet,True,True,24,24,40,0.0002426249993732199,,0.8851740269582401,1.4417826408299044,1.200742537278456,0.5,0.5,0.015503875968992248,0.003875968992248062,3.046487808227539
84,20,0.3,random,15,11,15,0,dijkstra,True,True,17,17,196,0.00040433300091535784,,17.926315789473684,370.2842105263158,19.242770344373906,0.9964912280701754,0.0,0.968421052631579,0.0,0.0
84,20,0.3,random,15,11,15,0,manhattan,True,True,17,17,46,0.00011166699914610945,,1.9017543859649122,10.48421052631579,3.237933063902926,0.5087719298245614,0.0,0.21052631578947367,0.0,0.0
84,20,0.3,random,15,11,15,0,mlp_table,True,True,17,17,23,0.00014791700050409418,,1.608152016840483,5.880041348868494,2.4248796565744235,0.39649122807017545,0.6,0.14385964912280702,0.0,2.941509246826172
84,20,0.3,random,15,11,15,0,unet,True,True,17,17,65,0.00031712499912828207,,2.6684417406717937,9.701862132521368,3.1147812334931917,0.16842105263157894,0.8315789473684211,0.02456140350877193,0.3649122807017544,11.820253372192383
85,20,0.3,random,10,9,12,4,dijkstra,True,True,23,23,185,0.00039762499909556936,,14.664285714285715,274.42857142857144,16.565885772531797,0.9964285714285714,0.0,0.9392857142857143,0.0,0.0
85,20,0.3,random,10,9,12,4,manhattan,True,True,23,23,61,0.00014512499910779297,,2.7857142857142856,17.97142857142857,4.239272174728649,0.6392857142857142,0.0,0.35714285714285715,0.0,0.0
85,20,0.3,random,10,9,12,4,mlp_table,True,True,23,23,44,0.00022924999939277768,,2.30352469938142,13.393405280182947,3.6597001626066237,0.6035714285714285,0.39285714285714285,0.2892857142857143,0.0,1.654952049255371
85,20,0.3,random,10,9,12,4,unet,True,True,23,23,37,0.000225957999646198,,1.9530710238963365,7.939092752872846,2.817639571143344,0.5035714285714286,0.49642857142857144,0.16428571428571428,0.02857142857142857,5.240663528442383
86,20,0.3,random,2,3,0,14,dijkstra,True,True,15,15,126,0.00025099999947997276,,17.878228782287824,380.58671586715866,19.508631829709604,0.996309963099631,0.0,0.9630996309963099,0.0,0.0
86,20,0.3,random,2,3,0,14,manhattan,True,True,15,15,35,7.941699914226774e-05,,2.6199261992619927,14.92250922509225,3.862966376386449,0.5608856088560885,0.0,0.42066420664206644,0.0,0.0
86,20,0.3,random,2,3,0,14,mlp_table,True,True,15,15,28,0.00014970900156185962,,1.8562073003761883,6.895017326360877,2.625836500310116,0.5645756457564576,0.4317343173431734,0.22509225092250923,0.0,1.209306240081787
86,20,0.3,random,2,3,0,14,unet,True,True,15,15,23,0.0001405000002705492,,1.890126646224863,5.284125460982311,2.298722571556279,0.34686346863468637,0.6531365313653137,0.08856088560885608,0.13284132841328414,4.701147079467773
87,20,0.3,random,2,17,6,4,dijkstra,True,True,25,25,131,0.0002532919988880167,,18.548872180451127,421.65413533834584,20.534218644456523,0.9962406015037594,0.0,0.9473684210526315,0.0,0.0
87,20,0.3,random,2,17,6,4,manhattan,True,True,25,25,42,9.195900020131376e-05,,5.87218045112782,93.8796992481203,9.689153691015552,0.6015037593984962,0.0,0.39849624060150374,0.0,0.0
87,20,0.3,random,2,17,6,4,mlp_table,True,True,25,25,36,0.00018350000027567148,,5.256046850878493,79.10439819534221,8.894065335679866,0.5789473684210527,0.41729323308270677,0.3609022556390977,0.0,1.4295825958251953
87,20,0.3,random,2,17,6,4,unet,True,True,25,25,47,0.0002255830004287418,,5.7616682576953915,58.84868451092097,7.671289625018793,0.34210526315789475,0.6578947368421053,0.2744360902255639,0.3308270676691729,7.874818801879883
88,20,0.3,random,12,6,4,0,dijkstra,True,True,14,14,169,0.00034379200042167213,,18.981949458483754,432.25992779783394,20.7908616415442,0.9963898916967509,0.0,0.9530685920577617,0.0,0.0
88,20,0.3,random,12,6,4,0,manhattan,True,True,14,14,31,7.204199937405065e-05,,2.931407942238267,20.56317689530686,4.534663923082598,0.6173285198555957,0.0,0.3862815884476534,0.0,0.0
88,20,0.3,random,12,6,4,0,mlp_table,True,True,14,14,23,0.00013000000035390258,,2.070692816365927,11.250498019778687,3.3541762058333617,0.592057761732852,0.4043321299638989,0.22743682310469315,0.0,1.654952049255371
88,20,0.3,random,12,6,4,0,unet,True,True,14,14,20,0.0001224999996338738,,1.9493764036398933,8.683529944959087,2.9467829823315945,0.5090252707581228,0.49097472924187724,0.1407942238267148,0.036101083032490974,5.535680770874023
89,20,0.3,random,10,17,16,3,dijkstra,True,True,22,22,235,0.0004655409993574722,,17.715867158671585,376.1291512915129,19.39404937839215,0.996309963099631,0.0,0.940959409594096,0.0,0.0
89,20,0.3,random,10,17,16,3,manhattan,True,True,22,22,76,0.0001986660008697072,,3.3431734317343174,25.785977859778598,5.077989549002498,0.6752767527675276,0.0,0.33210332103321033,0.0,0.0
89,20,0.3,random,10,17,16,3,mlp_table,True,True,22,22,65,0.00033708399860188365,,2.9140304067477967,18.2815911929993,4.275697743409759,0.6273062730627307,0.36900369003690037,0.3062730627306273,0.01107011070110701,3.379995346069336
89,20,0.3,random,10,17,16,3,unet,True,True,22,22,66,0.00036495899985311553,,2.888971834055172,14.006385141602804,3.7425105399454526,0.33210332103321033,0.6678966789667896,0.2140221402214022,0.1992619926199262,6.781871795654297
90,20,0.3,random,17,8,8,16,dijkstra,True,True,21,21,219,0.0004443750003702007,,15.712121212121213,293.8712121212121,17.142672257300262,0.9962121212121212,0.0,0.9734848484848485,0.0,0.0
90,20,0.3,random,17,8,8,16,manhattan,True,True,21,21,79,0.00017879200095194392,,3.962121212121212,26.439393939393938,5.141925119971502,0.7272727272727273,0.0,0.6477272727272727,0.0,0.0
90,20,0.3,random,17,8,8,16,mlp_table,True,True,21,21,66,0.0003302910008642357,,3.22848601910201,18.31831198915705,4.279989718347119,0.7196969696969697,0.2765151515151515,0.4696969696969697,0.0,1.8839330673217773
90,20,0.3,random,17,8,8,16,unet,True,True,21,21,29,0.0001858750001701992,,1.5243109780730624,3.506107391319283,1.8724602509317207,0.3181818181818182,0.6818181818181818,0.04924242424242424,0.03409090909090909,8.074175834655762
91,20,0.3,random,2,12,2,6,dijkstra,True,True,6,6,40,8.283399984065909e-05,,14.451612903225806,262.81720430107526,16.211637927768905,0.996415770609319,0.0,0.9247311827956989,0.0,0.0
91,20,0.3,random,2,12,2,6,manhattan,True,True,6,6,7,2.195799970650114e-05,,1.3763440860215055,6.10752688172043,2.4713411099482867,0.3727598566308244,0.0,0.22939068100358423,0.0,0.0
91,20,0.3,random,2,12,2,6,mlp_table,True,True,6,6,7,6.320800093817525e-05,,1.29035027608222,3.080907854703506,1.7552515075348907,0.3727598566308244,0.6236559139784946,0.06451612903225806,0.017921146953405017,3.9508190155029297
91,20,0.3,random,2,12,2,6,unet,True,True,6,6,7,6.075000055716373e-05,,1.4081169154268012,2.947702939373137,1.7168875733061664,0.3118279569892473,0.6881720430107527,0.021505376344086023,0.035842293906810034,4.411109924316406
92,20,0.3,random,7,6,4,12,dijkstra,True,True,9,9,83,0.00017195899999933317,,14.512915129151292,260.61623616236164,16.143612859653246,0.996309963099631,0.0,0.9188191881918819,0.0,0.0
92,20,0.3,random,7,6,4,12,manhattan,True,True,9,9,13,3.191600080754142e-05,,3.1365313653136533,23.011070110701105,4.796985523294927,0.5645756457564576,0.0,0.4022140221402214,0.0,0.0
92,20,0.3,random,7,6,4,12,mlp_table,True,True,9,9,13,7.508300041081384e-05,,2.6771153937406647,14.281173555413492,3.779044000195485,0.5682656826568265,0.4280442804428044,0.35793357933579334,0.0,1.8131170272827148
92,20,0.3,random,7,6,4,12,unet,True,True,9,9,12,7.70839997130679e-05,,2.162681351068715,8.805151363147226,2.9673475298904957,0.5535055350553506,0.44649446494464945,0.26199261992619927,0.0036900369003690036,3.1140518188476562
93,20,0.3,random,13,6,1,12,dijkstra,True,True,20,20,187,0.00036862500019196887,,18.69465648854962,411.6106870229008,20.28819082675685,0.9961832061068703,0.0,0.9618320610687023,0.0,0.0
93,20,0.3,random,13,6,1,12,manhattan,True,True,20,20,59,0.0001306670001213206,,5.0458015267175576,44.229007633587784,6.650489277759027,0.851145038167939,0.0,0.6183206106870229,0.0,0.0
93,20,0.3,random,13,6,1,12,mlp_table,True,True,20,20,53,0.000271999999313266,,3.9903416924804223,32.299297722100306,5.683247110772178,0.8282442748091603,0.16793893129770993,0.4389312977099237,0.0,1.5738201141357422
93,20,0.3,random,13,6,1,12,unet,True,True,20,20,38,0.0002038750008068746,,3.1298462041006743,14.306413860394898,3.7823820352252757,0.3320610687022901,0.6679389312977099,0.19083969465648856,0.30916030534351147,7.380915641784668
94,20,0.3,random,6,3,2,9,dijkstra,True,True,16,16,137,0.00027358299848856404,,14.749077490774908,259.6420664206642,16.113412624911714,0.996309963099631,0.0,0.948339483394834,0.0,0.0
94,20,0.3,random,6,3,2,9,manhattan,True,True,16,16,52,0.00011958299910475034,,1.9261992619926198,7.808118081180812,2.7943010004616204,0.6383763837638377,0.0,0.21033210332103322,0.0,0.0
94,20,0.3,random,6,3,2,9,mlp_table,True,True,16,16,36,0.00019824999981210567,,1.5115202322217371,4.9946471411917965,2.234870721359917,0.5867158671586716,0.4095940959409594,0.12177121771217712,0.0,2.347749710083008
94,20,0.3,random,6,3,2,9,unet,True,True,16,16,25,0.00015283399989129975,,1.3955694674565784,3.466006138245727,1.861721283717229,0.33948339483394835,0.6568265682656826,0.07011070110701106,0.025830258302583026,4.202093124389648
95,20,0.3,random,8,17,18,19,dijkstra,True,True,12,12,96,0.00019558300118660554,,21.846441947565545,548.7078651685393,23.424514192796813,0.9962546816479401,0.0,0.9662921348314607,0.0,0.0
95,20,0.3,random,8,17,18,19,manhattan,True,True,12,12,16,3.79169996449491e-05,,3.797752808988764,43.43071161048689,6.590198146526923,0.46441947565543074,0.0,0.352059925093633,0.0,0.0
95,20,0.3,random,8,17,18,19,mlp_table,True,True,12,12,16,8.983400039141998e-05,,3.182189302498035,27.45558110151675,5.239807353473671,0.4794007490636704,0.5168539325842697,0.31835205992509363,0.0,2.6016063690185547
95,20,0.3,random,8,17,18,19,unet,True,False,12,14,17,0.00010037500032922253,,2.8906627455900673,14.646019736491642,3.8270118547623606,0.31835205992509363,0.6816479400749064,0.19101123595505617,0.1198501872659176,6.451092720031738
96,20,0.3,random,15,12,17,7,dijkstra,True,True,17,17,140,0.0002748749993770616,,17.74,394.956,19.873499943391955,0.996,0.0,0.936,0.0,0.0
96,20,0.3,random,15,12,17,7,manhattan,True,True,17,17,46,0.00010599999950500205,,5.488,56.832,7.5387001532094375,0.66,0.0,0.56,0.0,0.0
96,20,0.3,random,15,12,17,7,mlp_table,True,True,17,17,41,0.00021183299941185396,,4.958525213718414,42.276343185705656,6.5020260831302155,0.664,0.332,0.548,0.0,2.6016063690185547
96,20,0.3,random,15,12,17,7,unet,True,True,17,17,41,0.00021333400036382955,,3.6025406279563903,20.077302581241774,4.48077031114537,0.6,0.396,0.408,0.1,5.465259552001953
97,20,0.3,random,2,12,19,4,dijkstra,True,True,33,33,210,0.00040620899926580023,,19.696969696969695,473.90909090909093,21.769453160543353,0.9962121212121212,0.0,0.9621212121212122,0.0,0.0
97,20,0.3,random,2,12,19,4,manhattan,True,True,33,33,99,0.0002166659996873932,,3.712121212121212,36.78787878787879,6.065301211636466,0.4962121212121212,0.0,0.39015151515151514,0.0,0.0
97,20,0.3,random,2,12,19,4,mlp_table,True,True,33,33,76,0.00036787499993806705,,3.1402293660423974,24.28191759490004,4.927668576000221,0.5037878787878788,0.49242424242424243,0.3522727272727273,0.0,2.659409523010254
97,20,0.3,random,2,12,19,4,unet,True,True,33,33,78,0.0003758329985430464,,3.0565268261866136,16.70344200538098,4.086984463560019,0.3977272727272727,0.6022727272727273,0.20075757575757575,0.14772727272727273,7.554132461547852
98,20,0.3,random,18,9,16,12,dijkstra,True,True,21,21,159,0.00032337499942514114,,21.433333333333334,531.9416666666667,23.06386061930367,0.9958333333333333,0.0,0.9708333333333333,0.0,0.0
98,20,0.3,random,18,9,16,12,manhattan,True,True,21,21,71,0.0001560000000608852,,8.191666666666666,98.71666666666667,9.935626133599566,0.8125,0.0,0.75,0.0,0.0
98,20,0.3,random,18,9,16,12,mlp_table,True,True,21,21,62,0.0003095419997407589,,7.33125401387612,80.05593230915393,8.947398074812249,0.8166666666666667,0.17916666666666667,0.7166666666666667,0.0,1.0350723266601562
98,20,0.3,random,18,9,16,12,unet,True,True,21,21,48,0.0002331669984414475,,3.7394005695978803,18.550006569452854,4.306971856125003,0.4625,0.5375,0.25416666666666665,0.35,8.30265998840332
99,20,0.3,random,12,15,14,1,dijkstra,True,True,30,30,245,0.0004881250006292248,,23.883268482490273,675.8365758754863,25.996857038409207,0.9961089494163424,0.0,0.9688715953307393,0.0,0.0
99,20,0.3,random,12,15,14,1,manhattan,True,True,30,30,152,0.0003278339991084067,,9.190661478599221,153.4785992217899,12.388647998138856,0.9260700389105059,0.0,0.708171206225681,0.0,0.0
99,20,0.3,random,12,15,14,1,mlp_table,True,True,30,30,133,0.0006276250005612383,,8.022346462721027,125.1698375893389,11.187932677190139,0.9299610894941635,0.06614785992217899,0.6536964980544747,0.0,1.8165855407714844
99,20,0.3,random,12,15,14,1,unet,True,True,30,30,135,0.0006751670007361099,,6.209801181049198,83.07419892394563,9.11450486444248,0.7042801556420234,0.29571984435797666,0.48249027237354086,0.06614785992217899,6.390434265136719
0,20,0.4,random,6,0,2,11,dijkstra,True,True,19,19,92,0.00017291699987254106,,26.730337078651687,836.8089887640449,28.92765093753803,0.9943820224719101,0.0,0.9550561797752809,0.0,0.0
0,20,0.4,random,6,0,2,11,manhattan,True,True,19,19,56,0.0001212089991895482,,16.224719101123597,363.3258426966292,19.061108118276575,0.9101123595505618,0.0,0.8651685393258427,0.0,0.0
0,20,0.4,random,6,0,2,11,mlp_table,True,True,19,19,50,0.0002510410013201181,,15.26287661978368,328.76448394339803,18.13186377467573,0.9044943820224719,0.0898876404494382,0.8089887640449438,0.0,1.0457634925842285
0,20,0.4,random,6,0,2,11,unet,True,True,19,19,53,0.0002545000006648479,,11.8085789017463,213.5774373454973,14.614288807379484,0.7752808988764045,0.2247191011235955,0.6797752808988764,0.05056179775280899,6.3400774002075195
1,20,0.4,random,3,14,5,17,dijkstra,True,True,5,5,19,3.987499985669274e-05,,5.185185185185185,35.74074074074074,5.978356023250935,0.9814814814814815,0.0,0.6851851851851852,0.0,0.0
1,20,0.4,random,3,14,5,17,manhattan,True,True,5,5,9,2.2959000489208847e-05,,0.5555555555555556,2.5925925925925926,1.6101529717988265,0.16666666666666666,0.0,0.05555555555555555,0.0,0.0
1,20,0.4,random,3,14,5,17,mlp_table,True,True,5,5,6,4.6332999772857875e-05,,0.8785567283630371,2.266404897843661,1.505458368020737,0.2037037037037037,0.7777777777777778,0.05555555555555555,0.0,1.8165855407714844
1,20,0.4,random,3,14,5,17,unet,True,True,5,5,8,4.9416999900131486e-05,,1.8476502862241533,5.927963655089756,2.4347409831622246,0.12962962962962962,0.8703703703703703,0.0,0.2962962962962963,6.130131721496582
2,20,0.4,random,7,7,14,7,dijkstra,True,True,11,11,45,9.10420003492618e-05,,7.520408163265306,72.33673469387755,8.505100510510005,0.9897959183673469,0.0,0.7959183673469388,0.0,0.0
2,20,0.4,random,7,7,14,7,manhattan,True,True,11,11,23,5.5958998927962966e-05,,1.1428571428571428,4.163265306122449,2.040408122440814,0.35714285714285715,0.0,0.19387755102040816,0.0,0.0
2,20,0.4,random,7,7,14,7,mlp_table,True,True,11,11,14,0.00010062500041385647,,1.0739297063983217,2.3108778609736635,1.5201571829826228,0.3673469387755102,0.6224489795918368,0.09183673469387756,0.0,1.5738201141357422
2,20,0.4,random,7,7,14,7,unet,True,True,11,11,19,0.00012687500020547304,,1.4765104681861645,3.684199120374933,1.9194267686929172,0.12244897959183673,0.8775510204081632,0.0,0.14285714285714285,4.938512802124023
3,20,0.4,random,11,12,5,5,dijkstra,True,True,41,41,167,0.00031566600046062376,,26.30901287553648,971.6394849785407,31.171132237673703,0.9957081545064378,0.0,0.9527896995708155,0.0,0.0
3,20,0.4,random,11,12,5,5,manhattan,True,True,41,41,140,0.0002889579991460778,,14.446351931330472,406.43776824034336,20.160301789416334,0.7424892703862661,0.0,0.6824034334763949,0.0,0.0
3,20,0.4,random,11,12,5,5,mlp_table,True,True,41,41,138,0.0006162499994388781,,13.795931752147593,383.2840813651147,19.577642385259637,0.7467811158798283,0.24892703862660945,0.6437768240343348,0.0,1.8131170272827148
3,20,0.4,random,11,12,5,5,unet,True,True,41,41,127,0.0005685840005753562,,11.504778720278596,226.3186809762764,15.043891816158357,0.48497854077253216,0.5150214592274678,0.44635193133047213,0.44635193133047213,9.853370666503906
4,20,0.4,random,1,8,0,7,dijkstra,True,True,2,2,4,9.624998710933141e-06,,1.5,3.0,1.7320508075688772,0.875,0.0,0.0,0.0,0.0
4,20,0.4,random,1,8,0,7,manhattan,True,True,2,2,4,8.707998858881183e-06,,0.0,0.0,0.0,0.0,0.0,0.0,0.0,0.0
4,20,0.4,random,1,8,0,7,mlp_table,True,True,2,2,3,1.9832999896607362e-05,,0.20877258479595184,0.10307690369003986,0.321055919880073,0.125,0.75,0.0,0.0,0.6905646324157715
4,20,0.4,random,1,8,0,7,unet,True,True,2,2,4,1.8708000425249338e-05,,7.526087641716003,85.71484328137848,9.25823110974113,0.0,1.0,0.0,1.0,19.432056427001953
5,20,0.4,random,9,10,6,16,dijkstra,True,True,9,9,63,0.00012754199997289106,,15.847368421052632,327.35263157894735,18.092888978240797,0.9947368421052631,0.0,0.9105263157894737,0.0,0.0
5,20,0.4,random,9,10,6,16,manhattan,True,True,9,9,18,4.229099977237638e-05,,3.5052631578947366,21.2,4.604345773288535,0.6947368421052632,0.0,0.5736842105263158,0.0,0.0
5,20,0.4,random,9,10,6,16,mlp_table,True,True,9,9,10,6.58330009173369e-05,,2.8806140115386563,14.252767422975564,3.7752837539681128,0.7,0.29473684210526313,0.42105263157894735,0.0,1.4590835571289062
5,20,0.4,random,9,10,6,16,unet,True,True,9,9,10,6.912500066391658e-05,,1.9404550274343868,6.846160409589472,2.6165168468002404,0.5210526315789473,0.4789473684210526,0.14210526315789473,0.10526315789473684,6.517111778259277
6,20,0.4,random,17,19,13,18,dijkstra,True,True,9,9,34,6.712499998684507e-05,,8.15,84.28333333333333,9.180595478144832,0.9833333333333333,0.0,0.85,0.0,0.0
6,20,0.4,random,17,19,13,18,manhattan,True,True,9,9,19,4.379199890536256e-05,,1.9333333333333333,11.866666666666667,3.444802848737017,0.4166666666666667,0.0,0.2833333333333333,0.0,0.0
6,20,0.4,random,17,19,13,18,mlp_table,True,True,9,9,15,8.629200056020636e-05,,1.5902050316333771,6.533482810948992,2.556067841617079,0.43333333333333335,0.55,0.15,0.0,1.1628007888793945
6,20,0.4,random,17,19,13,18,unet,True,True,9,9,16,9.054200017999392e-05,,2.6709251205126443,10.943961062554585,3.3081658154564417,0.11666666666666667,0.8833333333333333,0.03333333333333333,0.38333333333333336,8.263484954833984
7,20,0.4,random,11,19,14,18,dijkstra,True,True,4,4,12,2.7542000680114143e-05,,17.886486486486486,427.7891891891892,20.683065275466042,0.9945945945945946,0.0,0.9297297297297298,0.0,0.0
7,20,0.4,random,11,19,14,18,manhattan,True,True,4,4,6,1.4332999853650108e-05,,4.043243243243243,55.30810810810811,7.436942120798582,0.5621621621621622,0.0,0.3783783783783784,0.0,0.0
7,20,0.4,random,11,19,14,18,mlp_table,True,True,4,4,5,3.258399920014199e-05,,3.6366447899792647,49.39672179911206,7.028280145178623,0.4756756756756757,0.518918918918919,0.2648648648648649,0.0,2.262269973754883
7,20,0.4,random,11,19,14,18,unet,True,True,4,4,5,2.8833999749622308e-05,,4.385067972299215,39.76419321883503,6.3058856014706635,0.24324324324324326,0.7513513513513513,0.15135135135135136,0.3567567567567568,11.33010482788086
8,20,0.4,random,13,12,10,17,dijkstra,True,True,8,8,33,6.662499981757719e-05,,12.953125,206.515625,14.370651516197865,0.984375,0.0,0.875,0.0,0.0
8,20,0.4,random,13,12,10,17,manhattan,True,True,8,8,9,2.204200063715689e-05,,0.1875,0.375,0.6123724356957945,0.09375,0.0,0.0,0.0,0.0
8,20,0.4,random,13,12,10,17,mlp_table,True,True,8,8,9,5.274999966786709e-05,,0.6183289103209972,0.5035453439803157,0.7096092896660215,0.109375,0.875,0.0,0.0,1.6286182403564453
8,20,0.4,random,13,12,10,17,unet,True,True,8,8,16,7.704199924774002e-05,,6.066713333129883,40.60149832307311,6.371930502059255,0.0,1.0,0.0,0.90625,10.637970924377441
9,20,0.4,random,18,12,3,19,dijkstra,True,True,24,24,103,0.00019670799883897416,,24.063218390804597,677.235632183908,26.02375130883148,0.9942528735632183,0.0,0.9655172413793104,0.0,0.0
9,20,0.4,random,18,12,3,19,manhattan,True,True,24,24,47,9.954200140782632e-05,,6.816091954022989,102.36781609195403,10.117698161733925,0.7701149425287356,0.0,0.603448275862069,0.0,0.0
9,20,0.4,random,18,12,3,19,mlp_table,True,True,24,24,40,0.00019270800112280995,,5.797547102659598,76.53895659151749,8.748654558931761,0.7758620689655172,0.21839080459770116,0.5804597701149425,0.0,1.4590835571289062
9,20,0.4,random,18,12,3,19,unet,True,True,24,24,76,0.000324332999298349,,7.076669808091788,66.3821408138976,8.147523600082273,0.2413793103448276,0.7586206896551724,0.16666666666666666,0.7068965517241379,21.742103576660156
10,20,0.4,random,8,18,4,6,dijkstra,True,True,16,16,103,0.00020883399884041864,,17.24607329842932,410.7958115183246,20.268098369564044,0.9947643979057592,0.0,0.9319371727748691,0.0,0.0
10,20,0.4,random,8,18,4,6,manhattan,True,True,16,16,46,0.00014679199921374675,,6.900523560209424,108.6282722513089,10.422488774343146,0.6020942408376964,0.0,0.4607329842931937,0.0,0.0
10,20,0.4,random,8,18,4,6,mlp_table,True,True,16,16,17,0.00012837500071327668,,6.451946176783577,88.73627921294525,9.419993588795338,0.5549738219895288,0.4397905759162304,0.44502617801047123,0.005235602094240838,3.033884048461914
10,20,0.4,random,8,18,4,6,unet,True,True,16,16,17,0.00012595800035342108,,5.385598108796549,44.37900428904288,6.66175684703689,0.41361256544502617,0.5863874345549738,0.3717277486910995,0.28272251308900526,7.998987197875977
11,20,0.4,random,16,13,17,5,dijkstra,True,True,19,19,103,0.0002029999996011611,,15.792553191489361,326.49468085106383,18.0691638116174,0.9946808510638298,0.0,0.9148936170212766,0.0,0.0
11,20,0.4,random,16,13,17,5,manhattan,True,True,19,19,30,6.720800047332887e-05,,3.606382978723404,30.872340425531913,5.556288367744417,0.6542553191489362,0.0,0.3882978723404255,0.0,0.0
11,20,0.4,random,16,13,17,5,mlp_table,True,True,19,19,28,0.0001348329988104524,,3.1238623350224595,20.948016298670378,4.576900293721765,0.6436170212765957,0.35106382978723405,0.3776595744680851,0.0,1.5517778396606445
11,20,0.4,random,16,13,17,5,unet,True,True,19,19,27,0.00013083400153846014,,2.856243406838559,16.41568216029902,4.051627100351046,0.3882978723404255,0.6063829787234043,0.23404255319148937,0.10638297872340426,7.909732818603516
12,20,0.4,random,14,19,18,12,dijkstra,True,True,11,11,56,0.00010670899973774794,,15.07857142857143,285.17857142857144,16.887231017208578,0.9928571428571429,0.0,0.95,0.0,0.0
12,20,0.4,random,14,19,18,12,manhattan,True,True,11,11,19,4.758300019602757e-05,,3.0428571428571427,17.114285714285714,4.136941589421552,0.7071428571428572,0.0,0.4357142857142857,0.0,0.0
12,20,0.4,random,14,19,18,12,mlp_table,True,True,11,11,12,8.345899914274924e-05,,2.2580294515405384,9.810894870991802,3.13223480457513,0.6785714285714286,0.3142857142857143,0.32142857142857145,0.0,1.654952049255371
12,20,0.4,random,14,19,18,12,unet,True,True,11,11,12,8.554200030630454e-05,,4.505102310010365,22.79954286366042,4.774886685949775,0.02857142857142857,0.9714285714285714,0.014285714285714285,0.8142857142857143,8.981452941894531
13,20,0.4,random,10,1,7,2,dijkstra,True,True,6,6,23,5.1541999710025266e-05,,7.046153846153846,59.16923076923077,7.692153844615354,0.9846153846153847,0.0,0.8769230769230769,0.0,0.0
13,20,0.4,random,10,1,7,2,manhattan,True,True,6,6,13,2.9041999368928373e-05,,1.2307692307692308,5.7846153846153845,2.405122737952345,0.36923076923076925,0.0,0.13846153846153847,0.0,0.0
13,20,0.4,random,10,1,7,2,mlp_table,True,True,6,6,11,7.14999987394549e-05,,1.2576158211781427,4.424017588519027,2.103334873128629,0.35384615384615387,0.6307692307692307,0.1076923076923077,0.0,1.654952049255371
13,20,0.4,random,10,1,7,2,unet,True,True,6,6,10,5.4292000640998594e-05,,3.851057242430173,18.29236968654758,4.2769579944801395,0.06153846153846154,0.9384615384615385,0.015384615384615385,0.6,7.891258239746094
14,20,0.4,random,15,9,1,1,dijkstra,True,True,22,22,135,0.0002554580005380558,,20.263803680981596,495.26993865030676,22.254661054491635,0.9938650306748467,0.0,0.9386503067484663,0.0,0.0
14,20,0.4,random,15,9,1,1,manhattan,True,True,22,22,40,9.795799996936694e-05,,2.687116564417178,19.165644171779142,4.377858400151739,0.5460122699386503,0.0,0.3619631901840491,0.0,0.0
14,20,0.4,random,15,9,1,1,mlp_table,True,True,22,22,37,0.0002071250000881264,,2.4215019451328583,15.135830544059289,3.890479474828172,0.5030674846625767,0.49079754601226994,0.3006134969325153,0.0,2.4467906951904297
14,20,0.4,random,15,9,1,1,unet,True,True,22,22,39,0.000217415999941295,,3.8607831662692176,19.023795961853356,4.361627673455559,0.3067484662576687,0.6932515337423313,0.1901840490797546,0.4723926380368098,9.472040176391602
15,20,0.4,random,7,10,11,11,dijkstra,True,True,7,7,22,4.8833000619197264e-05,,7.908396946564886,74.59541984732824,8.636864005374187,0.9923664122137404,0.0,0.8854961832061069,0.0,0.0
15,20,0.4,random,7,10,11,11,manhattan,True,True,7,7,9,2.204200063715689e-05,,0.9770992366412213,3.236641221374046,1.7990667640123992,0.33587786259541985,0.0,0.1450381679389313,0.0,0.0
15,20,0.4,random,7,10,11,11,mlp_table,True,True,7,7,9,5.58339997951407e-05,,0.9772218529504674,1.6493899418561644,1.2842857711024305,0.32061068702290074,0.6717557251908397,0.030534351145038167,0.0,1.8839330673217773
15,20,0.4,random,7,10,11,11,unet,True,True,7,7,8,4.929200076730922e-05,,2.1202668286006867,6.763515007363196,2.60067587510693,0.10687022900763359,0.8931297709923665,0.0,0.3053435114503817,7.102420806884766
16,20,0.4,random,17,17,10,13,dijkstra,True,True,15,15,60,0.00011866699969687033,,14.861702127659575,290.031914893617,17.030323393688594,0.9893617021276596,0.0,0.9468085106382979,0.0,0.0
16,20,0.4,random,17,17,10,13,manhattan,True,True,15,15,37,8.32919995445991e-05,,5.680851063829787,52.38297872340426,7.2376086329259515,0.723404255319149,0.0,0.7021276595744681,0.0,0.0
16,20,0.4,random,17,17,10,13,mlp_table,True,True,15,15,36,0.00017879200095194392,,5.123257350414358,41.473584272111104,6.439998778890498,0.723404255319149,0.26595744680851063,0.6382978723404256,0.0,2.09521484375
16,20,0.4,random,17,17,10,13,unet,True,True,15,15,19,0.00010941599975922145,,9.02716658977752,91.95234885437044,9.589178737220953,0.0,1.0,0.0,0.9148936170212766,14.114259719848633
17,20,0.4,random,1,16,10,8,dijkstra,True,True,21,21,93,0.00017529199976706877,,16.09493670886076,310.2974683544304,17.615262369730132,0.9936708860759493,0.0,0.9493670886075949,0.0,0.0
17,20,0.4,random,1,16,10,8,manhattan,True,True,21,21,63,0.00013720900096814148,,6.481012658227848,62.177215189873415,7.885253020028807,0.8670886075949367,0.0,0.7468354430379747,0.0,0.0
17,20,0.4,random,1,16,10,8,mlp_table,True,True,21,21,59,0.0002776670007733628,,5.938011751144747,53.5826794780706,7.320019090007253,0.8734177215189873,0.12025316455696203,0.7341772151898734,0.0,0.9806671142578125
17,20,0.4,random,1,16,10,8,unet,True,True,21,21,50,0.00025054199977603275,,2.8418809115132198,11.953824798492981,3.4574303750752495,0.46835443037974683,0.5316455696202531,0.26582278481012656,0.17721518987341772,8.372835159301758
18,20,0.4,random,8,13,1,9,dijkstra,True,True,11,11,67,0.0001349160011159256,,10.216,129.032,11.359225325698931,0.992,0.0,0.92,0.0,0.0
18,20,0.4,random,8,13,1,9,manhattan,True,True,11,11,21,5.03330011270009e-05,,1.296,6.432,2.536138797463577,0.328,0.0,0.208,0.0,0.0
18,20,0.4,random,8,13,1,9,mlp_table,True,True,11,11,12,0.0001487500012444798,,1.4094907140731812,4.669688082457942,2.1609461081799197,0.336,0.656,0.128,0.0,1.8131170272827148
18,20,0.4,random,8,13,1,9,unet,True,True,11,11,16,9.395800043421332e-05,,4.281610852241516,27.210081468070392,5.216328351251519,0.008,0.992,0.0,0.568,12.465177536010742
19,20,0.4,random,18,0,18,2,dijkstra,True,True,4,4,7,1.3916000170866027e-05,,4.931034482758621,35.3448275862069,5.945151603298851,0.9655172413793104,0.0,0.5862068965517241,0.0,0.0
19,20,0.4,random,18,0,18,2,manhattan,True,True,4,4,6,1.17090003186604e-05,,0.20689655172413793,0.41379310344827586,0.6432675209026769,0.10344827586206896,0.0,0.0,0.0,0.0
19,20,0.4,random,18,0,18,2,mlp_table,True,True,4,4,5,2.7584001145442016e-05,,0.5007702564371044,0.3939567331302777,0.6276597271852621,0.1724137931034483,0.7931034482758621,0.0,0.0,0.6905646324157715
19,20,0.4,random,18,0,18,2,unet,True,True,4,4,6,2.6084000637638383e-05,,2.316603415998919,9.978839682067022,3.1589301483361454,0.2413793103448276,0.7241379310344828,0.0,0.3448275862068966,6.226415634155273
20,20,0.4,random,5,10,7,10,dijkstra,True,True,2,2,10,2.204200063715689e-05,,6.051282051282051,46.87179487179487,6.846297895344232,0.9743589743589743,0.0,0.7692307692307693,0.0,0.0
20,20,0.4,random,5,10,7,10,manhattan,True,True,2,2,3,8.709001122042537e-06,,0.3076923076923077,0.6153846153846154,0.7844645405527362,0.15384615384615385,0.0,0.0,0.0,0.0
20,20,0.4,random,5,10,7,10,mlp_table,True,True,2,2,3,2.537500040489249e-05,,0.7569816632148547,0.7703903851153874,0.8777188531160689,0.15384615384615385,0.8205128205128205,0.0,0.0,1.654952049255371
20,20,0.4,random,5,10,7,10,unet,True,True,2,2,3,2.2750000425730832e-05,,13.907712630736523,211.56672784410665,14.545333541865125,0.0,1.0,0.0,1.0,23.5707950592041
21,20,0.4,random,0,6,11,14,dijkstra,True,True,21,21,109,0.00020529099856503308,,12.546153846153846,198.16153846153847,14.076986128484267,0.9923076923076923,0.0,0.8846153846153846,0.0,0.0
21,20,0.4,random,0,6,11,14,manhattan,True,True,21,21,46,0.00010037500032922253,,1.676923076923077,7.476923076923077,2.7343962911258997,0.5230769230769231,0.0,0.18461538461538463,0.0,0.0
21,20,0.4,random,0,6,11,14,mlp_table,True,True,21,21,46,0.00022454200006905012,,1.5747070019061749,5.187860099829425,2.277687445596833,0.46923076923076923,0.5230769230769231,0.12307692307692308,0.0,2.941509246826172
21,20,0.4,random,0,6,11,14,unet,True,True,21,21,49,0.00023258300097950269,,3.7939296814111563,19.429957202318427,4.4079425134997425,0.05384615384615385,0.9461538461538461,0.007692307692307693,0.5538461538461539,9.995656967163086
22,20,0.4,random,17,5,10,15,dijkstra,True,True,17,17,52,0.00010300000030838419,,8.188235294117646,89.74117647058823,9.473181961230779,0.9882352941176471,0.0,0.8235294117647058,0.0,0.0
22,20,0.4,random,17,5,10,15,manhattan,True,True,17,17,22,6.879200009279884e-05,,1.0823529411764705,3.5764705882352943,1.8911558868150702,0.36470588235294116,0.0,0.17647058823529413,0.0,0.0
22,20,0.4,random,17,5,10,15,mlp_table,True,True,17,17,22,0.00012116700054320972,,0.9049350009245031,1.486764875201502,1.2193296827361753,0.3764705882352941,0.611764705882353,0.047058823529411764,0.0,1.54368257522583
22,20,0.4,random,17,5,10,15,unet,True,True,17,17,24,0.00012137499834352639,,2.7337430063415975,10.633356766160803,3.2608828200597464,0.047058823529411764,0.9411764705882353,0.0,0.3764705882352941,8.957921981811523
23,20,0.4,random,18,19,5,7,dijkstra,True,True,27,27,117,0.00025379199905728456,,17.327731092436974,350.7226890756302,18.727591651774933,0.9957983193277311,0.0,0.9747899159663865,0.0,0.0
23,20,0.4,random,18,19,5,7,manhattan,True,True,27,27,69,0.00014591699982702266,,5.697478991596639,73.5798319327731,8.577868729047625,0.7352941176470589,0.0,0.5546218487394958,0.0,0.0
23,20,0.4,random,18,19,5,7,mlp_table,True,True,27,27,64,0.00034683400008361787,,5.135414804731097,63.82231524534847,7.988886984139184,0.7310924369747899,0.2647058823529412,0.4579831932773109,0.0,1.7176666259765625
23,20,0.4,random,18,19,5,7,unet,True,True,27,27,62,0.0002913749995059334,,6.1059713263471584,50.859565594554134,7.13158927550894,0.16806722689075632,0.8319327731092437,0.11764705882352941,0.7100840336134454,11.737470626831055
24,20,0.4,random,11,6,5,17,dijkstra,True,True,23,23,149,0.00028612499954761006,,17.742990654205606,400.5373831775701,20.013430070269568,0.9953271028037384,0.0,0.9345794392523364,0.0,0.0
24,20,0.4,random,11,6,5,17,manhattan,True,True,23,23,57,0.00012766599866154138,,4.5607476635514015,46.429906542056074,6.81394940853365,0.6728971962616822,0.0,0.5654205607476636,0.0,0.0
24,20,0.4,random,11,6,5,17,mlp_table,True,True,23,23,32,0.0001870420001068851,,3.8949733415496683,35.00804106337284,5.916759337963041,0.6822429906542056,0.3130841121495327,0.4672897196261682,0.0,1.8165855407714844
24,20,0.4,random,11,6,5,17,unet,True,True,23,23,86,0.0004168329996900866,,3.6024595292929176,25.12242527187873,5.012227575826813,0.29439252336448596,0.705607476635514,0.11214953271028037,0.3411214953271028,10.779973030090332
25,20,0.4,random,6,10,0,18,dijkstra,True,True,16,16,47,8.504100151185412e-05,,20.70689655172414,539.6551724137931,23.230479384071977,0.9913793103448276,0.0,0.9568965517241379,0.0,0.0
25,20,0.4,random,6,10,0,18,manhattan,True,True,16,16,24,4.787500074598938e-05,,7.689655172413793,90.34482758620689,9.504989615260339,0.8017241379310345,0.0,0.6637931034482759,0.0,0.0
25,20,0.4,random,6,10,0,18,mlp_table,True,True,16,16,21,9.841700011747889e-05,,6.4541044307166135,63.668963254253775,7.979283379743683,0.8103448275862069,0.1810344827586207,0.6551724137931034,0.0,1.8131170272827148
25,20,0.4,random,6,10,0,18,unet,True,True,16,16,59,0.00024862499958544504,,11.24842773634812,202.38539948140775,14.226222249121786,0.3448275862068966,0.6551724137931034,0.19827586206896552,0.6120689655172413,33.223876953125
26,20,0.4,random,4,18,8,19,dijkstra,True,True,5,5,19,3.96249997720588e-05,,11.43939393939394,161.07575757575756,12.691562456047622,0.9848484848484849,0.0,0.9242424242424242,0.0,0.0
26,20,0.4,random,4,18,8,19,manhattan,True,True,5,5,8,1.833300120779313e-05,,2.393939393939394,14.727272727272727,3.8376128944009875,0.4696969696969697,0.0,0.3787878787878788,0.0,0.0
26,20,0.4,random,4,18,8,19,mlp_table,True,True,5,5,6,3.554199975042138e-05,,2.4803613911975515,11.927383968626673,3.4536044893164406,0.48484848484848486,0.5,0.36363636363636365,0.0,2.1429433822631836
26,20,0.4,random,4,18,8,19,unet,True,True,5,5,6,3.312499939056579e-05,,11.86826946518638,150.7716562630984,12.278911037347669,0.0,1.0,0.0,1.0,17.407150268554688
27,20,0.4,random,18,12,1,18,dijkstra,True,True,31,31,186,0.00038145800135680474,,23.743119266055047,672.5045871559633,25.932693403423475,0.9954128440366973,0.0,0.9770642201834863,0.0,0.0
27,20,0.4,random,18,12,1,18,manhattan,True,True,31,31,101,0.0002192920001107268,,6.587155963302752,83.04587155963303,9.11295076029894,0.9770642201834863,0.0,0.6238532110091743,0.0,0.0
27,20,0.4,random,18,12,1,18,mlp_table,True,True,31,31,92,0.00041733299985935446,,5.569337873830708,62.29569052771512,7.892761907451352,0.981651376146789,0.013761467889908258,0.6009174311926605,0.0,0.3640275001525879
27,20,0.4,random,18,12,1,18,unet,True,True,31,31,166,0.0007041669996397104,,5.740730166435242,54.67972769312297,7.39457420634366,0.38990825688073394,0.6100917431192661,0.15137614678899083,0.4954128440366973,22.073345184326172
28,20,0.4,random,15,3,19,13,dijkstra,True,True,16,16,71,0.00013758300156041514,,12.197368421052632,173.25,13.162446581088183,0.9868421052631579,0.0,0.9210526315789473,0.0,0.0
28,20,0.4,random,15,3,19,13,manhattan,True,True,16,16,39,8.770800013735425e-05,,3.3421052631578947,16.57894736842105,4.071725355229777,0.9078947368421053,0.0,0.4342105263157895,0.0,0.0
28,20,0.4,random,15,3,19,13,mlp_table,True,True,16,16,33,0.00016687500101397745,,2.237864044151808,9.105663511486126,3.0175591976771767,0.881578947368421,0.10526315789473684,0.2894736842105263,0.0,0.7532773017883301
28,20,0.4,random,15,3,19,13,unet,True,True,16,16,23,0.00014241699864214752,,6.0250659961449475,41.07573910765666,6.409035739302493,0.0,1.0,0.0,0.9078947368421053,11.309473037719727
29,20,0.4,random,0,12,4,17,dijkstra,True,True,9,9,40,7.97079992480576e-05,,9.153846153846153,113.34615384615384,10.646415070161122,0.9807692307692307,0.0,0.8076923076923077,0.0,0.0
29,20,0.4,random,0,12,4,17,manhattan,True,True,9,9,17,3.8209000194910914e-05,,1.7307692307692308,7.461538461538462,2.731581677625339,0.4807692307692308,0.0,0.2692307692307692,0.0,0.0
29,20,0.4,random,0,12,4,17,mlp_table,True,True,9,9,14,8.029200034798123e-05,,1.2015330264201531,2.780299958324503,1.6674231491509595,0.5,0.4807692307692308,0.11538461538461539,0.0,1.207629680633545
29,20,0.4,random,0,12,4,17,unet,True,True,9,9,15,8.508399878337514e-05,,2.165596911540398,6.72929067333124,2.594087637943491,0.019230769230769232,0.9807692307692307,0.0,0.2692307692307692,7.217048645019531
30,20,0.4,random,4,10,1,8,dijkstra,True,True,5,5,16,3.2750000173109584e-05,,14.128378378378379,264.2364864864865,16.255352548821772,0.9932432432432432,0.0,0.8918918918918919,0.0,0.0
30,20,0.4,random,4,10,1,8,manhattan,True,True,5,5,8,2.0125000446569175e-05,,3.22972972972973,34.13513513513514,5.842528145857334,0.5472972972972973,0.0,0.2972972972972973,0.0,0.0
30,20,0.4,random,4,10,1,8,mlp_table,True,True,5,5,6,4.07090010412503e-05,,3.0238814917770593,28.2330025147615,5.313473676867281,0.5608108108108109,0.43243243243243246,0.2702702702702703,0.0,1.8131170272827148
30,20,0.4,random,4,10,1,8,unet,True,True,5,5,8,4.704200000560377e-05,,3.2807751636247375,19.986185832566207,4.470591217340969,0.3310810810810811,0.668918918918919,0.1554054054054054,0.2905405405405405,9.396856307983398
31,20,0.4,random,15,5,1,17,dijkstra,True,True,38,38,176,0.00036383299993758556,,26.78306878306878,858.4973544973545,29.300125503099036,0.9947089947089947,0.0,0.9576719576719577,0.0,0.0
31,20,0.4,random,15,5,1,17,manhattan,True,True,38,38,127,0.000275791000603931,,9.65079365079365,150.39153439153438,12.263422621419128,0.9417989417989417,0.0,0.8518518518518519,0.0,0.0
31,20,0.4,random,15,5,1,17,mlp_table,True,True,38,38,112,0.0005367499998101266,,8.815170665897389,128.55492788141507,11.338206554892844,0.9417989417989417,0.05291005291005291,0.8201058201058201,0.0,1.0457634925842285
31,20,0.4,random,15,5,1,17,unet,True,True,38,38,141,0.0006235410000954289,,6.612991204968205,69.8358117849145,8.356782382287724,0.6190476190476191,0.38095238095238093,0.5026455026455027,0.2222222222222222,10.628766059875488
32,20,0.4,random,5,17,9,14,dijkstra,True,True,7,7,19,3.575000118871685e-05,,12.81203007518797,230.51127819548873,15.182597873733227,0.9924812030075187,0.0,0.8646616541353384,0.0,0.0
32,20,0.4,random,5,17,9,14,manhattan,True,True,7,7,10,2.350000067963265e-05,,4.481203007518797,42.10526315789474,6.488856845230502,0.6466165413533834,0.0,0.45864661654135336,0.0,0.0
32,20,0.4,random,5,17,9,14,mlp_table,True,True,7,7,8,4.9500000386615284e-05,,4.122682691516733,36.29203264868515,6.024286899599416,0.6616541353383458,0.3308270676691729,0.38345864661654133,0.0,1.4590835571289062
32,20,0.4,random,5,17,9,14,unet,True,True,7,7,8,4.662500032281969e-05,,3.7001542138650003,20.875605746443533,4.568983010084797,0.37593984962406013,0.6240601503759399,0.3082706766917293,0.23308270676691728,8.145669937133789
33,20,0.4,random,10,3,18,10,dijkstra,True,True,35,35,160,0.0002939160003734287,,23.301020408163264,722.5255102040817,26.879834638704192,0.9948979591836735,0.0,0.9489795918367347,0.0,0.0
33,20,0.4,random,10,3,18,10,manhattan,True,True,35,35,122,0.0002505829997971887,,10.387755102040817,179.0612244897959,13.381376031253135,0.8163265306122449,0.0,0.6581632653061225,0.0,0.0
33,20,0.4,random,10,3,18,10,mlp_table,True,True,35,35,114,0.0004932920001010643,,9.595113006173348,155.62631603536047,12.475027696777289,0.7959183673469388,0.1989795918367347,0.6428571428571429,0.0,1.8378496170043945
33,20,0.4,random,10,3,18,10,unet,True,True,35,35,111,0.0004868750002060551,,7.973050754669369,102.32444548770243,10.115554630750724,0.6020408163265306,0.39285714285714285,0.5153061224489796,0.17346938775510204,6.933307647705078
34,20,0.4,random,6,7,12,12,dijkstra,True,True,11,11,95,0.0001872910015663365,,14.78191489361702,270.9414893617021,16.46030040314277,0.9946808510638298,0.0,0.9148936170212766,0.0,0.0
34,20,0.4,random,6,7,12,12,manhattan,True,True,11,11,16,3.779200051212683e-05,,4.48936170212766,52.59574468085106,7.252292374198041,0.574468085106383,0.0,0.4521276595744681,0.0,0.0
34,20,0.4,random,6,7,12,12,mlp_table,True,True,11,11,16,8.837499990477227e-05,,4.070651703058405,44.395487198511766,6.662993861509387,0.5691489361702128,0.425531914893617,0.3882978723404255,0.0,1.4590835571289062
34,20,0.4,random,6,7,12,12,unet,True,True,11,11,20,0.00010379100058344193,,4.008421148550003,28.476806098129817,5.33636637592752,0.35106382978723405,0.648936170212766,0.22872340425531915,0.2765957446808511,6.080440521240234
35,20,0.4,random,7,1,5,0,dijkstra,True,True,3,3,6,1.3124999895808287e-05,,1.7142857142857142,4.0,2.0,0.8571428571428571,0.0,0.0,0.0,0.0
35,20,0.4,random,7,1,5,0,manhattan,True,True,3,3,5,1.0750000001280569e-05,,0.0,0.0,0.0,0.0,0.0,0.0,0.0,0.0
35,20,0.4,random,7,1,5,0,mlp_table,True,True,3,3,4,2.1457999537233263e-05,,0.3524226461138044,0.26266224261694254,0.5125058464222068,0.2857142857142857,0.5714285714285714,0.0,0.0,1.0795416831970215
35,20,0.4,random,7,1,5,0,unet,True,True,3,3,4,1.8917000488727354e-05,,14.118987355913434,212.70840301969096,14.584526149988246,0.0,1.0,0.0,1.0,20.10809326171875
36,20,0.4,random,12,16,14,11,dijkstra,True,True,9,9,49,9.954099914466497e-05,,15.438202247191011,300.64044943820227,17.3389864016961,0.9943820224719101,0.0,0.9606741573033708,0.0,0.0
36,20,0.4,random,12,16,14,11,manhattan,True,True,9,9,20,4.562499998428393e-05,,6.179775280898877,70.56179775280899,8.400107008414178,0.7865168539325843,0.0,0.5561797752808989,0.0,0.0
36,20,0.4,random,12,16,14,11,mlp_table,True,True,9,9,16,8.625000009487849e-05,,5.505817085839389,59.256821839595055,7.697845272515878,0.7584269662921348,0.23595505617977527,0.5168539325842697,0.0,1.468644142150879
36,20,0.4,random,12,16,14,11,unet,True,True,9,9,15,7.829199967090972e-05,,4.352106429217907,23.577948261055557,4.855712950850323,0.4044943820224719,0.5955056179775281,0.25280898876404495,0.47191011235955055,9.226702690124512
37,20,0.4,random,5,13,15,8,dijkstra,True,True,17,17,125,0.00023679100013396237,,16.533333333333335,352.54814814814813,18.77626555383546,0.9925925925925926,0.0,0.8962962962962963,0.0,0.0
37,20,0.4,random,5,13,15,8,manhattan,True,True,17,17,50,0.00011412499952712096,,4.711111111111111,49.65925925925926,7.0469326135034995,0.5851851851851851,0.0,0.5037037037037037,0.0,0.0
37,20,0.4,random,5,13,15,8,mlp_table,True,True,17,17,32,0.00018850000014936086,,4.0300396972232395,35.01369329591044,5.917236964657613,0.6,0.3925925925925926,0.45185185185185184,0.0,0.7368350028991699
37,20,0.4,random,5,13,15,8,unet,True,True,17,17,37,0.00020287499864934944,,3.799942151705424,20.58471868207882,4.5370385365432835,0.37037037037037035,0.6222222222222222,0.2962962962962963,0.3037037037037037,8.96581745147705
38,20,0.4,random,2,11,13,13,dijkstra,True,True,17,17,90,0.00017050000133167487,,17.674556213017752,393.40236686390534,19.83437336705915,0.9940828402366864,0.0,0.9289940828402367,0.0,0.0
38,20,0.4,random,2,11,13,13,manhattan,True,True,17,17,38,8.416600030614063e-05,,7.550295857988166,103.14792899408285,10.156176888676312,0.757396449704142,0.0,0.6331360946745562,0.0,0.0
38,20,0.4,random,2,11,13,13,mlp_table,True,True,17,17,33,0.0001584170004207408,,6.767379448258665,86.90187813630918,9.32211768517804,0.7633136094674556,0.23076923076923078,0.591715976331361,0.0,1.0795416831970215
38,20,0.4,random,2,11,13,13,unet,True,True,17,17,29,0.00016795899864519015,,5.941610600115985,51.39290126576434,7.1688842413421865,0.47928994082840237,0.5207100591715976,0.35502958579881655,0.34911242603550297,11.271098136901855
39,20,0.4,random,16,14,14,17,dijkstra,True,True,5,5,17,3.654200008895714e-05,,5.083333333333333,32.97222222222222,5.742144392317405,0.9722222222222222,0.0,0.6666666666666666,0.0,0.0
39,20,0.4,random,16,14,14,17,manhattan,True,True,5,5,8,2.033400051004719e-05,,0.6666666666666666,1.3333333333333333,1.1547005383792515,0.3333333333333333,0.0,0.0,0.0,0.0
39,20,0.4,random,16,14,14,17,mlp_table,True,True,5,5,6,5.850000161444768e-05,,0.6393177741103702,0.5846854146134829,0.7646472484835625,0.3055555555555556,0.6666666666666666,0.0,0.0,1.3097915649414062
39,20,0.4,random,16,14,14,17,unet,True,True,5,5,6,4.07090010412503e-05,,2.7642525517278247,12.182705771673339,3.4903732997594026,0.027777777777777776,0.9722222222222222,0.0,0.4444444444444444,7.500866889953613
40,20,0.4,random,9,10,3,10,dijkstra,True,True,6,6,16,3.1583000236423686e-05,,3.6785714285714284,18.321428571428573,4.280353790451039,0.9642857142857143,0.0,0.5,0.0,0.0
40,20,0.4,random,9,10,3,10,manhattan,True,True,6,6,7,2.0500001483014785e-05,,0.0,0.0,0.0,0.0,0.0,0.0,0.0,0.0
40,20,0.4,random,9,10,3,10,mlp_table,True,True,6,6,7,5.8292000176152214e-05,,0.790584887777056,1.0639729250189254,1.0314906325405604,0.07142857142857142,0.8928571428571429,0.0,0.0,2.372624397277832
40,20,0.4,random,9,10,3,10,unet,True,True,6,6,7,5.529200097953435e-05,,3.5328792461327145,19.005746077300195,4.359558013984926,0.0,1.0,0.0,0.5,8.192745208740234
41,20,0.4,random,9,4,15,16,dijkstra,True,True,18,18,154,0.0003144589991279645,,15.529411764705882,286.02714932126696,16.912337192749764,0.995475113122172,0.0,0.9638009049773756,0.0,0.0
41,20,0.4,random,9,4,15,16,manhattan,True,True,18,18,31,9.308299922849983e-05,,2.742081447963801,21.122171945701357,4.595886415665792,0.5294117647058824,0.0,0.38009049773755654,0.0,0.0
41,20,0.4,random,9,4,15,16,mlp_table,True,True,18,18,25,0.00015041699953144416,,2.2783573790373306,15.695144721670097,3.9617098230019443,0.5113122171945701,0.4841628959276018,0.20361990950226244,0.0,2.372624397277832
41,20,0.4,random,9,4,15,16,unet,True,True,18,18,28,0.00015770900063216686,,4.557739283164702,27.95401158498649,5.287155339592974,0.08597285067873303,0.9140271493212669,0.027149321266968326,0.665158371040724,11.281011581420898
42,20,0.4,random,2,17,3,16,dijkstra,True,True,2,2,7,1.608400089025963e-05,,6.538461538461538,57.82051282051282,7.603980064447356,0.9743589743589743,0.0,0.7948717948717948,0.0,0.0
42,20,0.4,random,2,17,3,16,manhattan,True,True,2,2,3,7.167000148911029e-06,,1.641025641025641,6.769230769230769,2.6017745423519636,0.4358974358974359,0.0,0.3333333333333333,0.0,0.0
42,20,0.4,random,2,17,3,16,mlp_table,True,True,2,2,3,1.9332999727339484e-05,,1.616459262676728,4.759541115046188,2.1816372556055668,0.46153846153846156,0.5128205128205128,0.28205128205128205,0.0,1.209306240081787
42,20,0.4,random,2,17,3,16,unet,True,True,2,2,3,1.8165999790653586e-05,,3.3712524068661227,18.50459339819001,4.301696572073629,0.07692307692307693,0.9230769230769231,0.0,0.4358974358974359,8.57876968383789
43,20,0.4,random,2,4,3,3,dijkstra,True,True,6,6,19,5.75419999222504e-05,,11.51923076923077,178.17307692307693,13.348148820082766,0.9903846153846154,0.0,0.9134615384615384,0.0,0.0
43,20,0.4,random,2,4,3,3,manhattan,True,True,6,6,11,2.383299943176098e-05,,3.25,22.5,4.743416490252569,0.7692307692307693,0.0,0.3557692307692308,0.0,0.0
43,20,0.4,random,2,4,3,3,mlp_table,True,True,6,6,9,5.2583000069716945e-05,,2.389404770273429,14.140211735858978,3.760347289261855,0.7788461538461539,0.21153846153846154,0.27884615384615385,0.0,1.0457634925842285
43,20,0.4,random,2,4,3,3,unet,True,True,6,6,10,5.1750001148320735e-05,,3.525727437665829,17.204131087660326,4.1477862876069596,0.16346153846153846,0.8365384615384616,0.038461538461538464,0.5192307692307693,8.503084182739258
44,20,0.4,random,12,10,6,9,dijkstra,True,True,15,15,93,0.00018512499991629738,,19.128440366972477,440.8532110091743,20.996504733149617,0.9908256880733946,0.0,0.9541284403669725,0.0,0.0
44,20,0.4,random,12,10,6,9,manhattan,True,True,15,15,42,8.945899935497437e-05,,9.46788990825688,115.6697247706422,10.754986042326703,0.8807339449541285,0.0,0.8623853211009175,0.0,0.0
44,20,0.4,random,12,10,6,9,mlp_table,True,True,15,15,37,0.00017508299970359076,,8.600814715437933,96.4403602316354,9.820405298745841,0.8899082568807339,0.10091743119266056,0.8348623853211009,0.0,0.7532773017883301
44,20,0.4,random,12,10,6,9,unet,True,True,15,15,22,0.0001170839987025829,,3.663304499529917,18.58956120424991,4.311561341816896,0.28440366972477066,0.7155963302752294,0.1834862385321101,0.3577981651376147,8.619220733642578
45,20,0.4,random,11,8,19,4,dijkstra,True,True,16,16,127,0.0002496249999239808,,17.494949494949495,379.42424242424244,19.478815221266473,0.9949494949494949,0.0,0.9343434343434344,0.0,0.0
45,20,0.4,random,11,8,19,4,manhattan,True,True,16,16,29,6.362499880196992e-05,,1.7272727272727273,10.969696969696969,3.312053286059415,0.3838383838383838,0.0,0.2222222222222222,0.0,0.0
45,20,0.4,random,11,8,19,4,mlp_table,True,True,16,16,28,0.0001438330000382848,,1.6025578897408765,7.208677225434055,2.6848979916253906,0.3888888888888889,0.6060606060606061,0.1717171717171717,0.0,2.09521484375
45,20,0.4,random,11,8,19,4,unet,True,True,16,16,23,0.00012520900054369122,,2.0736059493037184,6.404174514467498,2.530647054503551,0.21212121212121213,0.7878787878787878,0.050505050505050504,0.1919191919191919,6.54694938659668
46,20,0.4,random,17,8,7,6,dijkstra,True,True,16,16,73,0.00013379200026975013,,10.983471074380166,155.56198347107437,12.47244897648711,0.9917355371900827,0.0,0.8677685950413223,0.0,0.0
46,20,0.4,random,17,8,7,6,manhattan,True,True,16,16,31,6.762500015611295e-05,,2.0661157024793386,9.421487603305785,3.0694441847516605,0.512396694214876,0.0,0.4132231404958678,0.0,0.0
46,20,0.4,random,17,8,7,6,mlp_table,True,True,16,16,27,0.00013233299978310242,,1.7093837024751775,5.526254175389166,2.350798625018563,0.5289256198347108,0.4628099173553719,0.15702479338842976,0.0,1.8131170272827148
46,20,0.4,random,17,8,7,6,unet,True,True,16,16,37,0.00017641600061324425,,3.118290551129944,14.922612353810491,3.8629797247475284,0.12396694214876033,0.8760330578512396,0.008264462809917356,0.4297520661157025,8.80392837524414
47,20,0.4,random,5,13,18,8,dijkstra,True,True,24,24,159,0.00033274999987042975,,17.36180904522613,377.88442211055275,19.439249525394562,0.9949748743718593,0.0,0.9447236180904522,0.0,0.0
47,20,0.4,random,5,13,18,8,manhattan,True,True,24,24,80,0.00018520799858379178,,5.386934673366834,51.65829145728643,7.187370274118791,0.7035175879396985,0.0,0.6231155778894473,0.0,0.0
47,20,0.4,random,5,13,18,8,mlp_table,True,True,24,24,64,0.0003121250010735821,,4.704584376895847,38.087250545610495,6.1714868990876495,0.7085427135678392,0.2864321608040201,0.5829145728643216,0.0,1.5738201141357422
47,20,0.4,random,5,13,18,8,unet,True,True,24,24,78,0.00039724999987811316,,3.844814162158487,22.132815701405868,4.704552656885229,0.6130653266331658,0.38190954773869346,0.4221105527638191,0.1507537688442211,5.9374542236328125
48,20,0.4,random,7,2,10,19,dijkstra,True,True,38,38,184,0.0003811249989666976,,22.105820105820104,651.8201058201058,25.530767826685235,0.9947089947089947,0.0,0.9365079365079365,0.0,0.0
48,20,0.4,random,7,2,10,19,manhattan,True,True,38,38,152,0.0003209169990441296,,7.830687830687831,119.02645502645503,10.909924611401081,0.656084656084656,0.0,0.5714285714285714,0.0,0.0
48,20,0.4,random,7,2,10,19,mlp_table,True,True,38,38,125,0.0005689999998139683,,6.948329055750811,89.46365825100148,9.458523048076875,0.6455026455026455,0.3492063492063492,0.5661375661375662,0.0,1.8378496170043945
48,20,0.4,random,7,2,10,19,unet,True,True,38,38,122,0.0005593749992840458,,5.837377455499437,50.739049190917854,7.123134786799829,0.5767195767195767,0.42328042328042326,0.4708994708994709,0.21164021164021163,8.747069358825684
49,20,0.4,random,17,13,15,11,dijkstra,True,True,4,4,13,3.345899858686607e-05,,8.922077922077921,94.63636363636364,9.728122307843567,0.987012987012987,0.0,0.9090909090909091,0.0,0.0
49,20,0.4,random,17,13,15,11,manhattan,True,True,4,4,5,1.2167000022600405e-05,,1.5584415584415585,5.298701298701299,2.301890809465405,0.5714285714285714,0.0,0.15584415584415584,0.0,0.0
49,20,0.4,random,17,13,15,11,mlp_table,True,True,4,4,5,3.262499922129791e-05,,1.2822473900658744,3.0551439389634876,1.7478970046783326,0.5844155844155844,0.4025974025974026,0.09090909090909091,0.0,1.0457634925842285
49,20,0.4,random,17,13,15,11,unet,True,True,4,4,5,2.883300112443976e-05,,4.358304927875469,22.10312639139345,4.701396217230946,0.025974025974025976,0.974025974025974,0.012987012987012988,0.7272727272727273,9.084839820861816
50,20,0.4,random,8,11,19,3,dijkstra,True,True,45,45,137,0.000249083999733557,,30.471014492753625,1141.731884057971,33.78952328840955,0.9927536231884058,0.0,0.9637681159420289,0.0,0.0
50,20,0.4,random,8,11,19,3,manhattan,True,True,45,45,135,0.00027391700132284313,,16.55072463768116,374.8985507246377,19.3622971448286,0.9202898550724637,0.0,0.8840579710144928,0.0,0.0
50,20,0.4,random,8,11,19,3,mlp_table,True,True,45,45,131,0.0005585409999184776,,15.634674539600594,347.09886795193466,18.630589576069102,0.927536231884058,0.06521739130434782,0.8478260869565217,0.0,0.9132452011108398
50,20,0.4,random,8,11,19,3,unet,True,True,45,45,131,0.0005418750006356277,,11.38398472899976,203.93532355423793,14.280592549128972,0.7898550724637681,0.21014492753623187,0.7246376811594203,0.13043478260869565,8.199125289916992
51,20,0.4,random,0,16,6,17,dijkstra,True,True,13,13,64,0.00012349999997240957,,12.02608695652174,174.58260869565217,13.212971228896707,0.991304347826087,0.0,0.9217391304347826,0.0,0.0
51,20,0.4,random,0,16,6,17,manhattan,True,True,13,13,36,7.733299935352989e-05,,4.591304347826087,40.48695652173913,6.362936155717668,0.6608695652173913,0.0,0.5478260869565217,0.0,0.0
51,20,0.4,random,0,16,6,17,mlp_table,True,True,13,13,33,0.00015808399984962307,,4.299904923853667,33.98279545908825,5.8294764309574365,0.6521739130434783,0.3391304347826087,0.5304347826086957,0.0,1.7308626174926758
51,20,0.4,random,0,16,6,17,unet,True,True,13,13,30,0.00014287500016507693,,4.2214133677275285,24.09140552092469,4.9082996567981345,0.5739130434782609,0.4260869565217391,0.4260869565217391,0.2608695652173913,8.673482894897461
52,20,0.4,random,18,3,17,3,dijkstra,True,True,1,1,2,5.375000910134986e-06,,4.0,19.285714285714285,4.391550328268399,0.9285714285714286,0.0,0.7142857142857143,0.0,0.0
52,20,0.4,random,18,3,17,3,manhattan,True,True,1,1,2,4.583000190905295e-06,,0.7142857142857143,2.0,1.4142135623730951,0.2857142857142857,0.0,0.07142857142857142,0.0,0.0
52,20,0.4,random,18,3,17,3,mlp_table,True,True,1,1,2,1.300000076298602e-05,,0.8448810492243085,1.5891195856367284,1.2606028659481654,0.35714285714285715,0.5714285714285714,0.07142857142857142,0.0,1.0457634925842285
52,20,0.4,random,18,3,17,3,unet,True,True,1,1,2,1.049999991664663e-05,,2.006290376186371,6.4572630142634555,2.5411145220677196,0.07142857142857142,0.9285714285714286,0.0,0.14285714285714285,6.365283012390137
53,20,0.4,random,7,11,16,5,dijkstra,True,True,25,25,121,0.00023012500059849117,,17.86320754716981,432.8632075471698,20.805364874165743,0.9952830188679245,0.0,0.9433962264150944,0.0,0.0
53,20,0.4,random,7,11,16,5,manhattan,True,True,25,25,79,0.00016754200078139547,,5.669811320754717,58.39622641509434,7.641742367751895,0.7358490566037735,0.0,0.5990566037735849,0.0,0.0
53,20,0.4,random,7,11,16,5,mlp_table,True,True,25,25,75,0.00033229200016648974,,5.044084968431941,48.749161803102986,6.982059997099924,0.7169811320754716,0.2783018867924528,0.49056603773584906,0.0,1.8576221466064453
53,20,0.4,random,7,11,16,5,unet,True,True,25,25,63,0.0003025839996553259,,3.9017701334548445,25.125526659601878,5.012536948452538,0.4811320754716981,0.5141509433962265,0.3443396226415094,0.11320754716981132,7.373039245605469
54,20,0.4,random,11,3,11,4,dijkstra,True,True,1,1,3,8.166000043274835e-06,,14.675,317.2416666666667,17.81127919793148,0.9916666666666667,0.0,0.8583333333333333,0.0,0.0
54,20,0.4,random,11,3,11,4,manhattan,True,True,1,1,2,5.625000994768925e-06,,4.75,54.833333333333336,7.404953297174354,0.6,0.0,0.49166666666666664,0.0,0.0
54,20,0.4,random,11,3,11,4,mlp_table,True,True,1,1,2,1.56660007633036e-05,,4.064404433965683,37.60877165183862,6.1325990943350135,0.6,0.39166666666666666,0.4666666666666667,0.0,1.5738201141357422
54,20,0.4,random,11,3,11,4,unet,True,True,1,1,2,1.3540999134420417e-05,,3.730008688569069,25.11173268957724,5.011160812583971,0.5083333333333333,0.49166666666666664,0.36666666666666664,0.13333333333333333,5.9237060546875
55,20,0.4,random,19,10,12,12,dijkstra,True,True,13,13,71,0.0001402079997205874,,11.585365853658537,163.82926829268294,12.799580785818064,0.9951219512195122,0.0,0.9463414634146341,0.0,0.0
55,20,0.4,random,19,10,12,12,manhattan,True,True,13,13,31,6.824999945820309e-05,,2.4292682926829268,14.458536585365854,3.802438242150141,0.6195121951219512,0.0,0.2634146341463415,0.0,0.0
55,20,0.4,random,19,10,12,12,mlp_table,True,True,13,13,24,0.00012379100007819943,,1.9700557034190107,9.72653225717781,3.1187388889065097,0.5951219512195122,0.4,0.23414634146341465,0.0,1.4295825958251953
55,20,0.4,random,19,10,12,12,unet,True,False,13,15,23,0.00012887499906355515,,2.8879693204309884,10.906569430560696,3.302509565551733,0.15609756097560976,0.8439024390243902,0.07804878048780488,0.37073170731707317,7.171816825866699
56,20,0.4,random,5,15,19,1,dijkstra,True,True,36,36,131,0.00023687500106461812,,21.785714285714285,592.8613445378152,24.348744208640724,0.9957983193277311,0.0,0.957983193277311,0.0,0.0
56,20,0.4,random,5,15,19,1,manhattan,True,True,36,36,83,0.0001844589987740619,,4.529411764705882,40.588235294117645,6.370889678382262,0.7563025210084033,0.0,0.5168067226890757,0.0,0.0
56,20,0.4,random,5,15,19,1,mlp_table,True,True,36,36,95,0.00045341599980019964,,4.055328565986216,32.09200393461824,5.664980488458742,0.6932773109243697,0.3025210084033613,0.4495798319327731,0.02100840336134454,3.9508190155029297
56,20,0.4,random,5,15,19,1,unet,True,True,36,36,102,0.0004509169993980322,,3.9808361855875543,25.95647034560656,5.094749291732279,0.47478991596638653,0.5252100840336135,0.29831932773109243,0.23529411764705882,7.908687591552734
57,20,0.4,random,13,4,14,7,dijkstra,True,True,4,4,17,3.404199924261775e-05,,10.392156862745098,147.64705882352942,12.151010609143974,0.9803921568627451,0.0,0.8235294117647058,0.0,0.0
57,20,0.4,random,13,4,14,7,manhattan,True,True,4,4,5,1.300000076298602e-05,,1.7254901960784315,8.784313725490197,2.9638342945397937,0.4117647058823529,0.0,0.29411764705882354,0.0,0.0
57,20,0.4,random,13,4,14,7,mlp_table,True,True,4,4,5,3.341599949635565e-05,,1.641036496442907,5.775859271298512,2.403301743705628,0.4117647058823529,0.5686274509803921,0.23529411764705882,0.0,1.8131170272827148
57,20,0.4,random,13,4,14,7,unet,True,True,4,4,8,4.666699896915816e-05,,7.399111724367328,62.555820764353285,7.909223777612648,0.0,1.0,0.0,0.9803921568627451,14.457378387451172
58,20,0.4,random,16,19,16,11,dijkstra,True,True,12,12,29,6.0332999055390246e-05,,14.711267605633802,303.443661971831,17.419634381118076,0.9929577464788732,0.0,0.852112676056338,0.0,0.0
58,20,0.4,random,16,19,16,11,manhattan,True,True,12,12,21,5.0833001296268776e-05,,4.732394366197183,52.95774647887324,7.2772073269127935,0.5352112676056338,0.0,0.47183098591549294,0.0,0.0
58,20,0.4,random,16,19,16,11,mlp_table,True,True,12,12,15,9.883299935609102e-05,,4.350880612789745,41.280581440296494,6.424996610138911,0.5492957746478874,0.44366197183098594,0.43661971830985913,0.0,1.54368257522583
58,20,0.4,random,16,19,16,11,unet,True,True,12,12,14,9.020799916470423e-05,,3.64144848874757,24.620293930867792,4.961884110987256,0.5633802816901409,0.43661971830985913,0.3591549295774648,0.19718309859154928,6.41295051574707
59,20,0.4,random,10,8,3,4,dijkstra,True,True,21,21,176,0.0003647499997896375,,21.93,581.81,24.120737965493507,0.995,0.0,0.945,0.0,0.0
59,20,0.4,random,10,8,3,4,manhattan,True,True,21,21,71,0.00015924999934213702,,9.55,123.14,11.096846398864859,0.87,0.0,0.855,0.0,0.0
59,20,0.4,random,10,8,3,4,mlp_table,True,True,21,21,69,0.0003455840014794376,,8.661359093785286,103.64799382585377,10.180765876192899,0.875,0.12,0.855,0.0,1.54368257522583
59,20,0.4,random,10,8,3,4,unet,True,True,21,21,49,0.0002508329998818226,,4.528467275500297,33.1343314917676,5.756242827727788,0.695,0.305,0.42,0.12,6.619062423706055
60,20,0.4,random,6,4,4,5,dijkstra,True,True,3,3,13,2.8915999791934155e-05,,10.1010101010101,125.67676767676768,11.21056500256645,0.98989898989899,0.0,0.8888888888888888,0.0,0.0
60,20,0.4,random,6,4,4,5,manhattan,True,True,3,3,6,1.487500048824586e-05,,1.2525252525252526,3.5555555555555554,1.8856180831641267,0.494949494949495,0.0,0.13131313131313133,0.0,0.0
60,20,0.4,random,6,4,4,5,mlp_table,True,True,3,3,4,2.9625000024680048e-05,,0.9215430286195543,1.2435875759778554,1.115162578271821,0.5050505050505051,0.48484848484848486,0.020202020202020204,0.0,1.54368257522583
60,20,0.4,random,6,4,4,5,unet,True,True,3,3,4,3.200000173819717e-05,,3.4636752852285753,16.356851724322436,4.044360483973015,0.030303030303030304,0.9696969696969697,0.0,0.48484848484848486,10.277549743652344
61,20,0.4,random,8,15,13,13,dijkstra,True,True,7,7,51,0.0001004999994620448,,12.496598639455783,207.08163265306123,14.39033122110333,0.9931972789115646,0.0,0.8979591836734694,0.0,0.0
61,20,0.4,random,8,15,13,13,manhattan,True,True,7,7,12,3.07079990307102e-05,,2.5170068027210886,14.34013605442177,3.786837209918294,0.5306122448979592,0.0,0.4421768707482993,0.0,0.0
61,20,0.4,random,8,15,13,13,mlp_table,True,True,7,7,9,6.429200038837735e-05,,2.390138106281255,10.87302499515089,3.297427026508834,0.5374149659863946,0.4557823129251701,0.4013605442176871,0.0,1.5722599029541016
61,20,0.4,random,8,15,13,13,unet,True,True,7,7,9,6.129200119175948e-05,,2.0791035092809573,6.698449048316146,2.5881362113142625,0.29931972789115646,0.7006802721088435,0.061224489795918366,0.19047619047619047,7.518318176269531
62,20,0.4,random,16,6,12,9,dijkstra,True,True,7,7,33,6.53750012133969e-05,,7.857142857142857,81.95238095238095,9.0527554342521,0.9841269841269841,0.0,0.8095238095238095,0.0,0.0
62,20,0.4,random,16,6,12,9,manhattan,True,True,7,7,15,3.779200051212683e-05,,1.4285714285714286,5.015873015873016,2.2396144792961614,0.47619047619047616,0.0,0.20634920634920634,0.0,0.0
62,20,0.4,random,16,6,12,9,mlp_table,True,True,7,7,12,7.537499914178625e-05,,1.110765744769384,2.5439217142475385,1.5949676216925341,0.49206349206349204,0.49206349206349204,0.09523809523809523,0.0,1.4295825958251953
62,20,0.4,random,16,6,12,9,unet,True,True,7,7,8,5.391700142354239e-05,,3.026838551304998,12.115529262214064,3.4807368849446325,0.015873015873015872,0.9841269841269841,0.0,0.4603174603174603,7.185983657836914
63,20,0.4,random,16,1,13,13,dijkstra,True,True,17,17,52,9.67089999903692e-05,,10.486486486486486,140.83783783783784,11.867511863817025,0.9864864864864865,0.0,0.8783783783783784,0.0,0.0
63,20,0.4,random,16,1,13,13,manhattan,True,True,17,17,35,8.120799975586124e-05,,1.135135135135135,3.135135135135135,1.7706312815307244,0.4864864864864865,0.0,0.05405405405405406,0.0,0.0
63,20,0.4,random,16,1,13,13,mlp_table,True,True,17,17,29,0.00016329200116160791,,1.0004455753274866,1.914350846445822,1.3836006817163042,0.3108108108108108,0.6756756756756757,0.05405405405405406,0.0,2.1049375534057617
63,20,0.4,random,16,1,13,13,unet,True,True,17,17,31,0.0001956670002982719,,5.576541879692593,35.38629240407911,5.9486378612316875,0.0,1.0,0.0,0.918918918918919,9.579483032226562
64,20,0.4,random,12,16,15,16,dijkstra,True,True,5,5,25,6.370800110744312e-05,,13.018867924528301,212.55345911949686,14.579213254476281,0.9937106918238994,0.0,0.9056603773584906,0.0,0.0
64,20,0.4,random,12,16,15,16,manhattan,True,True,5,5,8,2.5834000553004444e-05,,2.050314465408805,10.69182389937107,3.2698354544794865,0.5974842767295597,0.0,0.20754716981132076,0.0,0.0
64,20,0.4,random,12,16,15,16,mlp_table,True,True,5,5,7,5.433300066215452e-05,,1.4644828877359066,6.046655454812346,2.4589948057717295,0.5220125786163522,0.4716981132075472,0.1509433962264151,0.0,1.3097915649414062
64,20,0.4,random,12,16,15,16,unet,True,True,5,5,7,5.2833000154350884e-05,,2.40135676530922,8.672045248525565,2.944833653795332,0.1509433962264151,0.8427672955974843,0.025157232704402517,0.3270440251572327,7.767618179321289
65,20,0.4,random,14,1,11,2,dijkstra,True,True,4,4,13,2.645899985509459e-05,,14.603015075376884,262.4321608040201,16.199758047699977,0.9949748743718593,0.0,0.9396984924623115,0.0,0.0
65,20,0.4,random,14,1,11,2,manhattan,True,True,4,4,5,1.2874999811174348e-05,,2.6331658291457285,18.532663316582916,4.304957992429533,0.5527638190954773,0.0,0.31155778894472363,0.0,0.0
65,20,0.4,random,14,1,11,2,mlp_table,True,True,4,4,5,3.412500154809095e-05,,2.140233842571776,11.277711596091768,3.3582304262947424,0.5276381909547738,0.46733668341708545,0.2562814070351759,0.0,1.209306240081787
65,20,0.4,random,14,1,11,2,unet,True,True,4,4,5,3.1042000045999885e-05,,3.9406206673713187,21.07872138892642,4.5911568682551485,0.12562814070351758,0.8743718592964824,0.05527638190954774,0.6080402010050251,11.000783920288086
66,20,0.4,random,0,6,7,7,dijkstra,True,True,12,12,36,6.487499922513962e-05,,13.095238095238095,211.59047619047618,14.54614987515515,0.9952380952380953,0.0,0.9285714285714286,0.0,0.0
66,20,0.4,random,0,6,7,7,manhattan,True,True,12,12,20,4.429200089361984e-05,,2.8476190476190477,17.695238095238096,4.206570823751586,0.5857142857142857,0.0,0.45714285714285713,0.0,0.0
66,20,0.4,random,0,6,7,7,mlp_table,True,True,12,12,19,0.00010008299977926072,,2.565239805834634,13.213672713060921,3.63506158311808,0.5619047619047619,0.43333333333333335,0.3761904761904762,0.0,2.1049375534057617
66,20,0.4,random,0,6,7,7,unet,True,True,12,12,21,0.00010808300066855736,,2.978522905849275,12.89234817034178,3.59059161843028,0.23809523809523808,0.7619047619047619,0.0380952380952381,0.42857142857142855,7.647911071777344
67,20,0.4,random,1,0,10,2,dijkstra,True,True,21,21,91,0.0001692079986241879,,13.440677966101696,237.98305084745763,15.426699285571676,0.9915254237288136,0.0,0.8898305084745762,0.0,0.0
67,20,0.4,random,1,0,10,2,manhattan,True,True,21,21,46,9.750000026542693e-05,,3.7796610169491527,39.559322033898304,6.289620182006089,0.4830508474576271,0.0,0.3644067796610169,0.0,0.0
67,20,0.4,random,1,0,10,2,mlp_table,True,True,21,21,46,0.00022354199973051436,,3.574763083862046,31.766543983206155,5.636181684722925,0.4830508474576271,0.5084745762711864,0.3644067796610169,0.0,1.8576221466064453
67,20,0.4,random,1,0,10,2,unet,True,True,21,21,49,0.00022995800100034103,,4.662942865137326,30.17054581064802,5.492772142611417,0.3644067796610169,0.6271186440677966,0.2966101694915254,0.4322033898305085,8.805591583251953
68,20,0.4,random,7,8,0,0,dijkstra,True,True,15,15,104,0.00020349999977042899,,17.5,361.15384615384613,19.004048151745096,0.9935897435897436,0.0,0.967948717948718,0.0,0.0
68,20,0.4,random,7,8,0,0,manhattan,True,True,15,15,24,5.2207999033271335e-05,,3.4743589743589745,21.82051282051282,4.671243177197353,0.717948717948718,0.0,0.4935897435897436,0.0,0.0
68,20,0.4,random,7,8,0,0,mlp_table,True,True,15,15,21,0.00010862499948416371,,2.549240814569669,11.771088358566606,3.430901974491053,0.6474358974358975,0.34615384615384615,0.33974358974358976,0.0,2.8051719665527344
68,20,0.4,random,7,8,0,0,unet,True,True,15,15,102,0.000444499999503023,,12.84663734680567,211.39473350283487,14.539419985090014,0.04487179487179487,0.9551282051282052,0.01282051282051282,0.8974358974358975,30.458934783935547
69,20,0.4,random,5,5,12,0,dijkstra,True,True,12,12,60,0.000112292000267189,,13.4875,228.8375,15.127375846457971,0.9875,0.0,0.95,0.0,0.0
69,20,0.4,random,5,5,12,0,manhattan,True,True,12,12,23,5.3916999604552984e-05,,2.175,11.25,3.3541019662496847,0.6125,0.0,0.2625,0.0,0.0
69,20,0.4,random,5,5,12,0,mlp_table,True,True,12,12,18,0.00010141700113308616,,1.7971269980072975,8.649415475315262,2.9409888601141048,0.5875,0.4,0.2125,0.0,1.0983753204345703
69,20,0.4,random,5,5,12,0,unet,True,True,12,12,18,9.870800022326875e-05,,4.237645524740219,20.71934909218048,4.551851172015676,0.0625,0.9375,0.025,0.775,8.26968002319336
70,20,0.4,random,15,10,11,13,dijkstra,True,True,21,21,115,0.00021862500034330878,,24.022556390977442,718.0075187969925,26.79566231308703,0.9924812030075187,0.0,0.9624060150375939,0.0,0.0
70,20,0.4,random,15,10,11,13,manhattan,True,True,21,21,80,0.00017029100126819685,,15.654135338345865,409.3533834586466,20.232483373492403,0.9172932330827067,0.0,0.6691729323308271,0.0,0.0
70,20,0.4,random,15,10,11,13,mlp_table,True,True,21,21,77,0.0003443340010562679,,14.861190454404158,381.6917230234639,19.536932282819222,0.9097744360902256,0.08270676691729323,0.6541353383458647,0.0,1.0457634925842285
70,20,0.4,random,15,10,11,13,unet,True,True,21,21,81,0.00035150000076100696,,12.465853165863152,200.0557928066486,14.144108059776997,0.5112781954887218,0.48872180451127817,0.43609022556390975,0.46616541353383456,18.423551559448242
71,20,0.4,random,19,11,15,15,dijkstra,True,True,8,8,29,5.3832998673897237e-05,,9.802631578947368,118.88157894736842,10.903282943561926,0.9868421052631579,0.0,0.881578947368421,0.0,0.0
71,20,0.4,random,19,11,15,15,manhattan,True,True,8,8,13,2.954199953819625e-05,,3.1052631578947367,15.578947368421053,3.947017528263721,0.7236842105263158,0.0,0.4868421052631579,0.0,0.0
71,20,0.4,random,19,11,15,15,mlp_table,True,True,8,8,11,6.0416999986045994e-05,,2.5136299274469676,9.826819662807267,3.1347758552737495,0.7368421052631579,0.25,0.40789473684210525,0.0,1.207629680633545
71,20,0.4,random,19,11,15,15,unet,True,True,8,8,12,6.445799954235554e-05,,1.7627782131496228,4.9061245969819565,2.214977335545887,0.21052631578947367,0.7894736842105263,0.0,0.15789473684210525,6.196709632873535
72,20,0.4,random,11,12,13,17,dijkstra,True,True,7,7,44,0.00011916699986613821,,14.38150289017341,253.32947976878611,15.916327458581208,0.9942196531791907,0.0,0.9421965317919075,0.0,0.0
72,20,0.4,random,11,12,13,17,manhattan,True,True,7,7,11,2.6749999960884452e-05,,2.6705202312138727,15.976878612716764,3.997108781696686,0.5491329479768786,0.0,0.4046242774566474,0.0,0.0
72,20,0.4,random,11,12,13,17,mlp_table,True,True,7,7,8,5.770800089521799e-05,,2.2592509475057523,10.844013245456443,3.293024938480795,0.47398843930635837,0.5202312138728323,0.27167630057803466,0.0,2.0549564361572266
72,20,0.4,random,11,12,13,17,unet,True,True,7,7,8,5.158400017535314e-05,,3.1860867538893154,14.471701616481008,3.804168978434187,0.19653179190751446,0.8034682080924855,0.017341040462427744,0.48554913294797686,10.601078987121582
73,20,0.4,random,11,12,18,13,dijkstra,True,True,16,16,70,0.00012908300050185062,,12.62589928057554,199.07194244604315,14.109285681636868,0.9928057553956835,0.0,0.9064748201438849,0.0,0.0
73,20,0.4,random,11,12,18,13,manhattan,True,True,16,16,34,7.391699909931049e-05,,2.3741007194244603,14.417266187050359,3.7970075305495983,0.5251798561151079,0.0,0.28776978417266186,0.0,0.0
73,20,0.4,random,11,12,18,13,mlp_table,True,True,16,16,31,0.00015120900025067385,,2.0140545848462224,9.551450436619962,3.090542094296721,0.4244604316546763,0.5683453237410072,0.2589928057553957,0.0,1.716862678527832
73,20,0.4,random,11,12,18,13,unet,True,True,16,16,31,0.0001543750004202593,,2.2540163303450713,7.160215842054405,2.675857963729466,0.2589928057553957,0.7338129496402878,0.07913669064748201,0.22302158273381295,7.191936492919922
74,20,0.4,random,6,6,16,1,dijkstra,True,True,19,19,175,0.0003382909999345429,,22.067264573991032,554.542600896861,23.54872822249348,0.9955156950672646,0.0,0.968609865470852,0.0,0.0
74,20,0.4,random,6,6,16,1,manhattan,True,True,19,19,60,0.0001360829992336221,,6.986547085201794,103.33632286995515,10.165447499739258,0.6636771300448431,0.0,0.5605381165919282,0.0,0.0
74,20,0.4,random,6,6,16,1,mlp_table,True,True,19,19,54,0.00027745900115405675,,5.975597107356974,77.68297657665236,8.813794675203885,0.6681614349775785,0.3273542600896861,0.5336322869955157,0.0,1.4590835571289062
74,20,0.4,random,6,6,16,1,unet,True,True,19,19,58,0.00029183399965404533,,4.71405950790029,35.45761529423777,5.954629736116073,0.45739910313901344,0.5426008968609866,0.32286995515695066,0.3273542600896861,7.127538681030273
75,20,0.4,random,9,19,7,14,dijkstra,True,True,15,15,38,6.583399954251945e-05,,8.948717948717949,102.58974358974359,10.128659515935146,0.9743589743589743,0.0,0.8717948717948718,0.0,0.0
75,20,0.4,random,9,19,7,14,manhattan,True,True,15,15,31,6.287500036705751e-05,,3.4871794871794872,22.974358974358974,4.793157516122225,0.7692307692307693,0.0,0.38461538461538464,0.0,0.0
75,20,0.4,random,9,19,7,14,mlp_table,True,True,15,15,29,0.00013287500041769817,,3.013423727108882,18.57689690195766,4.3100924470314625,0.7948717948717948,0.1794871794871795,0.38461538461538464,0.0,0.7532773017883301
75,20,0.4,random,9,19,7,14,unet,True,True,15,15,28,0.00013062500147498213,,3.799860037290133,22.601445228246675,4.7540977301951495,0.05128205128205128,0.9487179487179487,0.0,0.5641025641025641,13.213115692138672
76,20,0.4,random,16,12,9,1,dijkstra,True,True,20,20,44,7.970899969222955e-05,,9.765625,125.640625,11.208952894896115,0.984375,0.0,0.828125,0.0,0.0
76,20,0.4,random,16,12,9,1,manhattan,True,True,20,20,32,8.04999999672873e-05,,1.1875,3.5,1.8708286933869707,0.46875,0.0,0.109375,0.0,0.0
76,20,0.4,random,16,12,9,1,mlp_table,True,True,20,20,28,0.00018804200044542085,,1.4368100073188543,2.78872420491955,1.669947365912935,0.484375,0.5,0.0625,0.0,2.6016063690185547
76,20,0.4,random,16,12,9,1,unet,True,True,20,20,25,0.00012083399997209199,,3.5604785141767934,15.982648178224673,3.997830433900952,0.0,1.0,0.0,0.640625,6.908258438110352
77,20,0.4,random,17,6,17,12,dijkstra,True,True,8,8,33,6.554100036737509e-05,,13.205128205128204,229.10256410256412,15.136134384398288,0.9935897435897436,0.0,0.9038461538461539,0.0,0.0
77,20,0.4,random,17,6,17,12,manhattan,True,True,8,8,14,3.2958998417598195e-05,,1.6538461538461537,7.205128205128205,2.684236987512132,0.5256410256410257,0.0,0.1794871794871795,0.0,0.0
77,20,0.4,random,17,6,17,12,mlp_table,True,True,8,8,12,7.3208000685554e-05,,1.521149897422546,5.0356716080280375,2.244030215489096,0.5256410256410257,0.46794871794871795,0.1282051282051282,0.0,1.54368257522583
77,20,0.4,random,17,6,17,12,unet,True,True,8,8,9,5.541700011235662e-05,,2.423601370591384,9.157405870749313,3.026120597522398,0.16025641025641027,0.8397435897435898,0.05128205128205128,0.3141025641025641,8.397100448608398
78,20,0.4,random,15,4,16,13,dijkstra,True,True,42,42,202,0.0003790829996432876,,25.21461187214612,810.8401826484019,28.475255620422477,0.9954337899543378,0.0,0.9634703196347032,0.0,0.0
78,20,0.4,random,15,4,16,13,manhattan,True,True,42,42,166,0.0003682080005091848,,12.949771689497718,290.8493150684931,17.054304883767415,0.8949771689497716,0.0,0.7899543378995434,0.0,0.0
78,20,0.4,random,15,4,16,13,mlp_table,True,True,42,42,152,0.0006652909996773815,,11.952131167394386,257.15779370233736,16.036140237050105,0.8995433789954338,0.0958904109589041,0.776255707762557,0.0,1.0457634925842285
78,20,0.4,random,15,4,16,13,unet,True,True,42,42,143,0.0006427090011129621,,8.325928015251682,172.86028594942857,13.147634233938385,0.6575342465753424,0.3424657534246575,0.502283105022831,0.1050228310502283,5.020849227905273
79,20,0.4,random,8,14,16,10,dijkstra,True,True,14,14,114,0.00022220800019567832,,16.738255033557046,337.40939597315435,18.36870697608175,0.9932885906040269,0.0,0.959731543624161,0.0,0.0
79,20,0.4,random,8,14,16,10,manhattan,True,True,14,14,46,0.00010137499884876888,,5.275167785234899,51.946308724832214,7.207378769346884,0.9395973154362416,0.0,0.5637583892617449,0.0,0.0
79,20,0.4,random,8,14,16,10,mlp_table,True,True,14,14,31,0.0001661669994064141,,4.249785444880492,38.41317249512622,6.197836113929298,0.9463087248322147,0.04697986577181208,0.5100671140939598,0.0,0.7839288711547852
79,20,0.4,random,8,14,16,10,unet,True,True,14,14,37,0.00020683299953816459,,2.41050490436938,14.122950828224353,3.7580514669472467,0.3288590604026846,0.6711409395973155,0.08053691275167785,0.12080536912751678,9.52151107788086
80,20,0.4,random,6,18,19,18,dijkstra,True,True,19,19,57,0.00010933299927273765,,12.3125,176.7875,13.296146058162869,0.9875,0.0,0.925,0.0,0.0
80,20,0.4,random,6,18,19,18,manhattan,True,True,19,19,33,7.137499960663263e-05,,2.0,9.3,3.0495901363953815,0.5125,0.0,0.3125,0.0,0.0
80,20,0.4,random,6,18,19,18,mlp_table,True,True,19,19,27,0.0001417500006937189,,1.3097443655133247,2.726278262041719,1.651144530936562,0.475,0.5125,0.075,0.0,2.132101058959961
80,20,0.4,random,6,18,19,18,unet,True,True,19,19,27,0.0001382080008625053,,7.3736552298069,65.17443077236314,8.07306823781164,0.0,1.0,0.0,0.95,16.30535888671875
81,20,0.4,random,8,3,7,10,dijkstra,True,True,16,16,53,9.71670015132986e-05,,11.60344827586207,176.36206896551724,13.28013813804349,0.9827586206896551,0.0,0.9137931034482759,0.0,0.0
81,20,0.4,random,8,3,7,10,manhattan,True,True,16,16,32,6.720800047332887e-05,,4.758620689655173,37.37931034482759,6.113862146370949,0.7931034482758621,0.0,0.5172413793103449,0.0,0.0
81,20,0.4,random,8,3,7,10,mlp_table,True,True,16,16,25,0.00012837499889428727,,3.887667658000157,26.71295838044441,5.168458027346687,0.7931034482758621,0.1896551724137931,0.5172413793103449,0.0,0.9806671142578125
81,20,0.4,random,8,3,7,10,unet,True,True,16,16,21,0.0001099579985748278,,11.275037083132514,136.83733762530773,11.697749254677488,0.0,1.0,0.0,1.0,18.984500885009766
82,20,0.4,random,7,10,10,12,dijkstra,True,True,17,17,139,0.0002727920000324957,,16.71938775510204,339.5357142857143,18.426494899619794,0.9948979591836735,0.0,0.9591836734693877,0.0,0.0
82,20,0.4,random,7,10,10,12,manhattan,True,True,17,17,69,0.00015125000027182978,,7.377551020408164,85.3265306122449,9.237236091615548,0.7857142857142857,0.0,0.7295918367346939,0.0,0.0
82,20,0.4,random,7,10,10,12,mlp_table,True,True,17,17,66,0.000314666000122088,,6.676896199279902,69.32129126369804,8.325940863571999,0.7806122448979592,0.21428571428571427,0.6989795918367347,0.0,1.5738201141357422
82,20,0.4,random,7,10,10,12,unet,True,True,17,17,45,0.00022524999985762406,,4.730708816829993,30.562217747444663,5.528310569011537,0.23979591836734693,0.7602040816326531,0.08673469387755102,0.6224489795918368,12.177131652832031
83,20,0.4,random,5,3,10,6,dijkstra,True,True,8,8,69,0.00013625000065076165,,13.821782178217822,268.94059405940595,16.39940834479726,0.995049504950495,0.0,0.9306930693069307,0.0,0.0
83,20,0.4,random,5,3,10,6,manhattan,True,True,8,8,19,4.591699871525634e-05,,4.435643564356436,47.84158415841584,6.916761103176532,0.5891089108910891,0.0,0.40594059405940597,0.0,0.0
83,20,0.4,random,5,3,10,6,mlp_table,True,True,8,8,9,6.145800034573767e-05,,4.030828315432709,38.95895607010272,6.241710988991938,0.594059405940594,0.400990099009901,0.3811881188118812,0.0,1.654952049255371
83,20,0.4,random,5,3,10,6,unet,True,True,8,8,11,8.658300066599622e-05,,3.3903882161225423,24.608143093451975,4.960659542183073,0.36633663366336633,0.6336633663366337,0.2722772277227723,0.0594059405940594,6.432271957397461
84,20,0.4,random,7,12,3,9,dijkstra,True,True,7,7,25,5.2999999752501026e-05,,14.68639053254438,255.97633136094674,15.99926033793271,0.9940828402366864,0.0,0.9526627218934911,0.0,0.0
84,20,0.4,random,7,12,3,9,manhattan,True,True,7,7,13,3.112500053248368e-05,,2.6272189349112427,14.816568047337277,3.84922953944517,0.6686390532544378,0.0,0.2958579881656805,0.0,0.0
84,20,0.4,random,7,12,3,9,mlp_table,True,True,7,7,9,5.820899968966842e-05,,2.0910267117460806,9.158593582911342,3.0263168345220137,0.6035502958579881,0.3905325443786982,0.25443786982248523,0.0,2.1429433822631836
84,20,0.4,random,7,12,3,9,unet,True,True,7,7,9,5.6582999604870565e-05,,5.3907043962083625,35.44080675981607,5.953218185134497,0.047337278106508875,0.9526627218934911,0.011834319526627219,0.7692307692307693,10.527551651000977
85,20,0.4,random,3,13,0,19,dijkstra,True,True,9,9,39,7.391599865513854e-05,,8.108695652173912,76.1086956521739,8.724029782856883,0.9782608695652174,0.0,0.9130434782608695,0.0,0.0
85,20,0.4,random,3,13,0,19,manhattan,True,True,9,9,16,3.6249999538995326e-05,,1.1304347826086956,3.4782608695652173,1.8650096164806276,0.41304347826086957,0.0,0.15217391304347827,0.0,0.0
85,20,0.4,random,3,13,0,19,mlp_table,True,True,9,9,11,6.416599899239372e-05,,0.8739954855131067,1.3441360589464726,1.159368819205723,0.3695652173913043,0.6086956521739131,0.0,0.0,0.9132452011108398
85,20,0.4,random,3,13,0,19,unet,True,True,9,9,10,6.000000030326191e-05,,14.042836593545001,218.45695467408083,14.780289397507778,0.0,1.0,0.0,1.0,24.273845672607422
86,20,0.4,random,1,8,2,5,dijkstra,True,True,4,4,15,2.975000097649172e-05,,2.8421052631578947,11.052631578947368,3.3245498310218435,0.9473684210526315,0.0,0.3157894736842105,0.0,0.0
86,20,0.4,random,1,8,2,5,manhattan,True,True,4,4,8,2.0457999198697507e-05,,0.0,0.0,0.0,0.0,0.0,0.0,0.0,0.0
86,20,0.4,random,1,8,2,5,mlp_table,True,True,4,4,5,4.183400051260833e-05,,0.42226099967956543,0.29585322021485405,0.5439239103172925,0.10526315789473684,0.8421052631578947,0.0,0.0,1.207629680633545
86,20,0.4,random,1,8,2,5,unet,True,True,4,4,5,4.187500053376425e-05,,2.1008475564028086,9.138976932677757,3.023074086534724,0.10526315789473684,0.8947368421052632,0.0,0.2631578947368421,7.696680068969727
87,20,0.4,random,14,3,11,14,dijkstra,True,True,16,16,76,0.00014354199993249495,,11.7953216374269,175.16374269005848,13.234944000261523,0.9941520467836257,0.0,0.9181286549707602,0.0,0.0
87,20,0.4,random,14,3,11,14,manhattan,True,True,16,16,45,0.00010033300168288406,,3.1578947368421053,25.637426900584796,5.063341475802792,0.52046783625731,0.0,0.4269005847953216,0.0,0.0
87,20,0.4,random,14,3,11,14,mlp_table,True,True,16,16,35,0.00019833300029858947,,2.7775755625719216,18.45160640057619,4.2955333080510725,0.5321637426900585,0.4619883040935672,0.30409356725146197,0.0,2.1429433822631836
87,20,0.4,random,14,3,11,14,unet,True,False,16,18,29,0.00017333299911115319,,2.095871282076975,8.341694361095508,2.888199155372688,0.32748538011695905,0.672514619883041,0.10526315789473684,0.1871345029239766,5.1566162109375
88,20,0.4,random,13,8,13,18,dijkstra,True,True,16,16,104,0.00021704199934902135,,15.475806451612904,313.39516129032256,17.702970408672172,0.9919354838709677,0.0,0.9354838709677419,0.0,0.0
88,20,0.4,random,13,8,13,18,manhattan,True,True,16,16,40,9.212499935529195e-05,,4.419354838709677,32.25806451612903,5.679618342470648,0.75,0.0,0.6209677419354839,0.0,0.0
88,20,0.4,random,13,8,13,18,mlp_table,True,True,16,16,28,0.00017241700152226258,,3.2856400983948864,20.522709978907503,4.530199772516385,0.75,0.24193548387096775,0.5080645161290323,0.0,1.209306240081787
88,20,0.4,random,13,8,13,18,unet,True,True,16,16,21,0.0001210409991472261,,3.2625481231558706,14.909480053127977,3.8612795875367505,0.13709677419354838,0.8629032258064516,0.04838709677419355,0.49193548387096775,7.091304779052734
89,20,0.4,random,12,15,10,16,dijkstra,True,True,3,3,7,1.6166000932571478e-05,,14.436507936507937,257.94444444444446,16.06064894219547,0.9920634920634921,0.0,0.9206349206349206,0.0,0.0
89,20,0.4,random,12,15,10,16,manhattan,True,True,3,3,4,9.584000508766621e-06,,5.904761904761905,68.31746031746032,8.265437696665574,0.6428571428571429,0.0,0.5634920634920635,0.0,0.0
89,20,0.4,random,12,15,10,16,mlp_table,True,True,3,3,4,2.4541999664506875e-05,,5.374867357904949,54.520883814680154,7.3838258250503275,0.6587301587301587,0.3333333333333333,0.5555555555555556,0.0,1.207629680633545
89,20,0.4,random,12,15,10,16,unet,True,True,3,3,4,2.208299883932341e-05,,4.597665707270305,30.929653338605924,5.561443458186545,0.4603174603174603,0.5396825396825397,0.2222222222222222,0.3968253968253968,9.926237106323242
90,20,0.4,random,15,9,8,2,dijkstra,True,True,14,14,75,0.00014629100041929632,,14.968553459119496,284.8176100628931,16.87654022786937,0.9937106918238994,0.0,0.9245283018867925,0.0,0.0
90,20,0.4,random,15,9,8,2,manhattan,True,True,14,14,24,5.383399911806919e-05,,4.088050314465409,32.477987421383645,5.698946167615873,0.660377358490566,0.0,0.5534591194968553,0.0,0.0
90,20,0.4,random,15,9,8,2,mlp_table,True,True,14,14,21,0.00011595899923122488,,3.557280164094841,22.631906031462506,4.757300288132178,0.6666666666666666,0.3270440251572327,0.5534591194968553,0.0,1.654952049255371
90,20,0.4,random,15,9,8,2,unet,True,True,14,14,21,0.00010783299876493402,,2.58983040090252,10.414638740984653,3.2271719416518008,0.36477987421383645,0.6352201257861635,0.1320754716981132,0.27044025157232704,7.506864547729492
91,20,0.4,random,1,14,17,15,dijkstra,True,True,29,29,196,0.00037466700086952187,,31.5273631840796,1140.2039800995026,33.76690658173328,0.9950248756218906,0.0,0.9701492537313433,0.0,0.0
91,20,0.4,random,1,14,17,15,manhattan,True,True,29,29,79,0.00016479199985042214,,17.19402985074627,418.90547263681594,20.467180378274286,0.9154228855721394,0.0,0.8955223880597015,0.0,0.0
91,20,0.4,random,1,14,17,15,mlp_table,True,True,29,29,70,0.00031812500128580723,,16.301066517829895,385.1406535163102,19.625000726530182,0.9203980099502488,0.07462686567164178,0.8955223880597015,0.0,0.7839288711547852
91,20,0.4,random,1,14,17,15,unet,True,True,29,29,65,0.0002929999991465593,,11.071489280729152,206.73764324606208,14.378374151692606,0.8706467661691543,0.12935323383084577,0.746268656716418,0.06965174129353234,5.3007097244262695
92,20,0.4,random,13,15,3,4,dijkstra,True,True,21,21,126,0.00025637500039010774,,16.53551912568306,384.8633879781421,19.617935364817118,0.994535519125683,0.0,0.8961748633879781,0.0,0.0
92,20,0.4,random,13,15,3,4,manhattan,True,True,21,21,31,7.570900015707593e-05,,5.038251366120218,98.42622950819673,9.920999420834411,0.4262295081967213,0.0,0.273224043715847,0.0,0.0
92,20,0.4,random,13,15,3,4,mlp_table,True,True,21,21,28,0.0001486669989390066,,4.697587899171589,79.75114529905473,8.930349673952007,0.3989071038251366,0.5956284153005464,0.2568306010928962,0.0,2.2601919174194336
92,20,0.4,random,13,15,3,4,unet,True,True,21,21,26,0.00015291699855879415,,5.5081226047270935,67.57121151757717,8.220171015105292,0.3224043715846995,0.6721311475409836,0.22950819672131148,0.3551912568306011,6.518077850341797
93,20,0.4,random,11,13,7,9,dijkstra,True,True,20,20,95,0.0001785830008884659,,17.787401574803148,413.01574803149606,20.32278888419343,0.9921259842519685,0.0,0.9291338582677166,0.0,0.0
93,20,0.4,random,11,13,7,9,manhattan,True,True,20,20,64,0.00013091699838696513,,9.007874015748031,131.4015748031496,11.46305259532336,0.7637795275590551,0.0,0.6614173228346457,0.0,0.0
93,20,0.4,random,11,13,7,9,mlp_table,True,True,20,20,58,0.0002662090009835083,,8.426692135690704,113.03328342022105,10.6317112178718,0.7716535433070866,0.2204724409448819,0.6614173228346457,0.0,1.4590835571289062
93,20,0.4,random,11,13,7,9,unet,True,True,20,20,53,0.0002513330000510905,,5.341930979349482,38.946614662272346,6.240722286904965,0.5669291338582677,0.4330708661417323,0.4881889763779528,0.2125984251968504,6.519815444946289
94,20,0.4,random,9,18,9,5,dijkstra,True,True,25,25,147,0.00028412500068952795,,12.065573770491802,183.75956284153006,13.555794437860515,0.994535519125683,0.0,0.9016393442622951,0.0,0.0
94,20,0.4,random,9,18,9,5,manhattan,True,True,25,25,71,0.00015720800001872703,,1.9234972677595628,11.366120218579235,3.3713677074118205,0.43169398907103823,0.0,0.25136612021857924,0.0,0.0
94,20,0.4,random,9,18,9,5,mlp_table,True,True,25,25,49,0.00025704200015752576,,1.6076703514557718,6.1221160746301635,2.474291024643254,0.4426229508196721,0.5519125683060109,0.19672131147540983,0.0,1.207629680633545
94,20,0.4,random,9,18,9,5,unet,True,True,25,25,45,0.00023329199939325918,,1.8843225644993,5.215684676023039,2.2837873535036133,0.25136612021857924,0.7486338797814208,0.10382513661202186,0.09289617486338798,5.716139793395996
95,20,0.4,random,7,19,17,10,dijkstra,True,True,29,29,128,0.00023679200057813432,,22.52777777777778,606.45,24.62620555424648,0.9944444444444445,0.0,0.95,0.0,0.0
95,20,0.4,random,7,19,17,10,manhattan,True,True,29,29,60,0.00013408300037554,,10.533333333333333,213.0222222222222,14.595280820259068,0.7166666666666667,0.0,0.6611111111111111,0.0,0.0
95,20,0.4,random,7,19,17,10,mlp_table,True,True,29,29,33,0.0001700409993645735,,9.674442205164167,187.5421803622005,13.694604060074191,0.7166666666666667,0.2777777777777778,0.6277777777777778,0.0,1.2823333740234375
95,20,0.4,random,7,19,17,10,unet,True,True,29,29,45,0.0002341250001336448,,7.751147866083516,114.29975231992671,10.691106225266248,0.5444444444444444,0.45555555555555555,0.39444444444444443,0.3055555555555556,7.567829132080078
96,20,0.4,random,17,2,16,0,dijkstra,True,True,3,3,10,2.3083999622031115e-05,,7.595744680851064,74.19148936170212,8.613448169095935,0.9787234042553191,0.0,0.7872340425531915,0.0,0.0
96,20,0.4,random,17,2,16,0,manhattan,True,True,3,3,4,1.0957999620586634e-05,,1.702127659574468,5.446808510638298,2.333839863966313,0.5957446808510638,0.0,0.2553191489361702,0.0,0.0
96,20,0.4,random,17,2,16,0,mlp_table,True,True,3,3,4,2.9000000722589903e-05,,1.071422906632119,1.7336082596197153,1.3166655838213877,0.6382978723404256,0.3404255319148936,0.02127659574468085,0.0,1.0795416831970215
96,20,0.4,random,17,2,16,0,unet,True,True,3,3,4,2.6875000912696123e-05,,2.6979377726291087,9.261490846979555,3.0432697624396616,0.0,1.0,0.0,0.425531914893617,7.281711578369141
97,20,0.4,random,2,2,8,17,dijkstra,True,True,29,29,133,0.00029979099963384215,,19.72222222222222,501.530303030303,22.394872248581883,0.9949494949494949,0.0,0.9444444444444444,0.0,0.0
97,20,0.4,random,2,2,8,17,manhattan,True,True,29,29,82,0.0001862500012066448,,8.404040404040405,143.7979797979798,11.991579537241114,0.8636363636363636,0.0,0.5959595959595959,0.0,0.0
97,20,0.4,random,2,2,8,17,mlp_table,True,True,29,29,75,0.0003357920013513649,,7.579539801737274,124.89126405300303,11.17547601013053,0.8636363636363636,0.13131313131313133,0.5707070707070707,0.0,1.209306240081787
97,20,0.4,random,2,2,8,17,unet,True,True,29,29,73,0.00032483399991178885,,6.37986308938325,85.82033256486942,9.26392641188764,0.5606060606060606,0.43434343434343436,0.41919191919191917,0.18181818181818182,5.921605110168457
98,20,0.4,random,7,6,1,5,dijkstra,True,True,7,7,28,5.4292000640998594e-05,,8.352941176470589,94.23529411764706,9.707486498452988,0.9852941176470589,0.0,0.7647058823529411,0.0,0.0
98,20,0.4,random,7,6,1,5,manhattan,True,True,7,7,9,2.158399911422748e-05,,2.235294117647059,15.294117647058824,3.9107694443752146,0.5,0.0,0.23529411764705882,0.0,0.0
98,20,0.4,random,7,6,1,5,mlp_table,True,True,7,7,8,5.0999999075429514e-05,,2.006098919055041,10.758166546512902,3.2799644123851257,0.4852941176470588,0.5,0.20588235294117646,0.0,1.8131170272827148
98,20,0.4,random,7,6,1,5,unet,True,True,7,7,10,5.958300062047783e-05,,2.675986342899063,11.519411163330892,3.394025804753242,0.2647058823529412,0.7352941176470589,0.08823529411764706,0.3088235294117647,8.80606460571289
99,20,0.4,random,10,4,4,3,dijkstra,True,True,11,11,42,7.974999971338548e-05,,10.0,112.64406779661017,10.613390965973608,0.9830508474576272,0.0,0.9322033898305084,0.0,0.0
99,20,0.4,random,10,4,4,3,manhattan,True,True,11,11,25,5.483399945660494e-05,,4.9491525423728815,37.96610169491525,6.161663873899261,0.7627118644067796,0.0,0.6949152542372882,0.0,0.0
99,20,0.4,random,10,4,4,3,mlp_table,True,True,11,11,22,0.00011158400047861505,,4.537872825638723,32.32019578985184,5.685085381052059,0.7796610169491526,0.2033898305084746,0.6101694915254238,0.0,1.2509031295776367
99,20,0.4,random,10,4,4,3,unet,True,True,11,11,20,0.00010666700109140947,,4.077210701118081,22.968561213017274,4.79255268234135,0.4745762711864407,0.5254237288135594,0.3050847457627119,0.3389830508474576,10.31822395324707
