seed,map_size,obstacle_rate,heuristic,path_found,optimal,optimal_cost,path_length,expanded_nodes,runtime_seconds,mae,mse,rmse,underestimate_rate,overestimate_rate,large_underestimate_rate,large_overestimate_rate,max_overestimate
0,20,0.1,dijkstra,True,True,38,38,360,0.0008245839999290183,19.225,438.4138888888889,20.938335389636133,0.9972222222222222,0.0,0.9722222222222222,0.0,0.0
0,20,0.1,manhattan,True,True,38,38,326,0.000757792000513291,0.05555555555555555,0.1111111111111111,0.3333333333333333,0.027777777777777776,0.0,0.0,0.0,0.0
0,20,0.1,mlp_table,True,True,38,38,137,0.001201416000185418,1.0903862612115012,2.3206509386695,1.52336828727314,0.03611111111111111,0.9611111111111111,0.0,0.075,5.396686553955078
0,20,0.1,unet,True,True,38,38,242,0.0013619590008602245,1.594899411002795,5.4808210647537905,2.3411153463154672,0.5416666666666666,0.4583333333333333,0.011111111111111112,0.1527777777777778,9.759834289550781
1,20,0.1,dijkstra,True,True,38,38,355,0.0008150000012392411,19.304225352112677,438.4366197183099,20.93887818672027,0.9971830985915493,0.0,0.9746478873239437,0.0,0.0
1,20,0.1,manhattan,True,True,38,38,307,0.000714457999492879,0.48450704225352115,1.9830985915492958,1.408225334081622,0.14929577464788732,0.0,0.061971830985915494,0.0,0.0
1,20,0.1,mlp_table,True,True,38,38,137,0.000714249999873573,0.9208239760197384,1.5775324271210516,1.2559985776747724,0.12394366197183099,0.8732394366197183,0.008450704225352112,0.028169014084507043,3.5638694763183594
1,20,0.1,unet,True,True,38,38,191,0.0011159580008097691,1.7735564507229227,7.072201091100791,2.659361030605057,0.28169014084507044,0.7183098591549296,0.008450704225352112,0.19154929577464788,9.798995971679688
2,20,0.1,dijkstra,False,False,-1,-1,0,0.0,,,,,,,,
2,20,0.1,manhattan,False,False,-1,-1,0,0.0,,,,,,,,
2,20,0.1,mlp_table,False,False,-1,-1,0,0.0,,,,,,,,
2,20,0.1,unet,False,False,-1,-1,0,0.0,,,,,,,,
3,20,0.1,dijkstra,True,True,38,38,360,0.0007459589996869909,18.91111111111111,424.3388888888889,20.599487588017546,0.9972222222222222,0.0,0.9722222222222222,0.0,0.0
3,20,0.1,manhattan,True,True,38,38,329,0.0007854579998820554,0.08333333333333333,0.16666666666666666,0.408248290463863,0.041666666666666664,0.0,0.0,0.0,0.0
3,20,0.1,mlp_table,True,True,38,38,132,0.0007416669996018754,1.0893670880132251,2.3019579691556435,1.5172204748010896,0.03611111111111111,0.9611111111111111,0.0,0.07222222222222222,5.396686553955078
3,20,0.1,unet,True,True,38,38,238,0.0013632079990202328,1.6079920725689993,5.607878926304242,2.368096055126194,0.5388888888888889,0.46111111111111114,0.013888888888888888,0.14166666666666666,9.992021560668945
4,20,0.1,dijkstra,True,True,38,38,356,0.0007315840011870023,19.04494382022472,427.7808988764045,20.68286486143553,0.9971910112359551,0.0,0.9747191011235955,0.0,0.0
4,20,0.1,manhattan,True,True,38,38,239,0.0005481250009324867,0.11797752808988764,0.23595505617977527,0.4857520521621862,0.05898876404494382,0.0,0.0,0.0,0.0
4,20,0.1,mlp_table,True,True,38,38,123,0.0007411250007862691,1.0859441023864103,2.094093265216947,1.4470982223805497,0.03932584269662921,0.9578651685393258,0.0,0.05898876404494382,4.437534332275391
4,20,0.1,unet,True,True,38,38,171,0.0009657079990574857,2.500233940863877,12.742549518469454,3.569670785726529,0.1601123595505618,0.8398876404494382,0.0056179775280898875,0.31741573033707865,11.353012084960938
5,20,0.1,dijkstra,True,True,38,38,361,0.0008793750002951128,19.27146814404432,435.0498614958449,20.857848918233273,0.997229916897507,0.0,0.9806094182825484,0.0,0.0
5,20,0.1,manhattan,True,True,38,38,292,0.0006790000006731134,0.3988919667590028,1.3518005540166205,1.1626695807565537,0.1329639889196676,0.0,0.06371191135734072,0.0,0.0
5,20,0.1,mlp_table,True,True,38,38,124,0.0006580830013263039,0.9089894403711251,1.4645493244212744,1.210185657005269,0.0997229916897507,0.8975069252077562,0.0,0.036011080332409975,3.9410762786865234
5,20,0.1,unet,True,True,38,38,186,0.0010946250004053582,1.7658100081943078,5.96748188454447,2.442842992200782,0.2880886426592798,0.7119113573407202,0.008310249307479225,0.20221606648199447,8.311328887939453
6,20,0.1,dijkstra,True,True,38,38,357,0.0007452079989889171,18.88235294117647,424.2324929971989,20.5969049373249,0.9971988795518207,0.0,0.9719887955182073,0.0,0.0
6,20,0.1,manhattan,True,True,38,38,263,0.0006173750007292256,0.10084033613445378,0.20168067226890757,0.44908871313907184,0.05042016806722689,0.0,0.0,0.0,0.0
6,20,0.1,mlp_table,True,True,38,38,120,0.000661457999740378,1.1102539234134663,2.323337432777748,1.524249793432083,0.03361344537815126,0.9635854341736695,0.0,0.07563025210084033,5.153474807739258
6,20,0.1,unet,True,True,38,38,206,0.0012814580004487652,1.5011495862688338,4.838979424692354,2.1997680388378122,0.5098039215686274,0.49019607843137253,0.014005602240896359,0.13725490196078433,9.068599700927734
7,20,0.1,dijkstra,True,True,38,38,356,0.0007322080000449205,19.634831460674157,444.40449438202245,21.080903547571733,0.9971910112359551,0.0,0.9831460674157303,0.0,0.0
7,20,0.1,manhattan,True,True,38,38,323,0.0007522910000261618,0.6460674157303371,2.258426966292135,1.502806363538608,0.2050561797752809,0.0,0.1151685393258427,0.0,0.0
7,20,0.1,mlp_table,True,True,38,38,146,0.0007774170007905923,0.8704467104392105,1.3420601206211864,1.1584731851109833,0.15730337078651685,0.8398876404494382,0.0028089887640449437,0.011235955056179775,3.193187713623047
7,20,0.1,unet,True,True,38,38,200,0.0011704170010489179,2.175634766562601,9.422175167989918,3.0695561842047976,0.199438202247191,0.800561797752809,0.014044943820224719,0.25842696629213485,9.903144836425781
8,20,0.1,dijkstra,True,True,38,38,366,0.0007619579992024228,18.994535519125684,427.75956284153006,20.682349064879695,0.9972677595628415,0.0,0.9726775956284153,0.0,0.0
8,20,0.1,manhattan,True,True,38,38,306,0.0007430420009768568,0.11475409836065574,0.33879781420765026,0.5820634108133325,0.04644808743169399,0.0,0.00819672131147541,0.0,0.0
8,20,0.1,mlp_table,True,True,38,38,126,0.0006882500001665903,1.011272632684864,1.8697732741187925,1.3673965314124474,0.030054644808743168,0.9672131147540983,0.0,0.05737704918032787,4.437534332275391
8,20,0.1,unet,True,True,38,38,232,0.0013708749993384117,1.4756240242165946,4.231623530228495,2.057091035960367,0.5765027322404371,0.42349726775956287,0.01366120218579235,0.1284153005464481,7.542535781860352
9,20,0.1,dijkstra,True,True,38,38,347,0.0007260839993250556,19.135446685878964,433.8155619596542,20.828239530974628,0.9971181556195965,0.0,0.9711815561959655,0.0,0.0
9,20,0.1,manhattan,True,True,38,38,262,0.0006130000001576263,0.345821325648415,1.106628242074928,1.0519639927654025,0.13256484149855907,0.0,0.03170028818443804,0.0,0.0
9,20,0.1,mlp_table,True,True,38,38,124,0.0006788339997001458,0.8531067972567995,1.3902919256231334,1.1791064097964752,0.08357348703170028,0.9135446685878963,0.0,0.037463976945244955,4.133249282836914
9,20,0.1,unet,True,True,38,38,222,0.0012614169991138624,1.3634077262466167,3.3091176914014317,1.8190980433724377,0.622478386167147,0.37752161383285304,0.01440922190201729,0.08069164265129683,6.720252990722656
10,20,0.1,dijkstra,True,True,38,38,355,0.0007671669991395902,19.346478873239437,441.1267605633803,21.003017891802603,0.9971830985915493,0.0,0.971830985915493,0.0,0.0
10,20,0.1,manhattan,True,True,38,38,344,0.0009672080013842788,0.18028169014084508,0.5633802816901409,0.7505866250408015,0.0647887323943662,0.0,0.02535211267605634,0.0,0.0
10,20,0.1,mlp_table,True,True,38,38,151,0.0008344580000994029,0.9714313805942804,1.8873830249679062,1.373820594170835,0.056338028169014086,0.9408450704225352,0.0,0.05070422535211268,5.396686553955078
10,20,0.1,unet,True,True,38,38,256,0.001472042000386864,1.4386361206081553,4.401337561294988,2.0979365007776063,0.5690140845070423,0.4309859154929577,0.011267605633802818,0.11267605633802817,9.386445999145508
11,20,0.1,dijkstra,True,True,38,38,360,0.0007664160002605058,18.975,424.2083333333333,20.596318441248993,0.9972222222222222,0.0,0.9805555555555555,0.0,0.0
11,20,0.1,manhattan,True,True,38,38,314,0.0007294170009117806,0.13333333333333333,0.26666666666666666,0.5163977794943222,0.06666666666666667,0.0,0.0,0.0,0.0
11,20,0.1,mlp_table,True,True,38,38,148,0.0008065000001806766,1.0499855816364287,2.1167975962032193,1.4549218522667187,0.03888888888888889,0.9583333333333334,0.0,0.058333333333333334,5.396686553955078
11,20,0.1,unet,True,True,38,38,228,0.0013061250010650838,2.0212518764866725,9.018052329048519,3.003007214285127,0.30277777777777776,0.6972222222222222,0.008333333333333333,0.24444444444444444,11.987598419189453
12,20,0.1,dijkstra,True,True,38,38,367,0.0007997089996933937,18.82016348773842,421.51771117166214,20.530896501898354,0.997275204359673,0.0,0.9727520435967303,0.0,0.0
12,20,0.1,manhattan,True,True,38,38,283,0.0006781249994673999,0.04904632152588556,0.09809264305177112,0.31319745058312837,0.02452316076294278,0.0,0.0,0.0,0.0
12,20,0.1,mlp_table,True,True,38,38,133,0.0007404580010188511,1.0949278595661922,2.273208431549456,1.5077162967711983,0.02452316076294278,0.9727520435967303,0.0,0.07901907356948229,4.694330215454102
12,20,0.1,unet,True,True,38,38,219,0.0013441659993986832,1.5519380111460466,5.020653333694478,2.2406814440465377,0.4986376021798365,0.5013623978201635,0.013623978201634877,0.16348773841961853,8.928531646728516
13,20,0.1,dijkstra,True,True,38,38,360,0.0007541249997302657,19.516666666666666,446.1166666666667,21.12147406472064,0.9972222222222222,0.0,0.9777777777777777,0.0,0.0
13,20,0.1,manhattan,True,True,38,38,315,0.0007534590004070196,0.17777777777777778,0.4222222222222222,0.6497862896539309,0.08055555555555556,0.0,0.008333333333333333,0.0,0.0
13,20,0.1,mlp_table,True,True,38,38,141,0.0009062919998541474,0.9508187840382258,1.5964994616994022,1.2635265971476035,0.05,0.9472222222222222,0.0,0.030555555555555555,3.5638694763183594
13,20,0.1,unet,True,True,38,38,226,0.0013496249994204845,1.496937985221545,4.699294997900944,2.1677857361605053,0.45555555555555555,0.5444444444444444,0.008333333333333333,0.16111111111111112,8.356849670410156
14,20,0.1,dijkstra,True,True,38,38,366,0.0007613750003656605,19.049180327868854,430.5027322404372,20.74855976303987,0.9972677595628415,0.0,0.9726775956284153,0.0,0.0
14,20,0.1,manhattan,True,True,38,38,352,0.000806582998848171,0.060109289617486336,0.12021857923497267,0.3467255099282034,0.030054644808743168,0.0,0.0,0.0,0.0
14,20,0.1,mlp_table,True,True,38,38,149,0.000778875000833068,1.111488334793862,2.2779900578142516,1.5093011819429054,0.040983606557377046,0.9562841530054644,0.0,0.07650273224043716,4.437534332275391
14,20,0.1,unet,True,True,38,38,235,0.0013207920001150342,1.6573910511256567,5.649497108822358,2.3768670784926864,0.4262295081967213,0.5737704918032787,0.01366120218579235,0.1721311475409836,7.8550872802734375
15,20,0.1,dijkstra,True,True,38,38,370,0.0007699580000917194,18.85135135135135,419.7648648648649,20.488164018888195,0.9972972972972973,0.0,0.972972972972973,0.0,0.0
15,20,0.1,manhattan,True,True,38,38,294,0.0007026670009508962,0.10270270270270271,0.20540540540540542,0.4532167311622613,0.051351351351351354,0.0,0.0,0.0,0.0
15,20,0.1,mlp_table,True,True,38,38,123,0.0006779579998692498,1.1160869434073164,2.2959384704054906,1.5152354504846732,0.03783783783783784,0.9594594594594594,0.0,0.08108108108108109,4.694330215454102
15,20,0.1,unet,True,True,38,38,223,0.0013106669994158437,1.59167161696666,5.00230633235758,2.2365836296364106,0.5513513513513514,0.4486486486486487,0.016216216216216217,0.14324324324324325,8.599231719970703
16,20,0.1,dijkstra,True,True,38,38,353,0.0007316669998544967,20.569405099150142,479.91218130311614,21.90689803014375,0.9971671388101983,0.0,0.9858356940509915,0.0,0.0
16,20,0.1,manhattan,True,True,38,38,297,0.0006953749998501735,1.3994334277620397,7.0594900849858355,2.656970094861031,0.41076487252124644,0.0,0.1274787535410765,0.0,0.0
16,20,0.1,mlp_table,True,True,38,38,133,0.0007105000004230533,1.1407648622145397,3.387068155930566,1.8403989121738162,0.3342776203966006,0.6628895184135978,0.08498583569405099,0.0056657223796034,3.396686553955078
16,20,0.1,unet,True,True,38,38,197,0.0012340840003162157,1.835929528511955,6.3012303369076985,2.5102251566159755,0.42492917847025496,0.5750708215297451,0.0339943342776204,0.1558073654390935,9.428747177124023
17,20,0.1,dijkstra,True,True,38,38,362,0.0007435829993482912,19.582872928176794,445.207182320442,21.099933230236584,0.9972375690607734,0.0,0.9861878453038674,0.0,0.0
17,20,0.1,manhattan,True,True,38,38,330,0.0007729579992883373,0.5248618784530387,1.7348066298342542,1.3171205828754837,0.20165745856353592,0.0,0.03867403314917127,0.0,0.0
17,20,0.1,mlp_table,True,True,38,38,147,0.0007724589995632414,0.7272536155268632,0.8874478442722544,0.9420445022780264,0.11049723756906077,0.8867403314917127,0.0027624309392265192,0.0,2.6943302154541016
17,20,0.1,unet,True,True,38,38,230,0.001301832999160979,1.6257715897006884,5.038010389881736,2.24455126693104,0.292817679558011,0.7071823204419889,0.011049723756906077,0.18232044198895028,8.399444580078125
18,20,0.1,dijkstra,True,True,38,38,368,0.0007633330005774042,19.432065217391305,440.5951086956522,20.990357517099422,0.9972826086956522,0.0,0.9836956521739131,0.0,0.0
18,20,0.1,manhattan,True,True,38,38,367,0.0009919170006469358,0.29347826086956524,0.9782608695652174,0.9890707100936805,0.10054347826086957,0.0,0.043478260869565216,0.0,0.0
18,20,0.1,mlp_table,True,True,38,38,150,0.0007766250000713626,0.9627836207332818,1.6431076670178923,1.2818376133574378,0.07880434782608696,0.9184782608695652,0.0,0.03260869565217391,3.9410762786865234
18,20,0.1,unet,True,True,38,38,206,0.0011458339995442657,2.1988647609301237,9.859567103954147,3.139994761771769,0.22282608695652173,0.7771739130434783,0.008152173913043478,0.2717391304347826,9.382757186889648
19,20,0.1,dijkstra,True,True,38,38,358,0.0007265409985848237,19.56145251396648,449.0418994413408,21.190608755798895,0.9972067039106145,0.0,0.9720670391061452,0.0,0.0
19,20,0.1,manhattan,True,True,38,38,353,0.0007820840000931639,0.43575418994413406,1.3631284916201116,1.1675309381854133,0.1564245810055866,0.0,0.061452513966480445,0.0,0.0
19,20,0.1,mlp_table,True,True,38,38,140,0.0007185409995145164,0.8481501990190431,1.514899609158523,1.2308125808418287,0.13966480446927373,0.8575418994413407,0.0,0.0446927374301676,4.910266876220703
19,20,0.1,unet,True,True,38,38,260,0.0014703750002809102,1.2936585668744989,3.574414969019974,1.8906123264752015,0.6033519553072626,0.39664804469273746,0.008379888268156424,0.09217877094972067,8.579654693603516
20,20,0.1,dijkstra,True,True,38,38,353,0.000727250000636559,19.073654390934845,431.328611898017,20.768452323127427,0.9971671388101983,0.0,0.9801699716713881,0.0,0.0
20,20,0.1,manhattan,True,True,38,38,346,0.0007772499993734527,0.24362606232294617,0.6005665722379604,0.7749623037528731,0.10764872521246459,0.0,0.014164305949008499,0.0,0.0
20,20,0.1,mlp_table,True,True,38,38,142,0.0007497500009776559,0.9479317398314435,1.5962909924930477,1.2634440994729634,0.06232294617563739,0.9348441926345609,0.0,0.039660056657223795,3.946523666381836
20,20,0.1,unet,True,True,38,38,243,0.0013991249998070998,1.5361579217586572,4.770055723013984,2.184045723654609,0.45609065155807366,0.5439093484419264,0.0113314447592068,0.17280453257790368,7.215736389160156
21,20,0.1,dijkstra,True,True,38,38,353,0.0007161249995988328,19.60056657223796,444.3201133144476,21.078902089872887,0.9971671388101983,0.0,0.9716713881019831,0.0,0.0
21,20,0.1,manhattan,True,True,38,38,300,0.0006921250005689217,0.5949008498583569,2.481586402266289,1.5753051775025335,0.17563739376770537,0.0,0.0821529745042493,0.0,0.0
21,20,0.1,mlp_table,True,True,38,38,133,0.0006976660006330349,1.016342141810625,1.9088476084288897,1.381610512564554,0.15864022662889518,0.8385269121813032,0.019830028328611898,0.0339943342776204,4.437534332275391
21,20,0.1,unet,True,True,38,38,178,0.001209957999890321,1.8683637471779886,7.617839648032041,2.760043414157111,0.3342776203966006,0.6657223796033994,0.0084985835694051,0.21529745042492918,10.01922607421875
22,20,0.1,dijkstra,True,True,38,38,358,0.0007357499998761341,19.05586592178771,428.37988826815644,20.69734012544019,0.9972067039106145,0.0,0.9748603351955307,0.0,0.0
22,20,0.1,manhattan,True,True,38,38,294,0.0006947500005480833,0.25139664804469275,0.6145251396648045,0.7839165387111082,0.11173184357541899,0.0,0.013966480446927373,0.0,0.0
22,20,0.1,mlp_table,True,True,38,38,121,0.0006805419998272555,0.9074476474490245,1.3764651621132635,1.1732285208403619,0.0446927374301676,0.952513966480447,0.0,0.01675977653631285,3.379995346069336
22,20,0.1,unet,True,True,38,38,234,0.0013685410012840293,1.2962538952934008,2.782203615667148,1.6679938895772815,0.61731843575419,0.38268156424581007,0.013966480446927373,0.06424581005586592,6.931192398071289
23,20,0.1,dijkstra,True,True,38,38,364,0.0007435409988829633,19.068681318681318,428.7225274725275,20.705615843836366,0.9972527472527473,0.0,0.9725274725274725,0.0,0.0
23,20,0.1,manhattan,True,True,38,38,310,0.0007293329999811249,0.14285714285714285,0.2857142857142857,0.5345224838248488,0.07142857142857142,0.0,0.0,0.0,0.0
23,20,0.1,mlp_table,True,True,38,38,147,0.000992749999568332,1.060236470057414,2.0630155571708055,1.4363201443866216,0.054945054945054944,0.9423076923076923,0.0,0.06593406593406594,4.437534332275391
23,20,0.1,unet,True,True,38,38,238,0.0014075419985601911,1.5071414843365387,4.40825723794062,2.099585015649669,0.5467032967032966,0.4532967032967033,0.01098901098901099,0.12912087912087913,7.317378997802734
24,20,0.1,dijkstra,True,True,38,38,370,0.0008572079987061443,19.272972972972973,436.67297297297296,20.896721584329274,0.9972972972972973,0.0,0.972972972972973,0.0,0.0
24,20,0.1,manhattan,True,True,38,38,353,0.0008091250001598382,0.2756756756756757,0.5513513513513514,0.7425303706592421,0.13783783783783785,0.0,0.0,0.0,0.0
24,20,0.1,mlp_table,True,True,38,38,142,0.0007541670001955936,0.8610249844757286,1.3902919079760037,1.179106402313211,0.03783783783783784,0.9594594594594594,0.0,0.032432432432432434,4.437534332275391
24,20,0.1,unet,True,True,38,38,264,0.001488249999965774,1.2885079867131002,3.403337482955518,1.8448136716090104,0.5513513513513514,0.4486486486486487,0.013513513513513514,0.08378378378378379,7.291019439697266
25,20,0.1,dijkstra,True,True,38,38,357,0.0007308339991141111,18.946778711484594,427.28851540616245,20.670958260471682,0.9971988795518207,0.0,0.9747899159663865,0.0,0.0
25,20,0.1,manhattan,True,True,38,38,284,0.0007751659995847149,0.011204481792717087,0.022408963585434174,0.14969623771302396,0.0056022408963585435,0.0,0.0,0.0,0.0
25,20,0.1,mlp_table,True,True,38,38,117,0.0007124579988158075,1.1686108830262298,2.6888655364248923,1.6397760628893485,0.03361344537815126,0.9635854341736695,0.0,0.10084033613445378,5.396686553955078
25,20,0.1,unet,True,True,38,38,191,0.0010363750006945338,2.068921347960037,9.634382586812622,3.1039301839462534,0.3753501400560224,0.6246498599439776,0.01680672268907563,0.24369747899159663,11.62202262878418
26,20,0.1,dijkstra,True,True,38,38,340,0.0006907080005476018,19.455882352941178,444.09705882352944,21.073610483814335,0.9970588235294118,0.0,0.9764705882352941,0.0,0.0
26,20,0.1,manhattan,True,True,38,38,234,0.0005376250010158401,0.6176470588235294,1.8705882352941177,1.3676944963310036,0.23823529411764705,0.0,0.061764705882352944,0.0,0.0
26,20,0.1,mlp_table,True,True,38,38,104,0.0005772919994342374,0.9104537027723649,1.5413435428604136,1.2415085754276582,0.12058823529411765,0.8764705882352941,0.023529411764705882,0.0,2.959127426147461
26,20,0.1,unet,True,True,38,38,166,0.0009312499987572664,1.485045505621854,4.178277733051266,2.0440835924813023,0.36470588235294116,0.6352941176470588,0.026470588235294117,0.12058823529411765,7.695758819580078
27,20,0.1,dijkstra,True,True,38,38,364,0.0007489999989047647,18.802197802197803,419.2032967032967,20.47445473518884,0.9972527472527473,0.0,0.9725274725274725,0.0,0.0
27,20,0.1,manhattan,True,True,38,38,314,0.0008591670011810493,0.02197802197802198,0.04395604395604396,0.20965696734438366,0.01098901098901099,0.0,0.0,0.0,0.0
27,20,0.1,mlp_table,True,True,38,38,123,0.0006663749991275836,1.1476292207345857,2.534263609831216,1.5919370621451139,0.03296703296703297,0.9642857142857143,0.0,0.09340659340659341,5.396686553955078
27,20,0.1,unet,True,True,38,38,235,0.0013821249995089602,1.56786075594661,5.075312971002748,2.2528455275501575,0.5989010989010989,0.4010989010989011,0.01098901098901099,0.14285714285714285,9.307601928710938
28,20,0.1,dijkstra,True,True,38,38,357,0.0007292079990293132,19.243697478991596,437.08683473389357,20.906621791525613,0.9971988795518207,0.0,0.9719887955182073,0.0,0.0
28,20,0.1,manhattan,True,True,38,38,293,0.0006682499988528434,0.16246498599439776,0.48179271708683474,0.6941128993808102,0.06162464985994398,0.0,0.0196078431372549,0.0,0.0
28,20,0.1,mlp_table,True,True,38,38,139,0.000735583000277984,0.9956049508407336,1.8760282153321317,1.36968179345866,0.05042016806722689,0.9467787114845938,0.0,0.056022408963585436,4.694330215454102
28,20,0.1,unet,True,True,38,38,226,0.0012656670005526394,1.7861164076989438,6.714042587348646,2.59114696367239,0.3025210084033613,0.6974789915966386,0.008403361344537815,0.2184873949579832,10.32754135131836
29,20,0.1,dijkstra,True,True,38,38,370,0.0009560830003465526,18.83783783783784,421.44864864864866,20.529214516114557,0.9972972972972973,0.0,0.9756756756756757,0.0,0.0
29,20,0.1,manhattan,True,True,38,38,344,0.0008821250012260862,0.005405405405405406,0.010810810810810811,0.10397504898200727,0.002702702702702703,0.0,0.0,0.0,0.0
29,20,0.1,mlp_table,True,True,38,38,141,0.0007499580005969619,1.1407932581128302,2.577408019858872,1.6054307894951036,0.03513513513513514,0.9621621621621622,0.0,0.0972972972972973,5.396686553955078
29,20,0.1,unet,True,True,38,38,239,0.0014370420012710383,1.780048395491935,7.099192245193453,2.6644309420950383,0.34054054054054056,0.6594594594594595,0.010810810810810811,0.1945945945945946,10.079328536987305
30,20,0.1,dijkstra,True,True,38,38,358,0.0007325419992412208,19.293296089385475,437.05307262569835,20.9058143258209,0.9972067039106145,0.0,0.9748603351955307,0.0,0.0
30,20,0.1,manhattan,True,True,38,38,298,0.0006948339996597497,0.18435754189944134,0.43575418994413406,0.6601168002286671,0.08379888268156424,0.0,0.008379888268156424,0.0,0.0
30,20,0.1,mlp_table,True,True,38,38,171,0.0009085840010811808,0.9884435554456444,1.6773560999878387,1.2951278315239152,0.03910614525139665,0.9581005586592178,0.0,0.030726256983240222,3.9410762786865234
30,20,0.1,unet,True,True,38,38,181,0.0010480830005690223,3.2752720190826077,18.78277980357319,4.333910451725231,0.0782122905027933,0.9217877094972067,0.008379888268156424,0.39385474860335196,11.811988830566406
31,20,0.1,dijkstra,True,True,38,38,363,0.0007548749999841675,19.206611570247933,435.4876033057851,20.868339735249307,0.9972451790633609,0.0,0.977961432506887,0.0,0.0
31,20,0.1,manhattan,True,True,38,38,361,0.0008168750009645009,0.11570247933884298,0.23140495867768596,0.48104569292083466,0.05785123966942149,0.0,0.0,0.0,0.0
31,20,0.1,mlp_table,True,True,38,38,155,0.0008121670016407734,1.0179429832568838,1.9090385892721793,1.3816796261334172,0.04132231404958678,0.9559228650137741,0.0,0.05509641873278237,4.184774398803711
31,20,0.1,unet,True,True,38,38,262,0.0014984589997766307,1.4286989705950104,4.250429300997192,2.0616569309652837,0.5371900826446281,0.4628099173553719,0.011019283746556474,0.12672176308539945,7.532341003417969
32,20,0.1,dijkstra,True,True,38,38,346,0.000698042000294663,19.08670520231214,430.8612716763006,20.75719806901453,0.9971098265895953,0.0,0.9710982658959537,0.0,0.0
32,20,0.1,manhattan,True,True,38,38,290,0.0006593329999304842,0.1791907514450867,0.5202312138728323,0.7212705552515175,0.06936416184971098,0.0,0.02023121387283237,0.0,0.0
32,20,0.1,mlp_table,True,True,38,38,128,0.0006910410011187196,0.9816642252006972,1.6956782190749702,1.3021820990456634,0.04335260115606936,0.953757225433526,0.0,0.03757225433526012,3.9410762786865234
32,20,0.1,unet,True,True,38,38,205,0.0011929159991268534,1.6823085990944349,5.647122953634215,2.3763675964871713,0.3583815028901734,0.6416184971098265,0.008670520231213872,0.18497109826589594,7.578971862792969
33,20,0.1,dijkstra,True,True,38,38,361,0.0007456659986928571,19.257617728531855,438.26592797783934,20.934801837558418,0.997229916897507,0.0,0.9722991689750693,0.0,0.0
33,20,0.1,manhattan,True,True,38,38,342,0.0007778749986755429,0.3047091412742382,0.7867036011080333,0.8869631340185641,0.13573407202216067,0.0,0.0110803324099723,0.0,0.0
33,20,0.1,mlp_table,True,True,38,38,151,0.0008148329998221016,0.878970475408179,1.4225296278796884,1.192698464776277,0.0664819944598338,0.9307479224376731,0.0,0.0332409972299169,4.437534332275391
33,20,0.1,unet,True,True,38,38,257,0.0014532499990309589,1.3316624788696416,3.344257483125199,1.828731112855359,0.6121883656509696,0.3878116343490305,0.01662049861495845,0.08033240997229917,7.514717102050781
34,20,0.1,dijkstra,True,True,38,38,366,0.0007447499992849771,19.31967213114754,440.172131147541,20.98027957743988,0.9972677595628415,0.0,0.9726775956284153,0.0,0.0
34,20,0.1,manhattan,True,True,38,38,354,0.0007982500010257354,0.14754098360655737,0.29508196721311475,0.5432144762551112,0.07377049180327869,0.0,0.0,0.0,0.0
34,20,0.1,mlp_table,True,True,38,38,155,0.0008019169999897713,1.003389943818577,1.7953854337758894,1.339919935584171,0.03825136612021858,0.9590163934426229,0.0,0.04371584699453552,3.9410762786865234
34,20,0.1,unet,True,True,38,38,261,0.001595791998624918,1.4164289617147603,3.924389335302682,1.981007151754552,0.5628415300546448,0.4371584699453552,0.01639344262295082,0.11748633879781421,7.271278381347656
35,20,0.1,dijkstra,True,True,38,38,352,0.000715124999260297,19.411931818181817,438.69034090909093,20.944935925160788,0.9971590909090909,0.0,0.9801136363636364,0.0,0.0
35,20,0.1,manhattan,True,True,38,38,332,0.0007704159997956594,0.3352272727272727,0.9886363636363636,0.9943019479194254,0.1278409090909091,0.0,0.03977272727272727,0.0,0.0
35,20,0.1,mlp_table,True,True,38,38,137,0.0007634169996890705,0.892556930468841,1.3770149318642224,1.1734627952620493,0.08238636363636363,0.9147727272727273,0.0,0.017045454545454544,3.379995346069336
35,20,0.1,unet,True,True,38,38,232,0.0013615410007332684,1.34485815059055,3.701002784940228,1.923799050041409,0.4403409090909091,0.5596590909090909,0.011363636363636364,0.12215909090909091,7.790264129638672
36,20,0.1,dijkstra,True,True,38,38,373,0.000765417000366142,18.79088471849866,421.11796246648794,20.52115889677013,0.9973190348525469,0.0,0.9731903485254692,0.0,0.0
36,20,0.1,manhattan,True,True,38,38,320,0.0007549170004494954,0.021447721179624665,0.04289544235924933,0.2071121492313991,0.010723860589812333,0.0,0.0,0.0,0.0
36,20,0.1,mlp_table,True,True,38,38,129,0.0006916250003996538,1.1635194364885222,2.648375474509501,1.6273830140779708,0.04289544235924933,0.9544235924932976,0.0,0.09651474530831099,5.396686553955078
36,20,0.1,unet,True,True,38,38,239,0.0014469170000666054,1.6845607581790587,5.996889312019709,2.448854693937496,0.5495978552278821,0.450402144772118,0.01876675603217158,0.16890080428954424,9.61944580078125
37,20,0.1,dijkstra,False,False,-1,-1,0,0.0,,,,,,,,
37,20,0.1,manhattan,False,False,-1,-1,0,0.0,,,,,,,,
37,20,0.1,mlp_table,False,False,-1,-1,0,0.0,,,,,,,,
37,20,0.1,unet,False,False,-1,-1,0,0.0,,,,,,,,
38,20,0.1,dijkstra,True,True,38,38,357,0.0007240420000016456,19.252100840336134,435.7843137254902,20.875447629344148,0.9971988795518207,0.0,0.9747899159663865,0.0,0.0
38,20,0.1,manhattan,True,True,38,38,287,0.0006668329988315236,0.27450980392156865,0.6162464985994398,0.7850136932560092,0.12885154061624648,0.0,0.008403361344537815,0.0,0.0
38,20,0.1,mlp_table,True,True,38,38,123,0.0007106670000212034,0.8916506035989072,1.3998080000639956,1.1831348190565585,0.05042016806722689,0.9467787114845938,0.0,0.0196078431372549,3.5638694763183594
38,20,0.1,unet,True,True,38,38,228,0.001375499999994645,1.3239698276466347,3.2584502968514917,1.8051178069177345,0.5574229691876751,0.4425770308123249,0.011204481792717087,0.08403361344537816,7.154010772705078
39,20,0.1,dijkstra,False,False,-1,-1,0,0.0,,,,,,,,
39,20,0.1,manhattan,False,False,-1,-1,0,0.0,,,,,,,,
39,20,0.1,mlp_table,False,False,-1,-1,0,0.0,,,,,,,,
39,20,0.1,unet,False,False,-1,-1,0,0.0,,,,,,,,
40,20,0.1,dijkstra,True,True,38,38,355,0.0007370000002993038,19.00281690140845,427.1830985915493,20.668408225878192,0.9971830985915493,0.0,0.9746478873239437,0.0,0.0
40,20,0.1,manhattan,True,True,38,38,218,0.000501750000694301,0.2140845070422535,0.6309859154929578,0.7943462189076989,0.08450704225352113,0.0,0.01971830985915493,0.0,0.0
40,20,0.1,mlp_table,True,True,38,38,121,0.0006593329999304842,0.9789053906857128,1.729328891952356,1.3150395020501688,0.04788732394366197,0.9492957746478873,0.0,0.04225352112676056,4.423847198486328
40,20,0.1,unet,True,True,38,38,182,0.0010986249999405118,1.4893517010648485,4.6376848748146715,2.153528470862336,0.37746478873239436,0.6225352112676056,0.008450704225352112,0.14929577464788732,7.804920196533203
41,20,0.1,dijkstra,True,True,38,38,365,0.0007444169987138594,19.123287671232877,432.2739726027397,20.79119940269776,0.9972602739726028,0.0,0.9726027397260274,0.0,0.0
41,20,0.1,manhattan,True,True,38,38,348,0.0008250410010077758,0.0821917808219178,0.1643835616438356,0.4054424270396916,0.0410958904109589,0.0,0.0,0.0,0.0
41,20,0.1,mlp_table,True,True,38,38,136,0.0007350409996433882,1.0654439655068801,2.062466590150698,1.436129029770897,0.03287671232876712,0.9643835616438357,0.0,0.06027397260273973,4.437534332275391
41,20,0.1,unet,True,True,38,38,255,0.0014364580001711147,1.528387688284051,4.286388370233287,2.0703594785044666,0.6164383561643836,0.3835616438356164,0.010958904109589041,0.12876712328767123,7.237653732299805
42,20,0.1,dijkstra,True,True,38,38,361,0.0007486670001526363,19.024930747922436,425.32409972299166,20.623387202954603,0.997229916897507,0.0,0.9722991689750693,0.0,0.0
42,20,0.1,manhattan,True,True,38,38,321,0.0007632919987372588,0.24930747922437674,0.8088642659279779,0.8993688152965823,0.08587257617728532,0.0,0.038781163434903045,0.0,0.0
42,20,0.1,mlp_table,True,True,38,38,125,0.0007644159995834343,0.9850458573766693,1.7847097040495155,1.3359302766422787,0.0664819944598338,0.9307479224376731,0.0,0.04709141274238227,4.507303237915039
42,20,0.1,unet,True,True,38,38,234,0.0013427499998215353,1.4494377529852278,3.974834206414692,1.9936986247712296,0.5650969529085873,0.43490304709141275,0.0110803324099723,0.12742382271468145,8.262672424316406
43,20,0.1,dijkstra,True,True,38,38,363,0.0007420410001941491,19.21212121212121,433.8787878787879,20.82975726883988,0.9972451790633609,0.0,0.977961432506887,0.0,0.0
43,20,0.1,manhattan,True,True,38,38,322,0.0007234999993670499,0.1322314049586777,0.2865013774104683,0.5352582343228998,0.06336088154269973,0.0,0.0027548209366391185,0.0,0.0
43,20,0.1,mlp_table,True,True,38,38,182,0.0009236250007234048,1.099778594721119,2.237186243418109,1.4957226492294984,0.06060606060606061,0.9366391184573003,0.0027548209366391185,0.0743801652892562,4.437534332275391
43,20,0.1,unet,True,True,38,38,236,0.0013037919998168945,1.9779905711323762,7.80393515949134,2.793552426479829,0.2975206611570248,0.7024793388429752,0.01652892561983471,0.26170798898071623,9.33993911743164
44,20,0.1,dijkstra,True,True,38,38,346,0.0007033749989204807,19.08092485549133,427.4566473988439,20.67502472547116,0.9971098265895953,0.0,0.9855491329479769,0.0,0.0
44,20,0.1,manhattan,True,True,38,38,279,0.0006687909990432672,0.3930635838150289,0.9479768786127167,0.9736410419722028,0.17630057803468208,0.0,0.02023121387283237,0.0,0.0
44,20,0.1,mlp_table,True,True,38,38,118,0.0007540830010839272,0.8476377322494639,1.2459327217184712,1.1162135645648064,0.09248554913294797,0.9046242774566474,0.0,0.02023121387283237,3.9410762786865234
44,20,0.1,unet,True,True,38,38,186,0.0010947079990728525,1.9466877135238208,7.495173727808576,2.7377314930081393,0.22254335260115607,0.7774566473988439,0.005780346820809248,0.23121387283236994,8.656089782714844
45,20,0.1,dijkstra,True,True,38,38,359,0.0007322080000449205,18.908077994428968,422.89693593314763,20.564458075357777,0.9972144846796658,0.0,0.9721448467966574,0.0,0.0
45,20,0.1,manhattan,True,True,38,38,327,0.0007390840000880416,0.15041782729805014,0.3008356545961003,0.5484848718024047,0.07520891364902507,0.0,0.0,0.0,0.0
45,20,0.1,mlp_table,True,True,38,38,130,0.0007060839998302981,1.0211752321062646,1.7748476024592772,1.3322340644418598,0.036211699164345405,0.9610027855153204,0.0,0.036211699164345405,3.7540512084960938
45,20,0.1,unet,True,True,38,38,237,0.0014137079997453839,1.4536270779819542,3.9443154205603688,1.9860300653717124,0.48746518105849584,0.5125348189415042,0.011142061281337047,0.12534818941504178,7.356822967529297
46,20,0.1,dijkstra,True,True,38,38,356,0.0008940000006987248,18.8061797752809,421.1938202247191,20.523007095080366,0.9971910112359551,0.0,0.9747191011235955,0.0,0.0
46,20,0.1,manhattan,True,True,38,38,314,0.0007395419997919817,0.07303370786516854,0.14606741573033707,0.3821876708246056,0.03651685393258427,0.0,0.0,0.0,0.0
46,20,0.1,mlp_table,True,True,38,38,158,0.0008555839995096903,1.1002882380833787,2.276060507455562,1.5086618267377094,0.03651685393258427,0.9606741573033708,0.0,0.06741573033707865,5.396686553955078
46,20,0.1,unet,True,True,38,38,222,0.0012827909995394293,2.011918075298995,8.51077343726701,2.9173229915912655,0.28651685393258425,0.7134831460674157,0.008426966292134831,0.24157303370786518,11.47222900390625
47,20,0.1,dijkstra,True,True,38,38,351,0.0007155419989430811,20.08262108262108,461.017094017094,21.471308623768,0.9971509971509972,0.0,0.9772079772079773,0.0,0.0
47,20,0.1,manhattan,True,True,38,38,274,0.000631124999927124,1.0256410256410255,5.561253561253562,2.358231023723834,0.24216524216524216,0.0,0.14814814814814814,0.0,0.0
47,20,0.1,mlp_table,True,True,38,38,127,0.0006797500009270152,0.9958707250421204,2.344819830685086,1.5312804546147272,0.19658119658119658,0.8005698005698005,0.07122507122507123,0.0,2.959127426147461
47,20,0.1,unet,True,True,38,38,193,0.0011282920004305197,1.4791788735620657,3.903911282800761,1.9758317951690019,0.39886039886039887,0.6011396011396012,0.03133903133903134,0.10541310541310542,6.863744735717773
48,20,0.1,dijkstra,True,True,38,38,358,0.0007495000008930219,19.156424581005588,433.06145251396646,20.81012860397471,0.9972067039106145,0.0,0.9776536312849162,0.0,0.0
48,20,0.1,manhattan,True,True,38,38,344,0.0007792500000505242,0.1787709497206704,0.3575418994413408,0.5979480742015487,0.0893854748603352,0.0,0.0,0.0,0.0
48,20,0.1,mlp_table,True,True,38,38,147,0.0007627920003869804,1.0363483152575999,2.0680396172605446,1.4380680155196224,0.05865921787709497,0.9385474860335196,0.0,0.055865921787709494,5.396686553955078
48,20,0.1,unet,True,True,38,38,228,0.001287166998736211,1.7629803342526185,7.046910759840121,2.6546018081512943,0.31843575418994413,0.6815642458100558,0.008379888268156424,0.18994413407821228,10.913766860961914
49,20,0.1,dijkstra,True,True,38,38,359,0.0007292080008483026,19.4066852367688,442.2423398328691,21.029558717026593,0.9972144846796658,0.0,0.9749303621169917,0.0,0.0
49,20,0.1,manhattan,True,True,38,38,327,0.0007366659992840141,0.3565459610027855,0.713091922005571,0.8444477023508152,0.17827298050139276,0.0,0.0,0.0,0.0
49,20,0.1,mlp_table,True,True,38,38,135,0.0006972079991101054,0.8002571013644545,1.0464090309425187,1.022941362416497,0.03899721448467967,0.958217270194986,0.0,0.005571030640668524,3.396686553955078
49,20,0.1,unet,True,True,38,38,249,0.0014217080006346805,1.2037019387593177,2.7062490836594923,1.6450681091248145,0.5766016713091922,0.4233983286908078,0.008356545961002786,0.052924791086350974,6.89735221862793
50,20,0.1,dijkstra,True,True,38,38,362,0.0007631250009580981,19.019337016574585,430.18508287292815,20.740903617560353,0.9972375690607734,0.0,0.9723756906077348,0.0,0.0
50,20,0.1,manhattan,True,True,38,38,327,0.0007828329999028938,0.08839779005524862,0.17679558011049723,0.42047066498210933,0.04419889502762431,0.0,0.0,0.0,0.0
50,20,0.1,mlp_table,True,True,38,38,154,0.0008120839993353002,1.0857570253683058,2.1405932334317765,1.463076632795349,0.04143646408839779,0.9558011049723757,0.0,0.06629834254143646,4.437534332275391
50,20,0.1,unet,True,True,38,38,239,0.0013441249993775273,1.6699479551605099,5.4435738389174615,2.3331467675475244,0.5303867403314917,0.4696132596685083,0.013812154696132596,0.1712707182320442,7.969512939453125
51,20,0.1,dijkstra,True,True,38,38,363,0.0007375419991149101,19.049586776859503,429.6115702479339,20.727073364272485,0.9972451790633609,0.0,0.9724517906336089,0.0,0.0
51,20,0.1,manhattan,True,True,38,38,331,0.000752665999243618,0.09366391184573003,0.18732782369146006,0.4328138441541121,0.046831955922865015,0.0,0.0,0.0,0.0
51,20,0.1,mlp_table,True,True,38,38,137,0.0007550409991381457,1.1008758981694202,2.275049296837319,1.5083266545537537,0.04132231404958678,0.9559228650137741,0.0,0.07988980716253444,4.694330215454102
51,20,0.1,unet,True,True,38,38,245,0.0013603340012195986,1.5654874140237645,4.6449564780087895,2.155216109351633,0.5674931129476584,0.4325068870523416,0.011019283746556474,0.1322314049586777,8.543886184692383
52,20,0.1,dijkstra,True,True,38,38,359,0.0008041669989324873,19.15041782729805,433.67966573816153,20.824976968490542,0.9972144846796658,0.0,0.9749303621169917,0.0,0.0
52,20,0.1,manhattan,True,True,38,38,299,0.0007146250009100186,0.24512534818941503,0.49025069637883006,0.700179045943843,0.12256267409470752,0.0,0.0,0.0,0.0
52,20,0.1,mlp_table,True,True,38,38,122,0.0006970829999772832,0.9121223455684099,1.5185398032380049,1.2322904703185873,0.04735376044568245,0.9498607242339833,0.0,0.033426183844011144,4.437534332275391
52,20,0.1,unet,True,True,38,38,221,0.0012760000008711359,1.5653367052503282,5.186092553104079,2.277299399091845,0.3649025069637883,0.6350974930362117,0.005571030640668524,0.16434540389972144,8.495138168334961
53,20,0.1,dijkstra,True,True,38,38,367,0.0007475830007024342,19.168937329700274,432.1171662125341,20.78742808075434,0.997275204359673,0.0,0.9754768392370572,0.0,0.0
53,20,0.1,manhattan,True,True,38,38,334,0.0008084589990176028,0.2561307901907357,0.5340599455040872,0.7307940513606328,0.12534059945504086,0.0,0.0027247956403269754,0.0,0.0
53,20,0.1,mlp_table,True,True,38,38,132,0.0007460829983756412,0.9960531671950213,1.6971170062348417,1.3027344342707925,0.05449591280653951,0.9427792915531336,0.0027247956403269754,0.02997275204359673,3.9410762786865234
53,20,0.1,unet,True,True,38,38,246,0.0014936669995222474,1.4034929795226219,3.7484262684860337,1.936085294734205,0.5177111716621253,0.4822888283378747,0.01907356948228883,0.09536784741144415,7.253568649291992
54,20,0.1,dijkstra,True,True,38,38,362,0.0007424169998557772,19.281767955801104,436.8232044198895,20.90031589282539,0.9972375690607734,0.0,0.9723756906077348,0.0,0.0
54,20,0.1,manhattan,True,True,38,38,318,0.0007244170010380913,0.3812154696132597,1.3149171270718232,1.1466983592348177,0.12430939226519337,0.0,0.06353591160220995,0.0,0.0
54,20,0.1,mlp_table,True,True,38,38,137,0.0007280000008904608,0.827531644981869,1.1885318407873249,1.090198074107327,0.08287292817679558,0.914364640883978,0.0,0.011049723756906077,3.5638694763183594
54,20,0.1,unet,True,True,38,38,245,0.0014526249997288687,1.3065483985026238,3.225687013097445,1.7960197696844669,0.5524861878453039,0.44751381215469616,0.011049723756906077,0.10497237569060773,5.930257797241211
55,20,0.1,dijkstra,True,True,38,38,366,0.0007630410000274424,19.295081967213115,438.6775956284153,20.944631666095617,0.9972677595628415,0.0,0.9726775956284153,0.0,0.0
55,20,0.1,manhattan,True,True,38,38,343,0.0007760839998809388,0.31693989071038253,0.8961748633879781,0.9466651273750281,0.12568306010928962,0.0,0.03278688524590164,0.0,0.0
55,20,0.1,mlp_table,True,True,38,38,140,0.0007251669994730037,0.844002451727299,1.1597626627896853,1.0769227747567072,0.05191256830601093,0.9453551912568307,0.0,0.0,2.7518138885498047
55,20,0.1,unet,True,True,38,38,250,0.001430875001460663,1.233207092584808,2.7373208684827253,1.6544850765367227,0.5136612021857924,0.48633879781420764,0.01092896174863388,0.07377049180327869,6.303853988647461
56,20,0.1,dijkstra,True,True,38,38,365,0.0007586249994346872,19.076712328767123,430.2,20.741263220932325,0.9972602739726028,0.0,0.9753424657534246,0.0,0.0
56,20,0.1,manhattan,True,True,38,38,316,0.0007642079999641282,0.17534246575342466,0.5917808219178082,0.7692729177072388,0.06027397260273973,0.0,0.024657534246575342,0.0,0.0
56,20,0.1,mlp_table,True,True,38,38,162,0.0008605000002717134,0.9996088521121299,1.962171866829299,1.4007754519655529,0.06575342465753424,0.9315068493150684,0.0027397260273972603,0.057534246575342465,5.153474807739258
56,20,0.1,unet,True,True,38,38,221,0.0012324169983912725,1.9173194751347582,8.136634675452875,2.8524786897456176,0.31232876712328766,0.6876712328767123,0.0136986301369863,0.20821917808219179,11.626411437988281
57,20,0.1,dijkstra,True,True,38,38,364,0.0007412079994537635,18.956043956043956,427.3626373626374,20.672751083555312,0.9972527472527473,0.0,0.9725274725274725,0.0,0.0
57,20,0.1,manhattan,True,True,38,38,329,0.0007849590001569595,0.04395604395604396,0.08791208791208792,0.29649972666444047,0.02197802197802198,0.0,0.0,0.0,0.0
57,20,0.1,mlp_table,True,True,38,38,130,0.0007767080005578464,1.116052359342575,2.3827284635352055,1.5436089088675298,0.038461538461538464,0.9587912087912088,0.0,0.07967032967032966,5.153474807739258
57,20,0.1,unet,True,True,38,38,249,0.0014198749995557591,1.5888660091620226,5.2791789334833625,2.297646390000725,0.5467032967032966,0.4532967032967033,0.01098901098901099,0.14560439560439561,9.592411041259766
58,20,0.1,dijkstra,True,True,38,38,370,0.0007556250002380693,19.035135135135135,429.29459459459457,20.719425537272855,0.9972972972972973,0.0,0.972972972972973,0.0,0.0
58,20,0.1,manhattan,True,True,38,38,337,0.0007762920013192343,0.07567567567567568,0.15135135135135136,0.3890390100637099,0.03783783783783784,0.0,0.0,0.0,0.0
58,20,0.1,mlp_table,True,True,38,38,137,0.0007442499991157092,1.0763936355307295,2.10813053555444,1.4519402658354923,0.03513513513513514,0.9621621621621622,0.0,0.06756756756756757,4.437534332275391
58,20,0.1,unet,True,True,38,38,248,0.0014770830002817092,1.4621500682186437,4.343344350919882,2.0840691809342324,0.518918918918919,0.4810810810810811,0.013513513513513514,0.14324324324324325,7.620201110839844
59,20,0.1,dijkstra,True,True,38,38,362,0.000756208000893821,18.930939226519335,424.8922651933702,20.61291500960915,0.9972375690607734,0.0,0.9723756906077348,0.0,0.0
59,20,0.1,manhattan,True,True,38,38,306,0.000699415999406483,0.03314917127071823,0.06629834254143646,0.2574846452537247,0.016574585635359115,0.0,0.0,0.0,0.0
59,20,0.1,mlp_table,True,True,38,38,131,0.00072116699993785,1.154572687425666,2.539952966240441,1.5937229891798765,0.03314917127071823,0.9640883977900553,0.0,0.08839779005524862,5.396686553955078
59,20,0.1,unet,True,True,38,38,213,0.0012321660015004454,1.7358963519170139,6.500256042484907,2.549559970364476,0.43922651933701656,0.5607734806629834,0.011049723756906077,0.19613259668508287,10.017326354980469
60,20,0.1,dijkstra,True,True,38,38,363,0.0007395840002573095,18.840220385674932,423.33608815427,20.57513276152234,0.9972451790633609,0.0,0.9752066115702479,0.0,0.0
60,20,0.1,manhattan,True,True,38,38,341,0.0007724580009380588,0.027548209366391185,0.05509641873278237,0.23472626340651012,0.013774104683195593,0.0,0.0,0.0,0.0
60,20,0.1,mlp_table,True,True,38,38,162,0.0008569170004193438,1.159582636901498,2.57450991206716,1.6045279405691757,0.03305785123966942,0.9641873278236914,0.0,0.09090909090909091,5.396686553955078
60,20,0.1,unet,True,True,38,38,233,0.001270374999876367,2.0717284965121054,9.49790784896597,3.081867591082714,0.31129476584022037,0.6887052341597796,0.013774104683195593,0.256198347107438,11.638326644897461
61,20,0.1,dijkstra,False,False,-1,-1,0,0.0,,,,,,,,
61,20,0.1,manhattan,False,False,-1,-1,0,0.0,,,,,,,,
61,20,0.1,mlp_table,False,False,-1,-1,0,0.0,,,,,,,,
61,20,0.1,unet,False,False,-1,-1,0,0.0,,,,,,,,
62,20,0.1,dijkstra,True,True,38,38,355,0.0007176250001066364,20.132394366197182,467.68732394366197,21.626079717407453,0.9971830985915493,0.0,0.9859154929577465,0.0,0.0
62,20,0.1,manhattan,True,True,38,38,316,0.0007208749993878882,0.8732394366197183,2.4225352112676055,1.5564495530750766,0.36901408450704226,0.0,0.05070422535211268,0.0,0.0
62,20,0.1,mlp_table,True,True,38,38,137,0.0007168749998527346,0.5798769672152022,0.6096142543905814,0.7807779802162593,0.2591549295774648,0.7380281690140845,0.005633802816901409,0.0,2.6943302154541016
62,20,0.1,unet,True,True,38,38,213,0.0011839170001621824,1.4832908710963288,4.544821196807841,2.131858624958006,0.3464788732394366,0.6535211267605634,0.022535211267605635,0.1352112676056338,8.952913284301758
63,20,0.1,dijkstra,True,True,38,38,365,0.000744541999665671,19.167123287671235,431.76438356164385,20.77894086717713,0.9972602739726028,0.0,0.9726027397260274,0.0,0.0
63,20,0.1,manhattan,True,True,38,38,337,0.0007664170007046778,0.11506849315068493,0.23013698630136986,0.4797259491640721,0.057534246575342465,0.0,0.0,0.0,0.0
63,20,0.1,mlp_table,True,True,38,38,141,0.0007417920005536871,1.052934639094627,2.0001491997441256,1.4142663114647558,0.038356164383561646,0.958904109589041,0.0,0.06027397260273973,3.9600563049316406
63,20,0.1,unet,True,True,38,38,252,0.0014625410003645811,1.4566573329167822,4.124973370997803,2.0310030455412424,0.5616438356164384,0.4383561643835616,0.0136986301369863,0.12602739726027398,7.090208053588867
64,20,0.1,dijkstra,True,True,38,38,356,0.0007268330009537749,19.379213483146067,440.82865168539325,20.995919881857837,0.9971910112359551,0.0,0.9719101123595506,0.0,0.0
64,20,0.1,manhattan,True,True,38,38,327,0.000779583000621642,0.29213483146067415,0.5842696629213483,0.7643753416492112,0.14606741573033707,0.0,0.0,0.0,0.0
64,20,0.1,mlp_table,True,True,38,38,141,0.0007635410001967102,0.8643512206800869,1.4503195749877182,1.2042921468596057,0.07584269662921349,0.9213483146067416,0.0,0.03932584269662921,4.437534332275391
64,20,0.1,unet,True,True,38,38,239,0.0013880829992558574,1.3318711710110138,3.6272696188563005,1.9045392143130844,0.5842696629213483,0.4157303370786517,0.008426966292134831,0.10955056179775281,7.311372756958008
65,20,0.1,dijkstra,True,True,38,38,360,0.0007290000012289966,19.427777777777777,441.72777777777776,21.017320899148345,0.9972222222222222,0.0,0.9833333333333333,0.0,0.0
65,20,0.1,manhattan,True,True,38,38,329,0.0007698340014030691,0.17777777777777778,0.37777777777777777,0.6146362971528592,0.08611111111111111,0.0,0.002777777777777778,0.0,0.0
65,20,0.1,mlp_table,True,True,38,38,134,0.0007157920008467045,0.9697302371263504,1.6518095011353922,1.2852274122253198,0.04722222222222222,0.95,0.0,0.03333333333333333,3.9410762786865234
65,20,0.1,unet,True,True,38,38,236,0.0013642499998240964,1.6078054534064399,5.37282471349923,2.317935442047347,0.3333333333333333,0.6666666666666666,0.011111111111111112,0.18611111111111112,8.95272445678711
66,20,0.1,dijkstra,True,True,38,38,361,0.0007358750008279458,19.049861495844876,429.2105263157895,20.71739670701388,0.997229916897507,0.0,0.9722991689750693,0.0,0.0
66,20,0.1,manhattan,True,True,38,38,315,0.0007327499988605268,0.16620498614958448,0.44321329639889195,0.6657426652986062,0.06925207756232687,0.0,0.013850415512465374,0.0,0.0
66,20,0.1,mlp_table,True,True,38,38,147,0.000779583000621642,1.0264259814555625,1.9366634376773488,1.3916405562060015,0.04986149584487535,0.9473684210526315,0.0,0.05817174515235457,4.694330215454102
66,20,0.1,unet,True,True,38,38,248,0.0014321670005301712,1.4915045100235873,4.2189867938052545,2.054017233083806,0.5789473684210527,0.42105263157894735,0.0110803324099723,0.12742382271468145,8.586273193359375
67,20,0.1,dijkstra,True,True,38,38,351,0.0007094590000633616,19.686609686609685,451.048433048433,21.23790086257192,0.9971509971509972,0.0,0.9857549857549858,0.0,0.0
67,20,0.1,manhattan,True,True,38,38,328,0.0007366250010818476,0.603988603988604,2.4843304843304845,1.5761759052626343,0.19658119658119658,0.0,0.06267806267806268,0.0,0.0
67,20,0.1,mlp_table,True,True,38,38,147,0.0007936660003906582,0.7860455614888769,1.1849671111666378,1.0885619464075702,0.1282051282051282,0.8689458689458689,0.008547008547008548,0.0,2.959127426147461
67,20,0.1,unet,True,True,38,38,210,0.001166791998912231,1.8394415439703526,6.514857084284931,2.5524218076730443,0.22507122507122507,0.7749287749287749,0.011396011396011397,0.21652421652421652,6.674587249755859
68,20,0.1,dijkstra,True,True,38,38,359,0.0007259159992827335,19.874651810584957,456.7660167130919,21.372084987503953,0.9972144846796658,0.0,0.9749303621169917,0.0,0.0
68,20,0.1,manhattan,True,True,38,38,320,0.0007345419999182923,0.5905292479108635,2.2952646239554317,1.5150130771565742,0.18384401114206128,0.0,0.08635097493036212,0.0,0.0
68,20,0.1,mlp_table,True,True,38,38,161,0.0008442500002274755,0.7879828115027595,1.1198494800105154,1.0582294080257435,0.14206128133704735,0.8551532033426184,0.002785515320334262,0.008356545961002786,3.5638694763183594
68,20,0.1,unet,True,True,38,38,199,0.0011015420004696352,2.745047520794244,14.736264618621247,3.838784263099614,0.11420612813370473,0.8857938718662952,0.013927576601671309,0.3203342618384401,11.36172866821289
69,20,0.1,dijkstra,True,True,38,38,360,0.0007300839988602092,19.169444444444444,433.86944444444447,20.829532986710106,0.9972222222222222,0.0,0.9722222222222222,0.0,0.0
69,20,0.1,manhattan,True,True,38,38,331,0.0007674160005990416,0.18888888888888888,0.37777777777777777,0.6146362971528592,0.09444444444444444,0.0,0.0,0.0,0.0
69,20,0.1,mlp_table,True,True,38,38,127,0.0007077500013110694,0.9803583015998204,1.683278196775863,1.2974121152416696,0.03611111111111111,0.9611111111111111,0.0,0.03333333333333333,4.437534332275391
69,20,0.1,unet,True,True,38,38,246,0.001495832999353297,1.4434446728891797,3.8813877559213887,1.9701237920296757,0.5861111111111111,0.41388888888888886,0.008333333333333333,0.10277777777777777,7.096965789794922
70,20,0.1,dijkstra,True,True,38,38,367,0.0007512499996664701,19.04632152588556,430.38692098092645,20.74576874885398,0.997275204359673,0.0,0.9782016348773842,0.0,0.0
70,20,0.1,manhattan,True,True,38,38,353,0.0008117500001389999,0.07084468664850137,0.14168937329700274,0.37641648914068937,0.035422343324250684,0.0,0.0,0.0,0.0
70,20,0.1,mlp_table,True,True,38,38,230,0.0011658339990390232,1.0705518543882655,2.1060086605228974,1.4512093785952795,0.04087193460490463,0.9564032697547684,0.0,0.05994550408719346,4.667055130004883
70,20,0.1,unet,True,True,38,38,218,0.001198875001136912,2.940106114509645,17.171370268563038,4.1438352125251114,0.12534059945504086,0.8746594005449592,0.013623978201634877,0.35149863760217986,13.189701080322266
71,20,0.1,dijkstra,True,True,38,38,357,0.0007203339991974644,18.99439775910364,430.13165266106444,20.739615537928,0.9971988795518207,0.0,0.9719887955182073,0.0,0.0
71,20,0.1,manhattan,True,True,38,38,319,0.0007292080008483026,0.04481792717086835,0.11204481792717087,0.3347309635022892,0.0196078431372549,0.0,0.0028011204481792717,0.0,0.0
71,20,0.1,mlp_table,True,True,38,38,147,0.000773292000303627,1.1496085442748725,2.5120850550098863,1.5849558527006,0.04481792717086835,0.9523809523809523,0.0028011204481792717,0.09803921568627451,4.694330215454102
71,20,0.1,unet,True,True,38,38,202,0.0011524170004122425,1.8753950308684875,7.639563213066853,2.7639759791045315,0.2661064425770308,0.7338935574229691,0.01680672268907563,0.20168067226890757,10.29139518737793
72,20,0.1,dijkstra,True,True,38,38,364,0.0007452919999195728,19.931318681318682,460.97527472527474,21.470334760438057,0.9972527472527473,0.0,0.9807692307692307,0.0,0.0
72,20,0.1,manhattan,True,True,38,38,355,0.0007995420000952436,0.7857142857142857,4.472527472527473,2.1148350934594102,0.17307692307692307,0.0,0.10714285714285714,0.0,0.0
72,20,0.1,mlp_table,True,True,38,38,154,0.0008012910002435092,1.0622360460705809,2.325141006057949,1.524841305204561,0.19230769230769232,0.804945054945055,0.04945054945054945,0.04395604395604396,4.507303237915039
72,20,0.1,unet,True,True,38,38,225,0.0013052499998593703,1.4339118691591115,4.331686493196624,2.0812704036709464,0.33516483516483514,0.6648351648351648,0.005494505494505495,0.1346153846153846,9.432401657104492
73,20,0.1,dijkstra,True,True,38,38,364,0.0007439580003847368,19.60164835164835,448.02472527472526,21.166594560172527,0.9972527472527473,0.0,0.9835164835164835,0.0,0.0
73,20,0.1,manhattan,True,True,38,38,338,0.0007601250017614802,0.41208791208791207,0.8461538461538461,0.9198662110077999,0.2032967032967033,0.0,0.0027472527472527475,0.0,0.0
73,20,0.1,mlp_table,True,True,38,38,158,0.0008986250013549579,0.81668973165554,1.3367165150337799,1.156164570912714,0.10714285714285714,0.8901098901098901,0.0,0.03296703296703297,4.437534332275391
73,20,0.1,unet,True,True,38,38,214,0.001231917000040994,1.9782679202137412,8.47781584616715,2.911668910808224,0.28296703296703296,0.717032967032967,0.013736263736263736,0.22802197802197802,10.23805046081543
74,20,0.1,dijkstra,True,True,38,38,367,0.0007480000003852183,19.193460490463217,435.61307901907355,20.87134588422782,0.997275204359673,0.0,0.9727520435967303,0.0,0.0
74,20,0.1,manhattan,True,True,38,38,361,0.0008063750010478543,0.10899182561307902,0.21798365122615804,0.46688719325567074,0.05449591280653951,0.0,0.0,0.0,0.0
74,20,0.1,mlp_table,True,True,38,38,146,0.0007642079999641282,1.0068076303284565,1.7965375174018459,1.3403497742760455,0.0326975476839237,0.9645776566757494,0.0,0.035422343324250684,4.437534332275391
74,20,0.1,unet,True,True,38,38,269,0.0015118330011318903,1.4362838209812259,4.05097867577543,2.0127043190134586,0.55858310626703,0.44141689373297005,0.010899182561307902,0.12806539509536785,7.458135604858398
75,20,0.1,dijkstra,True,True,38,38,359,0.000740708001103485,19.050139275766018,430.8384401114206,20.75664809431958,0.9972144846796658,0.0,0.9721448467966574,0.0,0.0
75,20,0.1,manhattan,True,True,38,38,305,0.0007639579998794943,0.08913649025069638,0.17827298050139276,0.4222238511754076,0.04456824512534819,0.0,0.0,0.0,0.0
75,20,0.1,mlp_table,True,True,38,38,140,0.0007822920015314594,1.0508013239810061,2.1132088577850445,1.4536880194130528,0.036211699164345405,0.9610027855153204,0.0,0.06406685236768803,5.153474807739258
75,20,0.1,unet,True,True,38,38,241,0.0014357919990288792,1.4962967149394468,4.816482388372475,2.1946485796984616,0.5153203342618384,0.48467966573816157,0.011142061281337047,0.14206128133704735,9.515962600708008
76,20,0.1,dijkstra,True,True,38,38,363,0.000741833000574843,18.9366391184573,424.76584022038566,20.609848136761844,0.9972451790633609,0.0,0.9724517906336089,0.0,0.0
76,20,0.1,manhattan,True,True,38,38,342,0.0007761249999020947,0.17079889807162535,0.45179063360881544,0.6721537276611768,0.0743801652892562,0.0,0.008264462809917356,0.0,0.0
76,20,0.1,mlp_table,True,True,38,38,140,0.0007515420002164319,0.9867583349059764,1.7047967783558071,1.3056786658116948,0.03581267217630854,0.9614325068870524,0.0,0.03856749311294766,3.5638694763183594
76,20,0.1,unet,True,True,38,38,266,0.001563666999572888,1.445872120949191,3.532835818546292,1.8795839482572445,0.6115702479338843,0.3884297520661157,0.01652892561983471,0.1046831955922865,6.621160507202148
77,20,0.1,dijkstra,True,True,38,38,348,0.0007342909993894864,19.100574712643677,431.89367816091954,20.782051827500563,0.9971264367816092,0.0,0.9798850574712644,0.0,0.0
77,20,0.1,manhattan,True,True,38,38,259,0.0005966250009805663,0.15517241379310345,0.40229885057471265,0.6342703292561561,0.06896551724137931,0.0,0.005747126436781609,0.0,0.0
77,20,0.1,mlp_table,True,True,38,38,123,0.0006566250012838282,1.0417369802792866,2.0437273004210663,1.4295899063791218,0.0603448275862069,0.9367816091954023,0.0,0.06896551724137931,4.437534332275391
77,20,0.1,unet,True,True,38,38,197,0.0011065420003433246,2.3249173760414124,11.043826734948944,3.3232253512136283,0.1925287356321839,0.8074712643678161,0.005747126436781609,0.29310344827586204,10.847206115722656
78,20,0.1,dijkstra,True,True,38,38,358,0.0007269170000654412,19.29050279329609,436.72067039106145,20.897862818744443,0.9972067039106145,0.0,0.9720670391061452,0.0,0.0
78,20,0.1,manhattan,True,True,38,38,308,0.0007333339999604505,0.2569832402234637,0.5139664804469274,0.7169145558899801,0.12849162011173185,0.0,0.0,0.0,0.0
78,20,0.1,mlp_table,True,True,38,38,126,0.0006879169995954726,0.9206339676952895,1.4524322045682894,1.205168952706752,0.036312849162011177,0.9608938547486033,0.0,0.027932960893854747,3.9410762786865234
78,20,0.1,unet,True,True,38,38,221,0.001331916999333771,1.4081527907089149,3.9744500624505847,1.9936022829166766,0.4553072625698324,0.5446927374301676,0.0111731843575419,0.10893854748603352,7.9459075927734375
79,20,0.1,dijkstra,True,True,38,38,371,0.0007957919988257345,18.892183288409704,424.644204851752,20.606897021428335,0.9973045822102425,0.0,0.9730458221024259,0.0,0.0
79,20,0.1,manhattan,True,True,38,38,367,0.0008399170001212042,0.005390835579514825,0.01078167115902965,0.10383482633023301,0.0026954177897574125,0.0,0.0,0.0,0.0
79,20,0.1,mlp_table,True,True,38,38,155,0.0008219579995056847,1.1396164164710239,2.5472287613448965,1.5960039979100604,0.026954177897574125,0.9703504043126685,0.0,0.0889487870619946,5.396686553955078
79,20,0.1,unet,True,True,38,38,252,0.0014337500015244586,1.6997175197395675,6.6674057879929975,2.5821320237340686,0.4123989218328841,0.5876010781671159,0.013477088948787063,0.1778975741239892,10.661508560180664
80,20,0.1,dijkstra,True,True,38,38,363,0.0007403750005323673,19.06611570247934,427.89807162534436,20.68569727191579,0.9972451790633609,0.0,0.9807162534435262,0.0,0.0
80,20,0.1,manhattan,True,True,38,38,344,0.0007873750000726432,0.18181818181818182,0.36363636363636365,0.6030226891555273,0.09090909090909091,0.0,0.0,0.0,0.0
80,20,0.1,mlp_table,True,True,38,38,134,0.0007008329994278029,1.0318180844803486,1.918406889502525,1.3850656625238116,0.049586776859504134,0.9476584022038568,0.0,0.05234159779614325,4.437534332275391
80,20,0.1,unet,True,True,38,38,198,0.0011516249996930128,1.9516054861473315,7.711145404540083,2.776894921407737,0.2837465564738292,0.7162534435261708,0.008264462809917356,0.24242424242424243,9.452459335327148
81,20,0.1,dijkstra,True,True,38,38,356,0.0007256249991769437,19.48876404494382,445.7865168539326,21.11365711699261,0.9971910112359551,0.0,0.9775280898876404,0.0,0.0
81,20,0.1,manhattan,True,True,38,38,333,0.000750832999983686,0.20224719101123595,0.6292134831460674,0.7932297795381029,0.08426966292134831,0.0,0.008426966292134831,0.0,0.0
81,20,0.1,mlp_table,True,True,38,38,146,0.0007507919999625301,1.0133212607228355,2.0370301710655436,1.4272456589758975,0.06179775280898876,0.9353932584269663,0.0028089887640449437,0.056179775280898875,5.396686553955078
81,20,0.1,unet,True,True,38,38,197,0.001150624999354477,1.752285522356462,6.772079340355552,2.602321913283511,0.2247191011235955,0.7752808988764045,0.011235955056179775,0.18820224719101122,10.865364074707031
82,20,0.1,dijkstra,True,True,38,38,364,0.0007490419993700925,18.843406593406595,422.0467032967033,20.543775293180737,0.9972527472527473,0.0,0.9725274725274725,0.0,0.0
82,20,0.1,manhattan,True,True,38,38,306,0.0007144170012907125,0.027472527472527472,0.054945054945054944,0.2344036154692477,0.013736263736263736,0.0,0.0,0.0,0.0
82,20,0.1,mlp_table,True,True,38,38,129,0.0007179999993240926,1.1898648807635674,2.7242959867900796,1.6505441486946295,0.046703296703296704,0.9505494505494505,0.0,0.10164835164835165,5.396686553955078
82,20,0.1,unet,True,True,38,38,231,0.001325583998550428,1.6235929344381606,5.873662577484323,2.4235640238055036,0.5027472527472527,0.49725274725274726,0.008241758241758242,0.16758241758241757,9.596328735351562
83,20,0.1,dijkstra,True,True,38,38,362,0.0007433329992636573,19.12707182320442,429.42541436464086,20.72258223206367,0.9972375690607734,0.0,0.9751381215469613,0.0,0.0
83,20,0.1,manhattan,True,True,38,38,317,0.0007743329988443293,0.18232044198895028,0.36464088397790057,0.6038550190053077,0.09116022099447514,0.0,0.0,0.0,0.0
83,20,0.1,mlp_table,True,True,38,38,139,0.0007615829999849666,1.041577099765862,1.9488711348423224,1.3960197472966929,0.04696132596685083,0.9502762430939227,0.0,0.055248618784530384,4.437534332275391
83,20,0.1,unet,True,True,38,38,234,0.0013822910004819278,1.4490838501993464,4.009138843520034,2.0022834073926785,0.5662983425414365,0.43370165745856354,0.019337016574585635,0.11049723756906077,7.287662506103516
84,20,0.1,dijkstra,True,True,38,38,363,0.0007810000006429618,19.242424242424242,434.92837465564736,20.8549364577226,0.9972451790633609,0.0,0.9752066115702479,0.0,0.0
84,20,0.1,manhattan,True,True,38,38,295,0.0006943330008652993,0.27548209366391185,0.6611570247933884,0.8131156281817418,0.12396694214876033,0.0,0.013774104683195593,0.0,0.0
84,20,0.1,mlp_table,True,True,38,38,127,0.0007056249996821862,0.8566219606346992,1.2276756338373869,1.108005249914181,0.04132231404958678,0.9559228650137741,0.0,0.011019283746556474,3.193187713623047
84,20,0.1,unet,True,True,38,38,244,0.0013734999993175734,1.3099990370516605,3.037525917960124,1.7428499413202858,0.5895316804407713,0.41046831955922863,0.011019283746556474,0.08264462809917356,7.051679611206055
85,20,0.1,dijkstra,True,True,38,38,371,0.0007620830001542345,19.148247978436657,434.95417789757414,20.855555084858665,0.9973045822102425,0.0,0.9730458221024259,0.0,0.0
85,20,0.1,manhattan,True,True,38,38,363,0.0008146670006681234,0.1347708894878706,0.2695417789757412,0.519174131651165,0.0673854447439353,0.0,0.0,0.0,0.0
85,20,0.1,mlp_table,True,True,38,38,145,0.0007725830000708811,0.9974949973612782,1.7333943721310792,1.3165843581522148,0.03504043126684636,0.9622641509433962,0.0,0.03504043126684636,3.9508190155029297
85,20,0.1,unet,True,True,38,38,268,0.0015662499990867218,1.4104192552540822,3.8014967579027945,1.9497427414668824,0.5444743935309974,0.4555256064690027,0.01078167115902965,0.11859838274932614,6.961307525634766
86,20,0.1,dijkstra,True,True,38,38,365,0.0007492910008295439,18.89041095890411,423.8493150684931,20.587601003237193,0.9972602739726028,0.0,0.9726027397260274,0.0,0.0
86,20,0.1,manhattan,True,True,38,38,319,0.0007327080002141884,0.01643835616438356,0.03287671232876712,0.1813193655646498,0.00821917808219178,0.0,0.0,0.0,0.0
86,20,0.1,mlp_table,True,True,38,38,131,0.0007108329991751816,1.1245041223421488,2.522585800201049,1.588265028325263,0.030136986301369864,0.9671232876712329,0.0,0.09041095890410959,5.396686553955078
86,20,0.1,unet,True,True,38,38,242,0.0014991669995652046,1.5714316662043741,5.4707861155033175,2.33897116602649,0.5068493150684932,0.4931506849315068,0.005479452054794521,0.1643835616438356,9.184680938720703
87,20,0.1,dijkstra,True,True,38,38,362,0.0007599580003443407,19.08839779005525,431.35911602209944,20.769186696211758,0.9972375690607734,0.0,0.9723756906077348,0.0,0.0
87,20,0.1,manhattan,True,True,38,38,337,0.0007846669996069977,0.2541436464088398,1.0386740331491713,1.0191535866341104,0.07458563535911603,0.0,0.03867403314917127,0.0,0.0
87,20,0.1,mlp_table,True,True,38,38,131,0.0007318750012927921,0.9675203229182333,1.7608028685309252,1.3269524741040748,0.06906077348066299,0.9281767955801105,0.0,0.049723756906077346,4.694330215454102
87,20,0.1,unet,True,True,38,38,254,0.0014312910006992752,1.4579293135121383,3.953962648746465,1.9884573540175472,0.5911602209944752,0.4088397790055249,0.016574585635359115,0.10773480662983426,8.715457916259766
88,20,0.1,dijkstra,True,True,38,38,364,0.0007426250012940727,19.494505494505493,445.94505494505495,21.117411179996825,0.9972527472527473,0.0,0.9752747252747253,0.0,0.0
88,20,0.1,manhattan,True,True,38,38,351,0.0007931670006655622,0.3901098901098901,1.901098901098901,1.3788034309135226,0.1043956043956044,0.0,0.0521978021978022,0.0,0.0
88,20,0.1,mlp_table,True,True,38,38,153,0.000859958001456107,0.9382149993063329,1.7701220772519877,1.3304593482147389,0.09340659340659341,0.9038461538461539,0.008241758241758242,0.046703296703296704,4.507303237915039
88,20,0.1,unet,True,True,38,38,243,0.0013304170006449567,1.4786776978890974,4.781055388484924,2.1865624593148314,0.3791208791208791,0.6208791208791209,0.019230769230769232,0.13736263736263737,9.400568008422852
89,20,0.1,dijkstra,True,True,38,38,359,0.0007449589993484551,18.977715877437326,425.66295264623955,20.63160082606872,0.9972144846796658,0.0,0.9749303621169917,0.0,0.0
89,20,0.1,manhattan,True,True,38,38,320,0.0007397919998766156,0.08913649025069638,0.17827298050139276,0.4222238511754076,0.04456824512534819,0.0,0.0,0.0,0.0
89,20,0.1,mlp_table,True,True,38,38,149,0.000803375000032247,1.0191318719832014,1.88462681406057,1.3728171087441219,0.03899721448467967,0.958217270194986,0.0,0.052924791086350974,3.9600563049316406
89,20,0.1,unet,True,True,38,38,245,0.0013938749998487765,1.6191871465082621,5.236464574737297,2.2883322693038477,0.49025069637883006,0.5097493036211699,0.019498607242339833,0.1532033426183844,7.789228439331055
90,20,0.1,dijkstra,True,True,38,38,355,0.0007168329993874067,19.588732394366197,448.7098591549296,21.182772697523088,0.9971830985915493,0.0,0.971830985915493,0.0,0.0
90,20,0.1,manhattan,True,True,38,38,305,0.0007684590000280878,0.5802816901408451,1.5887323943661973,1.2604492827425455,0.23943661971830985,0.0,0.04788732394366197,0.0,0.0
90,20,0.1,mlp_table,True,True,38,38,131,0.0007265840013133129,0.7814416620093332,1.1973280093598115,1.0942248440607678,0.17464788732394365,0.8225352112676056,0.0028169014084507044,0.022535211267605635,4.184774398803711
90,20,0.1,unet,True,True,38,38,224,0.0013010409984417493,1.4447993382601672,4.578346518098934,2.139707110353876,0.4591549295774648,0.5408450704225352,0.011267605633802818,0.1323943661971831,8.085365295410156
91,20,0.1,dijkstra,True,True,38,38,364,0.0007538749996456318,19.560439560439562,448.510989010989,21.178078029202485,0.9972527472527473,0.0,0.9752747252747253,0.0,0.0
91,20,0.1,manhattan,True,True,38,38,345,0.0007954579996294342,0.23626373626373626,0.8461538461538461,0.9198662110077999,0.08241758241758242,0.0,0.027472527472527472,0.0,0.0
91,20,0.1,mlp_table,True,True,38,38,157,0.0008116669996525161,0.9038788659886999,1.4264486665539724,1.1943402641433354,0.057692307692307696,0.9395604395604396,0.0,0.019230769230769232,3.9410762786865234
91,20,0.1,unet,True,True,38,38,224,0.0012855419990955852,1.6399427246261429,5.138963072748773,2.26692811371441,0.3269230769230769,0.6730769230769231,0.013736263736263736,0.18681318681318682,7.934513092041016
92,20,0.1,dijkstra,True,True,38,38,371,0.0008280410002043936,19.02156334231806,429.88409703504044,20.733646496336345,0.9973045822102425,0.0,0.9730458221024259,0.0,0.0
92,20,0.1,manhattan,True,True,38,38,357,0.0008175000002665911,0.14555256064690028,0.42048517520215634,0.6484482825963505,0.05660377358490566,0.0,0.016172506738544475,0.0,0.0
92,20,0.1,mlp_table,True,True,38,38,136,0.0007287499993253732,1.0272792102191648,1.841997015820153,1.3572019067994832,0.04043126684636118,0.9568733153638814,0.0,0.04582210242587601,3.9410762786865234
92,20,0.1,unet,True,True,38,38,268,0.00150033400132088,1.4316188781409251,3.58697502167173,1.893931102672885,0.5929919137466307,0.40700808625336926,0.013477088948787063,0.11590296495956873,6.349384307861328
93,20,0.1,dijkstra,True,True,38,38,357,0.0007230829996842658,18.915966386554622,426.83193277310926,20.659911247948507,0.9971988795518207,0.0,0.9719887955182073,0.0,0.0
93,20,0.1,manhattan,True,True,38,38,326,0.0007443750000675209,0.0896358543417367,0.1792717086834734,0.42340489921997054,0.04481792717086835,0.0,0.0,0.0,0.0
93,20,0.1,mlp_table,True,True,38,38,143,0.0007604589991387911,1.057652157227866,2.1656276661640965,1.4716071711445609,0.0392156862745098,0.957983193277311,0.0,0.07563025210084033,4.694330215454102
93,20,0.1,unet,True,True,38,38,248,0.001410250000844826,1.5418592260665251,4.89475289587016,2.2124088446465224,0.5210084033613446,0.4789915966386555,0.008403361344537815,0.13165266106442577,9.180614471435547
94,20,0.1,dijkstra,True,True,38,38,366,0.0007490830012102379,18.989071038251367,425.9398907103825,20.63831123688134,0.9972677595628415,0.0,0.9754098360655737,0.0,0.0
94,20,0.1,manhattan,True,True,38,38,301,0.00069404199894052,0.09836065573770492,0.19672131147540983,0.4435327625727437,0.04918032786885246,0.0,0.0,0.0,0.0
94,20,0.1,mlp_table,True,True,38,38,163,0.0008442079997621477,1.037355947689932,2.074686658735765,1.4403772626418971,0.03278688524590164,0.9644808743169399,0.0,0.0546448087431694,5.396686553955078
94,20,0.1,unet,True,True,38,38,222,0.001284292000491405,2.270619730480382,11.097040517635884,3.3312220757007305,0.20765027322404372,0.7923497267759563,0.00819672131147541,0.28415300546448086,12.352531433105469
95,20,0.1,dijkstra,True,True,38,38,363,0.0007390840000880416,19.0633608815427,429.6694214876033,20.728468865007933,0.9972451790633609,0.0,0.9724517906336089,0.0,0.0
95,20,0.1,manhattan,True,True,38,38,320,0.0007424579998769332,0.07162534435261708,0.14325068870523416,0.3784847271756605,0.03581267217630854,0.0,0.0,0.0,0.0
95,20,0.1,mlp_table,True,True,38,38,147,0.0007669170008739457,1.095428572213354,2.278940530578317,1.509616020906746,0.03581267217630854,0.9614325068870524,0.0,0.08264462809917356,4.694330215454102
95,20,0.1,unet,True,True,38,38,239,0.0013648749991261866,1.6716831686082951,6.011600637426805,2.4518565695054035,0.45454545454545453,0.5454545454545454,0.011019283746556474,0.1790633608815427,9.219221115112305
96,20,0.1,dijkstra,True,True,38,38,367,0.0007439159999194089,19.084468664850135,429.83651226158037,20.732498939143355,0.997275204359673,0.0,0.9727520435967303,0.0,0.0
96,20,0.1,manhattan,True,True,38,38,333,0.0007659579987375764,0.14713896457765668,0.31607629427792916,0.5622066295215036,0.07084468664850137,0.0,0.0027247956403269754,0.0,0.0
96,20,0.1,mlp_table,True,True,38,38,140,0.0007547500008513452,1.0482163484479816,1.9234744666960235,1.3868938195464076,0.03814713896457766,0.9591280653950953,0.0027247956403269754,0.04632152588555858,3.9410762786865234
96,20,0.1,unet,True,True,38,38,240,0.0014093749996391125,1.584072157212759,5.1005443213470985,2.2584384696836657,0.4604904632152589,0.5395095367847411,0.013623978201634877,0.16348773841961853,8.136674880981445
97,20,0.1,dijkstra,True,True,38,38,363,0.0007421660011459608,18.93388429752066,426.6198347107438,20.65477752750544,0.9972451790633609,0.0,0.9724517906336089,0.0,0.0
97,20,0.1,manhattan,True,True,38,38,281,0.0006445420003728941,0.13774104683195593,0.3856749311294766,0.6210273191490666,0.05785123966942149,0.0,0.008264462809917356,0.0,0.0
97,20,0.1,mlp_table,True,True,38,38,134,0.000721665999662946,1.0663919320776443,2.0747324710254205,1.4403931654327649,0.04132231404958678,0.9559228650137741,0.0027548209366391185,0.05785123966942149,4.667055130004883
97,20,0.1,unet,True,True,38,38,228,0.0013477499996952247,1.5259799599319122,4.464504083037012,2.112937311667578,0.509641873278237,0.4903581267217631,0.011019283746556474,0.1487603305785124,7.631513595581055
98,20,0.1,dijkstra,True,True,38,38,356,0.000727041000573081,19.34269662921348,437.40449438202245,20.914217517804065,0.9971910112359551,0.0,0.9719101123595506,0.0,0.0
98,20,0.1,manhattan,True,True,38,38,298,0.0006924170011188835,0.42696629213483145,1.5730337078651686,1.2542064056068158,0.13764044943820225,0.0,0.06179775280898876,0.0,0.0
98,20,0.1,mlp_table,True,True,38,38,129,0.0006837090004410129,0.8442830774891242,1.2061872828131575,1.098265579362823,0.10674157303370786,0.8904494382022472,0.0,0.008426966292134831,3.716862678527832
98,20,0.1,unet,True,True,38,38,214,0.0012532919990917435,1.421353503224555,3.733203018918121,1.9321498438056302,0.25280898876404495,0.7471910112359551,0.0056179775280898875,0.13764044943820225,5.58622932434082
99,20,0.1,dijkstra,True,True,38,38,361,0.0007307079995371168,19.653739612188367,448.8171745152355,21.185305627137776,0.997229916897507,0.0,0.9778393351800554,0.0,0.0
99,20,0.1,manhattan,True,True,38,38,354,0.0007869170003687032,0.4986149584487535,1.5069252077562327,1.2275688199674317,0.18559556786703602,0.0,0.06371191135734072,0.0,0.0
99,20,0.1,mlp_table,True,True,38,38,148,0.000759624999773223,0.745649851920532,0.9770640512228554,0.9884655033044175,0.11080332409972299,0.8864265927977839,0.0,0.008310249307479225,3.5638694763183594
99,20,0.1,unet,True,True,38,38,231,0.0013873749994672835,1.3530217448760267,3.6099739503280213,1.8999931448107967,0.37950138504155123,0.6204986149584487,0.0110803324099723,0.12742382271468145,6.712543487548828
0,20,0.2,dijkstra,True,True,38,38,327,0.0006440410015784437,19.33639143730887,444.0091743119266,21.071525201368946,0.9969418960244648,0.0,0.9755351681957186,0.0,0.0
0,20,0.2,manhattan,True,True,38,38,271,0.0006078330006857868,0.15902140672782875,0.39143730886850153,0.6256495096046201,0.07033639143730887,0.0,0.009174311926605505,0.0,0.0
0,20,0.2,mlp_table,True,True,38,38,131,0.0006916249985806644,1.1642624037710534,2.5333092749167934,1.5916372937691532,0.07951070336391437,0.9174311926605505,0.009174311926605505,0.0764525993883792,5.396686553955078
0,20,0.2,unet,True,True,38,38,161,0.0008593330003350275,4.104594387410248,28.438336569790362,5.332760689341906,0.08256880733944955,0.9174311926605505,0.009174311926605505,0.45871559633027525,15.611778259277344
1,20,0.2,dijkstra,True,True,38,38,320,0.0006332079992716899,19.94375,462.4875,21.50552254654604,0.996875,0.0,0.98125,0.0,0.0
1,20,0.2,manhattan,True,True,38,38,276,0.0006256659999053227,0.9625,4.975,2.2304708023195463,0.24375,0.0,0.128125,0.0,0.0
1,20,0.2,mlp_table,True,True,38,38,180,0.0009232920001522871,1.07906299456954,2.4116446306003594,1.5529470791370708,0.234375,0.7625,0.05625,0.01875,3.4921436309814453
1,20,0.2,unet,True,True,38,38,204,0.0010959170012938557,5.1862815245985985,40.28004806792291,6.346656447919874,0.04375,0.95625,0.003125,0.671875,14.741081237792969
2,20,0.2,dijkstra,False,False,-1,-1,0,0.0,,,,,,,,
2,20,0.2,manhattan,False,False,-1,-1,0,0.0,,,,,,,,
2,20,0.2,mlp_table,False,False,-1,-1,0,0.0,,,,,,,,
2,20,0.2,unet,False,False,-1,-1,0,0.0,,,,,,,,
3,20,0.2,dijkstra,True,True,38,38,325,0.0006412500006263144,19.233846153846155,439.91076923076923,20.974049900550185,0.9969230769230769,0.0,0.9723076923076923,0.0,0.0
3,20,0.2,manhattan,True,True,38,38,280,0.0006372500010911608,0.38153846153846155,1.083076923076923,1.0407098169407853,0.15076923076923077,0.0,0.04,0.0,0.0
3,20,0.2,mlp_table,True,True,38,38,143,0.0007604169986734632,0.8770444000684298,1.5102363526672382,1.2289167395178724,0.09538461538461539,0.9015384615384615,0.003076923076923077,0.04,4.667055130004883
3,20,0.2,unet,True,True,38,38,171,0.0009193330006382894,2.372541269155649,12.283917604098145,3.5048420227020425,0.18153846153846154,0.8184615384615385,0.009230769230769232,0.2553846153846154,12.351987838745117
4,20,0.2,dijkstra,True,True,38,38,311,0.0006151249999675201,20.273311897106108,470.2090032154341,21.684303152636335,0.9967845659163987,0.0,0.9839228295819936,0.0,0.0
4,20,0.2,manhattan,True,True,38,38,180,0.0004080420003447216,1.279742765273312,9.29903536977492,3.0494319749381065,0.27009646302250806,0.0,0.15434083601286175,0.0,0.0
4,20,0.2,mlp_table,True,True,38,38,134,0.0006986669995967532,1.4865835199785387,6.3749343538771805,2.52486323468761,0.2508038585209003,0.7459807073954984,0.09003215434083602,0.02572347266881029,3.9410762786865234
4,20,0.2,unet,True,True,38,38,175,0.0008794160003162688,6.927590350246123,59.18609922113828,7.693250237782356,0.06752411575562701,0.932475884244373,0.006430868167202572,0.842443729903537,13.25067138671875
5,20,0.2,dijkstra,False,False,-1,-1,0,0.0,,,,,,,,
5,20,0.2,manhattan,False,False,-1,-1,0,0.0,,,,,,,,
5,20,0.2,mlp_table,False,False,-1,-1,0,0.0,,,,,,,,
5,20,0.2,unet,False,False,-1,-1,0,0.0,,,,,,,,
6,20,0.2,dijkstra,True,True,44,44,308,0.000597249998463667,22.814935064935064,629.775974025974,25.09533769499773,0.9967532467532467,0.0,0.9707792207792207,0.0,0.0
6,20,0.2,manhattan,True,True,44,44,141,0.00030629100001533516,3.779220779220779,24.38961038961039,4.938583844545963,0.7662337662337663,0.0,0.551948051948052,0.0,0.0
6,20,0.2,mlp_table,True,True,44,44,125,0.0006207080004969612,2.9175311903674883,18.299232458985358,4.277760215227749,0.737012987012987,0.2597402597402597,0.33766233766233766,0.0,1.54368257522583
6,20,0.2,unet,True,True,44,44,185,0.0009597079988452606,3.6142914895113414,20.434238112053436,4.520424549979065,0.31493506493506496,0.685064935064935,0.22077922077922077,0.2662337662337662,9.727787017822266
7,20,0.2,dijkstra,True,True,38,38,304,0.0006029999985912582,20.230263157894736,466.5921052631579,21.60074316460334,0.9967105263157895,0.0,0.9802631578947368,0.0,0.0
7,20,0.2,manhattan,True,True,38,38,222,0.0005146669991518138,1.5789473684210527,7.394736842105263,2.7193265420146333,0.4506578947368421,0.0,0.2236842105263158,0.0,0.0
7,20,0.2,mlp_table,True,True,38,38,145,0.0007804580000083661,1.0152494958356808,2.632912652757871,1.622625234845641,0.39144736842105265,0.6052631578947368,0.08223684210526316,0.0,1.4295825958251953
7,20,0.2,unet,True,True,38,38,81,0.000473000000056345,2.9122462947117653,12.29676797726445,3.5066747749491185,0.08881578947368421,0.9111842105263158,0.006578947368421052,0.39473684210526316,11.229757308959961
8,20,0.2,dijkstra,True,True,38,38,326,0.000659167000776506,19.334355828220858,443.82515337423314,21.067158170342605,0.9969325153374233,0.0,0.9723926380368099,0.0,0.0
8,20,0.2,manhattan,True,True,38,38,186,0.00043754099897341803,0.4785276073619632,2.085889570552147,1.444260908060641,0.15337423312883436,0.0,0.046012269938650305,0.0,0.0
8,20,0.2,mlp_table,True,True,38,38,97,0.0005391659997258103,1.1269214464111563,2.6414714017694307,1.6252604104479476,0.12576687116564417,0.8711656441717791,0.03680981595092025,0.049079754601226995,4.437534332275391
8,20,0.2,unet,True,True,38,38,156,0.0009185830003843876,1.6797089613288458,5.5276041621190135,2.351085741124516,0.4233128834355828,0.5766871165644172,0.03374233128834356,0.147239263803681,7.9872894287109375
9,20,0.2,dijkstra,True,True,38,38,290,0.000571415999729652,19.7,452.8724137931035,21.2807991812597,0.996551724137931,0.0,0.9724137931034482,0.0,0.0
9,20,0.2,manhattan,True,True,38,38,166,0.0003807499997492414,1.282758620689655,6.758620689655173,2.599734734478726,0.31724137931034485,0.0,0.1793103448275862,0.0,0.0
9,20,0.2,mlp_table,True,True,38,38,100,0.0005529169993678806,1.0273813202463347,2.3962934161625142,1.5479965814440657,0.2655172413793103,0.7310344827586207,0.09310344827586207,0.0,1.9600563049316406
9,20,0.2,unet,True,True,38,38,137,0.0007887079991633072,1.2114795919122368,2.513243632509417,1.5853213026101103,0.5310344827586206,0.4689655172413793,0.020689655172413793,0.04827586206896552,4.873960494995117
10,20,0.2,dijkstra,True,True,38,38,312,0.0006309999989753123,19.871794871794872,459.20512820512823,21.42907203322459,0.9967948717948718,0.0,0.9743589743589743,0.0,0.0
10,20,0.2,manhattan,True,True,38,38,227,0.0005160000000614673,0.6282051282051282,3.0,1.7320508075688772,0.16025641025641027,0.0,0.09294871794871795,0.0,0.0
10,20,0.2,mlp_table,True,True,38,38,123,0.0006614169997192221,1.045460839684193,2.2925764008339327,1.5141256225405912,0.1858974358974359,0.8108974358974359,0.016025641025641024,0.057692307692307696,5.396686553955078
10,20,0.2,unet,True,True,38,38,166,0.0009339580010419013,5.853586731048731,48.620435808889816,6.972835564452228,0.057692307692307696,0.9423076923076923,0.00641025641025641,0.7948717948717948,16.749828338623047
11,20,0.2,dijkstra,True,True,38,38,320,0.0006462090004788479,19.9375,462.475,21.505231921558067,0.996875,0.0,0.9875,0.0,0.0
11,20,0.2,manhattan,True,True,38,38,188,0.00044187499952386133,1.1375,4.05,2.0124611797498106,0.390625,0.0,0.1375,0.0,0.0
11,20,0.2,mlp_table,True,True,38,38,101,0.0005635000015900005,0.9780576609075069,1.935930269602197,1.3913771126485432,0.315625,0.68125,0.04375,0.00625,3.187826156616211
11,20,0.2,unet,True,True,38,38,125,0.0006790000006731134,3.1639479525387286,15.530917690880694,3.9409285315621614,0.071875,0.928125,0.00625,0.396875,10.931289672851562
12,20,0.2,dijkstra,True,True,38,38,329,0.0007124580006347969,19.310030395136778,438.629179331307,20.94347581781274,0.9969604863221885,0.0,0.9696048632218845,0.0,0.0
12,20,0.2,manhattan,True,True,38,38,218,0.0004967919994669501,0.6139817629179332,2.3951367781155017,1.5476229444265492,0.19756838905775076,0.0,0.0729483282674772,0.0,0.0
12,20,0.2,mlp_table,True,True,38,38,117,0.0006597499996132683,0.8194447306514149,1.14979195891012,1.0722835254307137,0.1276595744680851,0.8693009118541033,0.0121580547112462,0.0,2.8137683868408203
12,20,0.2,unet,True,True,38,38,169,0.0009730410001793643,1.2704158249597057,2.93797846011073,1.7140532255769452,0.43465045592705165,0.5653495440729484,0.0060790273556231,0.0911854103343465,7.306268692016602
13,20,0.2,dijkstra,True,True,38,38,297,0.0005881670003873296,21.65993265993266,534.1178451178451,23.11098970442082,0.9966329966329966,0.0,0.9730639730639731,0.0,0.0
13,20,0.2,manhattan,True,True,38,38,233,0.0005366670011426322,1.8316498316498318,13.090909090909092,3.6181361349331636,0.32323232323232326,0.0,0.25252525252525254,0.0,0.0
13,20,0.2,mlp_table,True,True,38,38,123,0.0006704999996145489,1.4577389891300137,5.361551299615939,2.315502386009554,0.3569023569023569,0.6397306397306397,0.16498316498316498,0.0,2.82692813873291
13,20,0.2,unet,True,True,38,38,154,0.0009401670013176044,1.2073993682861328,3.034665850786006,1.7420292336198053,0.3434343434343434,0.6565656565656566,0.030303030303030304,0.04713804713804714,9.635454177856445
14,20,0.2,dijkstra,True,True,38,38,325,0.000645500000246102,19.806153846153848,458.9630769230769,21.423423557477385,0.9969230769230769,0.0,0.9723076923076923,0.0,0.0
14,20,0.2,manhattan,True,True,38,38,278,0.0006312920013442636,0.7753846153846153,3.076923076923077,1.7541160386140584,0.23076923076923078,0.0,0.12615384615384614,0.0,0.0
14,20,0.2,mlp_table,True,True,38,38,134,0.0007114999989425996,0.9880947351455689,1.8956354310035972,1.37682076938271,0.23384615384615384,0.7630769230769231,0.021538461538461538,0.021538461538461538,3.5638694763183594
14,20,0.2,unet,True,True,38,38,134,0.0008453330010524951,1.9346102615503165,7.95679740844318,2.8207795745933746,0.2153846153846154,0.7846153846153846,0.018461538461538463,0.23384615384615384,10.113300323486328
15,20,0.2,dijkstra,True,True,38,38,329,0.0006672500003332971,20.06382978723404,457.13981762917933,21.38082827275827,0.9969604863221885,0.0,0.9848024316109423,0.0,0.0
15,20,0.2,manhattan,True,True,38,38,209,0.0004772910015162779,1.1428571428571428,4.279635258358662,2.068727932416117,0.3829787234042553,0.0,0.13069908814589665,0.0,0.0
15,20,0.2,mlp_table,True,True,38,38,161,0.0008487089999107411,0.8585605121311083,1.4755287243540927,1.2147134330178837,0.2978723404255319,0.6990881458966566,0.03343465045592705,0.0,2.1943225860595703
15,20,0.2,unet,True,True,38,38,298,0.0014874589996907162,4.655707888327833,29.971881759124166,5.474658140845341,0.05167173252279635,0.9483282674772037,0.0060790273556231,0.6200607902735562,13.352617263793945
16,20,0.2,dijkstra,True,True,38,38,309,0.0007011249999777647,21.718446601941746,536.6375404530744,23.16543849041227,0.9967637540453075,0.0,0.9870550161812298,0.0,0.0
16,20,0.2,manhattan,True,True,38,38,140,0.00032395900052506477,2.5825242718446604,16.142394822006473,4.0177599258799015,0.5631067961165048,0.0,0.313915857605178,0.0,0.0
16,20,0.2,mlp_table,True,True,38,38,98,0.0005137499992997618,1.8761659833605622,8.848361939988472,2.9746196294633154,0.4919093851132686,0.5048543689320388,0.2750809061488673,0.0,2.184774398803711
16,20,0.2,unet,True,True,38,38,134,0.0007107919991540257,3.4885165830260343,19.659922543827687,4.433951121046294,0.21035598705501618,0.7896440129449838,0.05501618122977346,0.4045307443365696,11.919139862060547
17,20,0.2,dijkstra,True,True,38,38,328,0.0006592919999093283,20.274390243902438,472.6585365853659,21.740711501359975,0.9969512195121951,0.0,0.9847560975609756,0.0,0.0
17,20,0.2,manhattan,True,True,38,38,229,0.0005232080002315342,1.103658536585366,5.890243902439025,2.426982468506731,0.27439024390243905,0.0,0.1402439024390244,0.0,0.0
17,20,0.2,mlp_table,True,True,38,38,151,0.0008118749992718222,0.892746074170601,1.8917582176853556,1.375412017427998,0.25914634146341464,0.7378048780487805,0.06097560975609756,0.0,2.017597198486328
17,20,0.2,unet,True,True,38,38,165,0.0009481249999225838,2.933820886582863,13.387434000215855,3.658884256192843,0.09451219512195122,0.9054878048780488,0.012195121951219513,0.3780487804878049,9.578348159790039
18,20,0.2,dijkstra,True,True,38,38,323,0.0006390000016835984,19.934984520123837,463.4520123839009,21.52793562754917,0.9969040247678018,0.0,0.9845201238390093,0.0,0.0
18,20,0.2,manhattan,True,True,38,38,201,0.0004575420007313369,0.8359133126934984,4.099071207430341,2.0246163111637574,0.21981424148606812,0.0,0.12074303405572756,0.0,0.0
18,20,0.2,mlp_table,True,True,38,38,124,0.0006656249988736818,0.9738941558005271,1.7581665888500317,1.325958743268444,0.21362229102167182,0.7832817337461301,0.018575851393188854,0.01238390092879257,3.379995346069336
18,20,0.2,unet,True,True,38,38,139,0.000771958000768791,3.21915154043735,16.102332297532843,4.012771149409451,0.07739938080495357,0.9226006191950464,0.0030959752321981426,0.38699690402476783,10.418777465820312
19,20,0.2,dijkstra,True,True,38,38,317,0.0006244579999474809,19.785488958990538,460.94637223974763,21.46966167036052,0.9968454258675079,0.0,0.9684542586750788,0.0,0.0
19,20,0.2,manhattan,True,True,38,38,225,0.0005063330008852063,0.7886435331230284,4.151419558359621,2.0375032658525045,0.2113564668769716,0.0,0.0914826498422713,0.0,0.0
19,20,0.2,mlp_table,True,True,38,38,120,0.0006415419993572868,1.1376588491235247,2.7742160480635008,1.665597805012813,0.22397476340694006,0.7728706624605678,0.05993690851735016,0.0473186119873817,4.910266876220703
19,20,0.2,unet,True,True,38,38,173,0.0009797909988265019,1.5361451839422955,5.739409386775731,2.395706448372949,0.4353312302839117,0.5646687697160884,0.00946372239747634,0.15141955835962145,10.756731033325195
20,20,0.2,dijkstra,True,True,38,38,298,0.0005780000010418007,19.748322147651006,471.748322147651,21.719768004001583,0.9966442953020134,0.0,0.9798657718120806,0.0,0.0
20,20,0.2,manhattan,True,True,38,38,214,0.00047045800056366716,0.9798657718120806,6.201342281879195,2.4902494416984005,0.2080536912751678,0.0,0.14093959731543623,0.0,0.0
20,20,0.2,mlp_table,True,True,38,38,110,0.0005765000005339971,1.3243646193670746,4.980892902422316,2.231791411046811,0.20469798657718122,0.7919463087248322,0.053691275167785234,0.02348993288590604,3.946523666381836
20,20,0.2,unet,True,True,38,38,84,0.00045445800060406327,2.949639105156764,13.823982307520229,3.718061633098654,0.09060402684563758,0.9093959731543624,0.053691275167785234,0.3288590604026846,9.526195526123047
21,20,0.2,dijkstra,True,True,38,38,317,0.0006501249990833458,20.635220125786162,486.0062893081761,22.04555032899329,0.9968553459119497,0.0,0.9779874213836478,0.0,0.0
21,20,0.2,manhattan,True,True,38,38,250,0.0005844999996043043,1.4591194968553458,5.886792452830188,2.4262713065175108,0.48742138364779874,0.0,0.1540880503144654,0.0,0.0
21,20,0.2,mlp_table,True,True,38,38,120,0.000647958999252296,0.8680292154258152,1.6577394834831136,1.2875323232770173,0.4276729559748428,0.5691823899371069,0.05345911949685535,0.0,2.1943225860595703
21,20,0.2,unet,True,True,38,38,179,0.00095970800066425,3.1230081649696304,15.961932621289199,3.9952387439662727,0.0660377358490566,0.9339622641509434,0.009433962264150943,0.37735849056603776,12.706104278564453
22,20,0.2,dijkstra,False,False,-1,-1,0,0.0,,,,,,,,
22,20,0.2,manhattan,False,False,-1,-1,0,0.0,,,,,,,,
22,20,0.2,mlp_table,False,False,-1,-1,0,0.0,,,,,,,,
22,20,0.2,unet,False,False,-1,-1,0,0.0,,,,,,,,
23,20,0.2,dijkstra,True,True,38,38,324,0.0006424589992093388,19.021604938271604,428.33024691358025,20.69614087006513,0.9969135802469136,0.0,0.9691358024691358,0.0,0.0
23,20,0.2,manhattan,True,True,38,38,246,0.0005640000017592683,0.19753086419753085,0.41975308641975306,0.6478835438717,0.09567901234567901,0.0,0.0030864197530864196,0.0,0.0
23,20,0.2,mlp_table,True,True,38,38,119,0.0006546250006067567,1.0369384940023776,1.8611395926015708,1.3642359006423965,0.07098765432098765,0.9259259259259259,0.0,0.040123456790123455,3.9600563049316406
23,20,0.2,unet,True,True,38,38,99,0.0005684999996447004,1.9244809669476968,7.250947996699971,2.6927584363808,0.24691358024691357,0.7530864197530864,0.006172839506172839,0.24382716049382716,9.892187118530273
24,20,0.2,dijkstra,True,True,38,38,324,0.0006465410006057937,19.339506172839506,438.38271604938274,20.9375909800861,0.9969135802469136,0.0,0.9753086419753086,0.0,0.0
24,20,0.2,manhattan,True,True,38,38,243,0.0005469580009958008,0.6172839506172839,1.9506172839506173,1.3966450099973928,0.2222222222222222,0.0,0.08333333333333333,0.0,0.0
24,20,0.2,mlp_table,True,True,38,38,102,0.0005863749993295642,0.8316370443797406,1.2394374958859116,1.113300272112565,0.1574074074074074,0.8395061728395061,0.006172839506172839,0.018518518518518517,3.7261009216308594
24,20,0.2,unet,True,True,38,38,126,0.0007201669995993143,2.1132995162481145,8.887399620213175,2.981174201587887,0.14814814814814814,0.8518518518518519,0.0030864197530864196,0.24691358024691357,9.070087432861328
25,20,0.2,dijkstra,True,True,38,38,315,0.0006270419999054866,20.136507936507936,467.2920634920635,21.61693927206309,0.9968253968253968,0.0,0.9873015873015873,0.0,0.0
25,20,0.2,manhattan,True,True,38,38,197,0.0004482080003072042,1.1492063492063491,5.955555555555556,2.440400695696417,0.27936507936507937,0.0,0.19682539682539682,0.0,0.0
25,20,0.2,mlp_table,True,True,38,38,155,0.0008280829988507321,1.1328952970958892,2.7425327848472745,1.6560594146489052,0.25396825396825395,0.7428571428571429,0.05396825396825397,0.009523809523809525,3.5638694763183594
25,20,0.2,unet,True,True,38,38,239,0.0011996249995718244,4.700048834180075,33.059750603521245,5.749760917074835,0.07936507936507936,0.9206349206349206,0.015873015873015872,0.5873015873015873,13.182971954345703
26,20,0.2,dijkstra,True,True,38,38,311,0.0006173749989102362,19.983922829581992,473.05787781350483,21.749893742579637,0.9967845659163987,0.0,0.9742765273311897,0.0,0.0
26,20,0.2,manhattan,True,True,38,38,127,0.0002927919995272532,1.1189710610932475,4.990353697749196,2.233909957395149,0.3247588424437299,0.0,0.15755627009646303,0.0,0.0
26,20,0.2,mlp_table,True,True,38,38,87,0.0004783749991474906,1.253013759947283,3.8253421687753018,1.955848196761523,0.22508038585209003,0.7717041800643086,0.08038585209003216,0.0,2.959127426147461
26,20,0.2,unet,True,True,38,38,117,0.0006302500005403999,2.1733528498284684,7.506905230173084,2.7398732142515434,0.24437299035369775,0.7556270096463023,0.06752411575562701,0.1864951768488746,7.60931396484375
27,20,0.2,dijkstra,True,True,38,38,324,0.0006455830007325858,19.243076923076924,433.7476923076923,20.826610197237866,0.9969230769230769,0.0,0.9815384615384616,0.0,0.0
27,20,0.2,manhattan,True,True,38,38,263,0.0006110419999458827,0.5661538461538461,2.3384615384615386,1.5292029095125141,0.1723076923076923,0.0,0.08307692307692308,0.0,0.0
27,20,0.2,mlp_table,True,True,38,38,134,0.0007344160003412981,1.113933734527001,2.4411483174494633,1.5624174594036842,0.18769230769230769,0.8092307692307692,0.015384615384615385,0.06153846153846154,5.396686553955078
27,20,0.2,unet,True,True,38,38,163,0.000933249999434338,2.860731794650738,15.426735483105828,3.9276883128763957,0.08307692307692308,0.916923076923077,0.012307692307692308,0.31076923076923074,13.266416549682617
28,20,0.2,dijkstra,True,True,38,38,304,0.000602166999669862,21.091503267973856,498.77777777777777,22.333333333333332,0.9967320261437909,0.0,0.9771241830065359,0.0,0.0
28,20,0.2,manhattan,True,True,38,38,206,0.0005038339986640494,1.7843137254901962,11.673202614379084,3.4166068861341197,0.39215686274509803,0.0,0.21895424836601307,0.0,0.0
28,20,0.2,mlp_table,True,True,38,38,177,0.000920375001442153,1.3403469904575473,5.762820935112302,2.400587622877428,0.37254901960784315,0.6241830065359477,0.12091503267973856,0.0,2.0553646087646484
28,20,0.2,unet,True,True,38,38,299,0.0013922909984103171,8.562564463397257,91.93144085466028,9.58808848804913,0.042483660130718956,0.9575163398692811,0.006535947712418301,0.8856209150326797,23.274871826171875
29,20,0.2,dijkstra,True,True,38,38,324,0.0006497079994005617,18.959876543209877,421.070987654321,20.520014319057406,0.9969135802469136,0.0,0.9783950617283951,0.0,0.0
29,20,0.2,manhattan,True,True,38,38,212,0.00047745799929543864,0.6419753086419753,2.493827160493827,1.579185600394655,0.20679012345679013,0.0,0.07716049382716049,0.0,0.0
29,20,0.2,mlp_table,True,True,38,38,83,0.00045341599980019964,0.8859776129693161,1.3128455208037817,1.1457947114574154,0.1419753086419753,0.8549382716049383,0.009259259259259259,0.006172839506172839,3.396686553955078
29,20,0.2,unet,True,True,38,38,139,0.0008467910010949709,1.6299661489916437,5.095239701715195,2.2572637643206863,0.26851851851851855,0.7314814814814815,0.009259259259259259,0.1574074074074074,8.903045654296875
30,20,0.2,dijkstra,True,True,38,38,310,0.0006170830001792638,19.625806451612902,454.26451612903224,21.313482027323275,0.9967741935483871,0.0,0.9741935483870968,0.0,0.0
30,20,0.2,manhattan,True,True,38,38,213,0.0005777500009571668,0.4064516129032258,1.0451612903225806,1.0223313016447166,0.17419354838709677,0.0,0.02903225806451613,0.0,0.0
30,20,0.2,mlp_table,True,True,38,38,108,0.0006112920000305166,1.1436342050952295,2.158625486885442,1.46922615239637,0.12580645161290321,0.8709677419354839,0.01935483870967742,0.035483870967741936,3.9410762786865234
30,20,0.2,unet,True,True,38,38,197,0.0010067910006910097,6.338351109720046,53.762200660132116,7.332271180209589,0.08387096774193549,0.9161290322580645,0.00967741935483871,0.7774193548387097,14.754384994506836
31,20,0.2,dijkstra,False,False,-1,-1,0,0.0,,,,,,,,
31,20,0.2,manhattan,False,False,-1,-1,0,0.0,,,,,,,,
31,20,0.2,mlp_table,False,False,-1,-1,0,0.0,,,,,,,,
31,20,0.2,unet,False,False,-1,-1,0,0.0,,,,,,,,
32,20,0.2,dijkstra,True,True,38,38,297,0.0005845830000907881,20.607382550335572,496.0570469798658,22.272338157002416,0.9966442953020134,0.0,0.9664429530201343,0.0,0.0
32,20,0.2,manhattan,True,True,38,38,98,0.00021875000129512046,1.6241610738255035,5.906040268456376,2.430234611813513,0.5536912751677853,0.0,0.18791946308724833,0.0,0.0
32,20,0.2,mlp_table,True,True,38,38,87,0.0005233330011833459,1.086603008260663,2.1758525764293912,1.4750771425350577,0.5268456375838926,0.4697986577181208,0.053691275167785234,0.0,2.372624397277832
32,20,0.2,unet,True,True,38,38,92,0.000503332999869599,2.1191311106585817,7.1214882551689955,2.668611671856547,0.2080536912751678,0.7919463087248322,0.010067114093959731,0.24496644295302014,7.468265533447266
33,20,0.2,dijkstra,True,True,38,38,318,0.0006413749997591367,20.17241379310345,475.7962382445141,21.812754027048353,0.9968652037617555,0.0,0.9717868338557993,0.0,0.0
33,20,0.2,manhattan,True,True,38,38,223,0.0005069580001872964,1.2601880877742946,6.733542319749216,2.5949069963582927,0.329153605015674,0.0,0.16614420062695925,0.0,0.0
33,20,0.2,mlp_table,True,True,38,38,128,0.0006706670010316884,1.0870348476690932,3.244355866696495,1.8012095565748298,0.27899686520376177,0.7178683385579937,0.08463949843260188,0.0,2.6768970489501953
33,20,0.2,unet,True,True,38,38,118,0.0007187920000433223,2.0028297377978,7.3756756210436505,2.7158195118681303,0.23510971786833856,0.7648902821316614,0.034482758620689655,0.18808777429467086,8.78139877319336
34,20,0.2,dijkstra,True,True,38,38,336,0.0006671249993814854,20.654761904761905,491.125,22.16134021218031,0.9970238095238095,0.0,0.9732142857142857,0.0,0.0
34,20,0.2,manhattan,True,True,38,38,295,0.0006687909990432672,1.3095238095238095,4.857142857142857,2.2038926600773587,0.4226190476190476,0.0,0.1875,0.0,0.0
34,20,0.2,mlp_table,True,True,38,38,140,0.0006950420010980451,0.8944613624896322,1.496832680503388,1.2234511353149287,0.37202380952380953,0.625,0.02976190476190476,0.0,2.4121017456054688
34,20,0.2,unet,True,True,38,38,174,0.0009263749998353887,1.4446375352286158,3.9101712066914085,1.9774152843273485,0.4017857142857143,0.5982142857142857,0.026785714285714284,0.11011904761904762,7.419002532958984
35,20,0.2,dijkstra,False,False,-1,-1,0,0.0,,,,,,,,
35,20,0.2,manhattan,False,False,-1,-1,0,0.0,,,,,,,,
35,20,0.2,mlp_table,False,False,-1,-1,0,0.0,,,,,,,,
35,20,0.2,unet,False,False,-1,-1,0,0.0,,,,,,,,
36,20,0.2,dijkstra,True,True,38,38,328,0.0006552080012625083,19.08231707317073,433.0030487804878,20.808725304075878,0.9969512195121951,0.0,0.9695121951219512,0.0,0.0
36,20,0.2,manhattan,True,True,38,38,178,0.0004460419986571651,0.31097560975609756,1.0121951219512195,1.0060790833484312,0.11890243902439024,0.0,0.024390243902439025,0.0,0.0
36,20,0.2,mlp_table,True,True,38,38,92,0.0005063749995315447,1.0763965107318831,2.0348943947543514,1.4264972466690398,0.10670731707317073,0.8902439024390244,0.0,0.054878048780487805,4.694330215454102
36,20,0.2,unet,True,True,38,38,122,0.0006984160008869367,1.7574756945051797,5.991469627366144,2.447747868422347,0.25609756097560976,0.7439024390243902,0.006097560975609756,0.19207317073170732,10.496377944946289
37,20,0.2,dijkstra,False,False,-1,-1,0,0.0,,,,,,,,
37,20,0.2,manhattan,False,False,-1,-1,0,0.0,,,,,,,,
37,20,0.2,mlp_table,False,False,-1,-1,0,0.0,,,,,,,,
37,20,0.2,unet,False,False,-1,-1,0,0.0,,,,,,,,
38,20,0.2,dijkstra,True,True,38,38,320,0.0006309169984888285,20.7875,496.4875,22.281999461448695,0.996875,0.0,0.975,0.0,0.0
38,20,0.2,manhattan,True,True,38,38,162,0.00037304199940990657,1.7625,12.05,3.4713109915419564,0.425,0.0,0.2,0.0,0.0
38,20,0.2,mlp_table,True,True,38,38,94,0.0005239999991317745,1.1359245050698519,4.962976916263899,2.2277739823114686,0.409375,0.5875,0.08125,0.0,1.393651008605957
38,20,0.2,unet,True,True,38,38,94,0.0005550839996431023,1.649603432416916,5.0614064704051,2.2497569802992277,0.153125,0.846875,0.021875,0.1375,5.580600738525391
39,20,0.2,dijkstra,False,False,-1,-1,0,0.0,,,,,,,,
39,20,0.2,manhattan,False,False,-1,-1,0,0.0,,,,,,,,
39,20,0.2,mlp_table,False,False,-1,-1,0,0.0,,,,,,,,
39,20,0.2,unet,False,False,-1,-1,0,0.0,,,,,,,,
40,20,0.2,dijkstra,False,False,-1,-1,0,0.0,,,,,,,,
40,20,0.2,manhattan,False,False,-1,-1,0,0.0,,,,,,,,
40,20,0.2,mlp_table,False,False,-1,-1,0,0.0,,,,,,,,
40,20,0.2,unet,False,False,-1,-1,0,0.0,,,,,,,,
41,20,0.2,dijkstra,True,True,38,38,319,0.0006429589993786067,19.46394984326019,450.98746081504703,21.236465355963713,0.9968652037617555,0.0,0.9686520376175548,0.0,0.0
41,20,0.2,manhattan,True,True,38,38,228,0.0005387090004660422,0.6959247648902821,3.8746081504702192,1.9684024361065546,0.18808777429467086,0.0,0.06583072100313479,0.0,0.0
41,20,0.2,mlp_table,True,True,38,38,104,0.0005961659990134649,1.0445009193450305,2.1332747248621304,1.4605734233040564,0.19122257053291536,0.8056426332288401,0.0438871473354232,0.018808777429467086,3.482907295227051
41,20,0.2,unet,True,True,38,38,134,0.0008030839999264572,1.4409652260777346,4.2205909669157675,2.054407692478727,0.2601880877742947,0.7398119122257053,0.003134796238244514,0.13793103448275862,6.64924430847168
42,20,0.2,dijkstra,True,True,38,38,328,0.0007110000005923212,20.115853658536587,466.8109756097561,21.60580883951712,0.9969512195121951,0.0,0.9725609756097561,0.0,0.0
42,20,0.2,manhattan,True,True,38,38,229,0.0005257500015432015,1.103658536585366,5.304878048780488,2.3032320874763115,0.28353658536585363,0.0,0.1676829268292683,0.0,0.0
42,20,0.2,mlp_table,True,True,38,38,108,0.0005946250003034947,1.1622100912216233,2.349929949054885,1.532948123406296,0.29573170731707316,0.7012195121951219,0.051829268292682924,0.024390243902439025,3.3867263793945312
42,20,0.2,unet,True,True,38,38,146,0.0007872919995861594,1.7259002415145315,5.933968700340301,2.435973871029881,0.2530487804878049,0.7469512195121951,0.006097560975609756,0.16463414634146342,9.515859603881836
43,20,0.2,dijkstra,True,True,38,38,319,0.000630915999863646,19.5423197492163,452.2068965517241,21.265156866379428,0.9968652037617555,0.0,0.9749216300940439,0.0,0.0
43,20,0.2,manhattan,True,True,38,38,220,0.000504249999721651,0.47648902821316613,1.6551724137931034,1.2865350418053538,0.1724137931034483,0.0,0.047021943573667714,0.0,0.0
43,20,0.2,mlp_table,True,True,38,38,172,0.0008796250003797468,1.1969250814294368,2.6367300656233046,1.6238011164004367,0.12225705329153605,0.8746081504702194,0.03761755485893417,0.034482758620689655,3.9410762786865234
43,20,0.2,unet,True,True,38,38,194,0.0011150419995828997,2.8909159495165357,12.249766019618832,3.4999665740716486,0.13793103448275862,0.8620689655172413,0.0219435736677116,0.4200626959247649,8.520454406738281
44,20,0.2,dijkstra,False,False,-1,-1,0,0.0,,,,,,,,
44,20,0.2,manhattan,False,False,-1,-1,0,0.0,,,,,,,,
44,20,0.2,mlp_table,False,False,-1,-1,0,0.0,,,,,,,,
44,20,0.2,unet,False,False,-1,-1,0,0.0,,,,,,,,
45,20,0.2,dijkstra,True,True,38,38,324,0.0006482919998234138,19.373456790123456,440.07716049382714,20.97801612388138,0.9969135802469136,0.0,0.9691358024691358,0.0,0.0
45,20,0.2,manhattan,True,True,38,38,249,0.0005642080013785744,0.6666666666666666,2.0246913580246915,1.4229164972072998,0.2623456790123457,0.0,0.05555555555555555,0.0,0.0
45,20,0.2,mlp_table,True,True,38,38,103,0.000568458000998362,0.8718452972394449,1.370123219967436,1.170522626849834,0.17901234567901234,0.8179012345679012,0.009259259259259259,0.015432098765432098,3.5638694763183594
45,20,0.2,unet,True,True,38,38,147,0.0008272499999293359,1.461382935444514,4.415303593724467,2.101262380980649,0.404320987654321,0.595679012345679,0.009259259259259259,0.13271604938271606,8.72667121887207
46,20,0.2,dijkstra,True,True,38,38,306,0.0006017920004524058,19.254901960784313,435.4313725490196,20.866992417428527,0.9967320261437909,0.0,0.9705882352941176,0.0,0.0
46,20,0.2,manhattan,True,True,38,38,175,0.00039883399949758314,0.5751633986928104,1.803921568627451,1.3431014736897027,0.21568627450980393,0.0,0.06209150326797386,0.0,0.0
46,20,0.2,mlp_table,True,True,38,38,107,0.0005687089997081785,0.9796319642877267,1.8356904301882788,1.3548765368801243,0.16666666666666666,0.8300653594771242,0.016339869281045753,0.03594771241830065,4.423847198486328
46,20,0.2,unet,True,True,38,38,105,0.0005784160002804128,4.055730391951168,26.146961438730177,5.113409961926599,0.05555555555555555,0.9444444444444444,0.006535947712418301,0.477124183006536,14.659221649169922
47,20,0.2,dijkstra,False,False,-1,-1,0,0.0,,,,,,,,
47,20,0.2,manhattan,False,False,-1,-1,0,0.0,,,,,,,,
47,20,0.2,mlp_table,False,False,-1,-1,0,0.0,,,,,,,,
47,20,0.2,unet,False,False,-1,-1,0,0.0,,,,,,,,
48,20,0.2,dijkstra,False,False,-1,-1,0,0.0,,,,,,,,
48,20,0.2,manhattan,False,False,-1,-1,0,0.0,,,,,,,,
48,20,0.2,mlp_table,False,False,-1,-1,0,0.0,,,,,,,,
48,20,0.2,unet,False,False,-1,-1,0,0.0,,,,,,,,
49,20,0.2,dijkstra,True,True,38,38,322,0.0007083749987941701,20.742236024844722,494.7111801242236,22.242103770197268,0.9968944099378882,0.0,0.984472049689441,0.0,0.0
49,20,0.2,manhattan,True,True,38,38,226,0.0005216249992372468,1.6645962732919255,12.496894409937887,3.5350946818915454,0.32608695652173914,0.0,0.2111801242236025,0.0,0.0
49,20,0.2,mlp_table,True,True,38,38,110,0.0005908329985686578,1.2741175090304073,5.59893395461737,2.3662066593214908,0.3416149068322981,0.65527950310559,0.09316770186335403,0.0,1.9376106262207031
49,20,0.2,unet,True,True,38,38,177,0.0009736669999256264,1.8717365946088518,5.781793950297331,2.4045361195659614,0.18633540372670807,0.8136645962732919,0.043478260869565216,0.14906832298136646,6.442033767700195
50,20,0.2,dijkstra,True,True,38,38,330,0.0006604579994018422,19.536363636363635,452.74242424242425,21.27774481100909,0.996969696969697,0.0,0.9696969696969697,0.0,0.0
50,20,0.2,manhattan,True,True,38,38,263,0.0005988339999021264,0.7090909090909091,4.715151515151515,2.171439963515343,0.15151515151515152,0.0,0.07878787878787878,0.0,0.0
50,20,0.2,mlp_table,True,True,38,38,160,0.0008412499992118683,1.157104895692883,2.9622721466722086,1.7211252559509458,0.15151515151515152,0.8454545454545455,0.05454545454545454,0.03636363636363636,4.437534332275391
50,20,0.2,unet,True,True,38,38,190,0.0010323330006940523,1.4680772246736469,4.232891866212705,2.057399296736709,0.42727272727272725,0.5727272727272728,0.030303030303030304,0.11515151515151516,7.633199691772461
51,20,0.2,dijkstra,False,False,-1,-1,0,0.0,,,,,,,,
51,20,0.2,manhattan,False,False,-1,-1,0,0.0,,,,,,,,
51,20,0.2,mlp_table,False,False,-1,-1,0,0.0,,,,,,,,
51,20,0.2,unet,False,False,-1,-1,0,0.0,,,,,,,,
52,20,0.2,dijkstra,True,True,38,38,312,0.0006255839998630108,19.39423076923077,449.875,21.210256952710402,0.9967948717948718,0.0,0.9711538461538461,0.0,0.0
52,20,0.2,manhattan,True,True,38,38,217,0.0005140829998708796,0.7243589743589743,4.038461538461538,2.009592381171251,0.20833333333333334,0.0,0.07371794871794872,0.0,0.0
52,20,0.2,mlp_table,True,True,38,38,94,0.0005461669989017537,1.0412888194505985,2.5281168463935333,1.590005297599204,0.1346153846153846,0.8621794871794872,0.041666666666666664,0.01282051282051282,3.7261009216308594
52,20,0.2,unet,True,True,38,38,155,0.0008888749998732237,1.6978815408089223,5.745735970502377,2.3970264851482925,0.30128205128205127,0.6987179487179487,0.009615384615384616,0.16666666666666666,7.774377822875977
53,20,0.2,dijkstra,False,False,-1,-1,0,0.0,,,,,,,,
53,20,0.2,manhattan,False,False,-1,-1,0,0.0,,,,,,,,
53,20,0.2,mlp_table,False,False,-1,-1,0,0.0,,,,,,,,
53,20,0.2,unet,False,False,-1,-1,0,0.0,,,,,,,,
54,20,0.2,dijkstra,False,False,-1,-1,0,0.0,,,,,,,,
54,20,0.2,manhattan,False,False,-1,-1,0,0.0,,,,,,,,
54,20,0.2,mlp_table,False,False,-1,-1,0,0.0,,,,,,,,
54,20,0.2,unet,False,False,-1,-1,0,0.0,,,,,,,,
55,20,0.2,dijkstra,False,False,-1,-1,0,0.0,,,,,,,,
55,20,0.2,manhattan,False,False,-1,-1,0,0.0,,,,,,,,
55,20,0.2,mlp_table,False,False,-1,-1,0,0.0,,,,,,,,
55,20,0.2,unet,False,False,-1,-1,0,0.0,,,,,,,,
56,20,0.2,dijkstra,True,True,38,38,317,0.0006276669992075767,19.05993690851735,434.0567823343849,20.834029431062653,0.9968454258675079,0.0,0.9716088328075709,0.0,0.0
56,20,0.2,manhattan,True,True,38,38,158,0.00044504200013761874,0.34069400630914826,1.135646687697161,1.065667249988082,0.11987381703470032,0.0,0.04416403785488959,0.0,0.0
56,20,0.2,mlp_table,True,True,38,38,99,0.0005350829997041728,1.0242665795497714,2.053432006554613,1.4329801138029143,0.12618296529968454,0.8706624605678234,0.006309148264984227,0.05993690851735016,5.153474807739258
56,20,0.2,unet,True,True,38,38,114,0.0006324160003714496,2.5958476901430436,12.396765187078925,3.520904029802421,0.08517350157728706,0.9148264984227129,0.012618296529968454,0.31545741324921134,12.34025764465332
57,20,0.2,dijkstra,True,True,38,38,315,0.000624624999545631,19.4,445.61587301587304,21.109615652964244,0.9968253968253968,0.0,0.9682539682539683,0.0,0.0
57,20,0.2,manhattan,True,True,38,38,156,0.00036537499909172766,0.6095238095238096,1.5492063492063493,1.2446711811584412,0.2634920634920635,0.0,0.04126984126984127,0.0,0.0
57,20,0.2,mlp_table,True,True,38,38,99,0.0005527499997697305,0.8333869937866453,1.2655289416233042,1.1249573065780338,0.14603174603174604,0.8507936507936508,0.009523809523809525,0.012698412698412698,3.9508190155029297
57,20,0.2,unet,True,True,38,38,88,0.000584625000556116,2.0573207991463796,7.191971903594378,2.6817852083256737,0.14603174603174604,0.8539682539682539,0.006349206349206349,0.25396825396825395,8.008085250854492
58,20,0.2,dijkstra,True,True,38,38,325,0.0006422080004995223,19.523076923076925,449.94153846153847,21.211825439163373,0.9969230769230769,0.0,0.9692307692307692,0.0,0.0
58,20,0.2,manhattan,True,True,38,38,232,0.0005307079991325736,0.6215384615384615,1.8584615384615384,1.3632540256538905,0.24307692307692308,0.0,0.05846153846153846,0.0,0.0
58,20,0.2,mlp_table,True,True,38,38,123,0.0006773749992134981,0.8324750757217407,1.3122652236935544,1.1455414543758573,0.14153846153846153,0.8553846153846154,0.012307692307692308,0.006153846153846154,3.482907295227051
58,20,0.2,unet,True,True,38,38,132,0.0007857920008973451,1.7727167826432448,5.587256469511024,2.363737817422022,0.2123076923076923,0.7876923076923077,0.018461538461538463,0.20307692307692307,7.462404251098633
59,20,0.2,dijkstra,False,False,-1,-1,0,0.0,,,,,,,,
59,20,0.2,manhattan,False,False,-1,-1,0,0.0,,,,,,,,
59,20,0.2,mlp_table,False,False,-1,-1,0,0.0,,,,,,,,
59,20,0.2,unet,False,False,-1,-1,0,0.0,,,,,,,,
60,20,0.2,dijkstra,True,True,38,38,324,0.0006408749995898688,19.104938271604937,434.61728395061726,20.847476680658914,0.9969135802469136,0.0,0.9722222222222222,0.0,0.0
60,20,0.2,manhattan,True,True,38,38,274,0.000623249999989639,0.2777777777777778,0.7037037037037037,0.8388704928078611,0.12345679012345678,0.0,0.012345679012345678,0.0,0.0
60,20,0.2,mlp_table,True,True,38,38,136,0.0007179589993029367,1.1279232851517054,2.2860821562186042,1.511979548875779,0.08950617283950617,0.9074074074074074,0.006172839506172839,0.05555555555555555,4.910266876220703
60,20,0.2,unet,True,True,38,38,102,0.0005478749990288634,2.9803521714092773,14.794662786135056,3.846383078443313,0.10802469135802469,0.8919753086419753,0.009259259259259259,0.36728395061728397,13.127891540527344
61,20,0.2,dijkstra,False,False,-1,-1,0,0.0,,,,,,,,
61,20,0.2,manhattan,False,False,-1,-1,0,0.0,,,,,,,,
61,20,0.2,mlp_table,False,False,-1,-1,0,0.0,,,,,,,,
61,20,0.2,unet,False,False,-1,-1,0,0.0,,,,,,,,
62,20,0.2,dijkstra,False,False,-1,-1,0,0.0,,,,,,,,
62,20,0.2,manhattan,False,False,-1,-1,0,0.0,,,,,,,,
62,20,0.2,mlp_table,False,False,-1,-1,0,0.0,,,,,,,,
62,20,0.2,unet,False,False,-1,-1,0,0.0,,,,,,,,
63,20,0.2,dijkstra,True,True,38,38,329,0.0006678330009890487,19.677811550151976,451.81762917933133,21.256002191835872,0.9969604863221885,0.0,0.9726443768996961,0.0,0.0
63,20,0.2,manhattan,True,True,38,38,270,0.0006025829989084741,0.5349544072948328,2.066869300911854,1.4376610521648885,0.1762917933130699,0.0,0.060790273556231005,0.0,0.0
63,20,0.2,mlp_table,True,True,38,38,129,0.0006974999996600673,0.9069673591109395,1.5611962985539547,1.2494784105993808,0.13677811550151975,0.8601823708206687,0.0060790273556231,0.030395136778115502,3.9600563049316406
63,20,0.2,unet,True,True,38,38,125,0.0006789589988329681,2.4505368463898867,11.10332667350677,3.3321654631045514,0.0729483282674772,0.9270516717325228,0.0121580547112462,0.2887537993920973,11.363685607910156
64,20,0.2,dijkstra,True,True,40,40,315,0.0006236250010260846,21.082539682539682,513.7936507936508,22.667016804018363,0.9968253968253968,0.0,0.9714285714285714,0.0,0.0
64,20,0.2,manhattan,True,True,40,40,158,0.00036245900082576554,1.9936507936507937,16.228571428571428,4.028470110174758,0.3492063492063492,0.0,0.2253968253968254,0.0,0.0
64,20,0.2,mlp_table,True,True,40,40,92,0.0005137919997650897,1.694841630496676,8.676827696545681,2.9456455483553485,0.3238095238095238,0.6730158730158731,0.1523809523809524,0.0,2.5445003509521484
64,20,0.2,unet,True,True,40,40,102,0.0005889579988433979,2.470099819652618,10.29675466403363,3.2088556626987184,0.30158730158730157,0.6984126984126984,0.11746031746031746,0.20634920634920634,7.951484680175781
65,20,0.2,dijkstra,True,True,38,38,312,0.0006139580000308342,19.60576923076923,449.41346153846155,21.199374083648355,0.9967948717948718,0.0,0.9807692307692307,0.0,0.0
65,20,0.2,manhattan,True,True,38,38,254,0.0006563339993590489,0.5128205128205128,2.41025641025641,1.5525000516123695,0.15064102564102563,0.0,0.0641025641025641,0.0,0.0
65,20,0.2,mlp_table,True,True,38,38,112,0.0006134579998615663,0.9636620485629791,1.9762500120747792,1.4057915962456096,0.16025641025641027,0.8365384615384616,0.022435897435897436,0.035256410256410256,3.9410762786865234
65,20,0.2,unet,True,True,38,38,156,0.00090220899983251,2.3022817281576304,8.996051864522272,2.9993419052389263,0.08333333333333333,0.9166666666666666,0.003205128205128205,0.27564102564102566,9.001226425170898
66,20,0.2,dijkstra,True,True,38,38,317,0.0006249590005609207,21.0788643533123,515.6088328075709,22.707021663079704,0.9968454258675079,0.0,0.9684542586750788,0.0,0.0
66,20,0.2,manhattan,True,True,38,38,180,0.00040337500104214996,2.1640378548895898,14.675078864353312,3.8308065553292185,0.4384858044164038,0.0,0.3217665615141956,0.0,0.0
66,20,0.2,mlp_table,True,True,38,38,92,0.000491666998641449,1.6917960760345219,6.936252664906911,2.6336766439536405,0.4605678233438486,0.5362776025236593,0.2082018927444795,0.0,1.9158096313476562
66,20,0.2,unet,True,True,38,38,132,0.0007625840007676743,1.3805853779007584,3.5542103889036776,1.8852613582481548,0.61198738170347,0.38801261829652994,0.10410094637223975,0.00946372239747634,3.547931671142578
67,20,0.2,dijkstra,True,True,38,38,313,0.0006173749989102362,20.54632587859425,487.08306709265173,22.069958475100304,0.9968051118210862,0.0,0.9840255591054313,0.0,0.0
67,20,0.2,manhattan,True,True,38,38,220,0.0005364159987948369,1.5079872204472844,7.667731629392971,2.769066923964275,0.41214057507987223,0.0,0.1853035143769968,0.0,0.0
67,20,0.2,mlp_table,True,True,38,38,133,0.0006919169991306262,1.084771667425625,3.117409148303751,1.7656186304816086,0.36421725239616615,0.6325878594249201,0.08306709265175719,0.0,2.447195053100586
67,20,0.2,unet,True,True,38,38,115,0.0006364999990182696,2.895679963663363,12.740902807751157,3.5694401252508996,0.1757188498402556,0.8242811501597445,0.02875399361022364,0.34824281150159747,8.836936950683594
68,20,0.2,dijkstra,True,True,38,38,309,0.0006132500002422603,21.770967741935483,525.0935483870968,22.914919777016387,0.9967741935483871,0.0,0.9838709677419355,0.0,0.0
68,20,0.2,manhattan,True,True,38,38,174,0.0004203749995213002,1.7741935483870968,10.412903225806451,3.226903039418205,0.3967741935483871,0.0,0.24193548387096775,0.0,0.0
68,20,0.2,mlp_table,True,True,38,38,110,0.0005957920002401806,1.2742391951622503,4.049047827067099,2.0122245965764107,0.3741935483870968,0.6225806451612903,0.15161290322580645,0.0,1.8231067657470703
68,20,0.2,unet,True,True,38,38,218,0.001046666999172885,5.167518180416477,39.588056341807544,6.29190403151602,0.06129032258064516,0.9387096774193548,0.0064516129032258064,0.6645161290322581,12.499202728271484
69,20,0.2,dijkstra,True,True,38,38,302,0.0005961250008112984,22.135483870967743,578.8064516129032,24.0583966966401,0.9967741935483871,0.0,0.967741935483871,0.0,0.0
69,20,0.2,manhattan,True,True,38,38,143,0.0003244580002501607,2.9935483870967743,29.548387096774192,5.4358428138398365,0.47096774193548385,0.0,0.4,0.0,0.0
69,20,0.2,mlp_table,True,True,38,38,142,0.0008192080003937008,3.0816390333637114,21.946887452431486,4.6847505218988434,0.45483870967741935,0.5419354838709678,0.36129032258064514,0.03870967741935484,4.437534332275391
69,20,0.2,unet,True,False,38,40,206,0.001097832999221282,3.416515019247609,18.83038925389068,4.33939964210381,0.49032258064516127,0.5096774193548387,0.3096774193548387,0.19032258064516128,9.417736053466797
70,20,0.2,dijkstra,True,True,38,38,323,0.0006572919992322568,18.851393188854487,424.1269349845201,20.594342305218685,0.9969040247678018,0.0,0.9752321981424149,0.0,0.0
70,20,0.2,manhattan,True,True,38,38,203,0.0004727079995063832,0.21052631578947367,0.6191950464396285,0.7868894753646337,0.08359133126934984,0.0,0.018575851393188854,0.0,0.0
70,20,0.2,mlp_table,True,True,38,38,134,0.0007415420004690532,1.1349949781370605,2.1759920987841825,1.475124435016986,0.0804953560371517,0.9164086687306502,0.006191950464396285,0.05263157894736842,4.423847198486328
70,20,0.2,unet,True,True,38,38,127,0.0006759999996575061,4.724858575561099,33.35520548409595,5.775396565093686,0.05263157894736842,0.9473684210526315,0.009287925696594427,0.5882352941176471,15.20698356628418
71,20,0.2,dijkstra,False,False,-1,-1,0,0.0,,,,,,,,
71,20,0.2,manhattan,False,False,-1,-1,0,0.0,,,,,,,,
71,20,0.2,mlp_table,False,False,-1,-1,0,0.0,,,,,,,,
71,20,0.2,unet,False,False,-1,-1,0,0.0,,,,,,,,
72,20,0.2,dijkstra,False,False,-1,-1,0,0.0,,,,,,,,
72,20,0.2,manhattan,False,False,-1,-1,0,0.0,,,,,,,,
72,20,0.2,mlp_table,False,False,-1,-1,0,0.0,,,,,,,,
72,20,0.2,unet,False,False,-1,-1,0,0.0,,,,,,,,
73,20,0.2,dijkstra,False,False,-1,-1,0,0.0,,,,,,,,
73,20,0.2,manhattan,False,False,-1,-1,0,0.0,,,,,,,,
73,20,0.2,mlp_table,False,False,-1,-1,0,0.0,,,,,,,,
73,20,0.2,unet,False,False,-1,-1,0,0.0,,,,,,,,
74,20,0.2,dijkstra,True,True,38,38,315,0.0006215829998836853,21.142857142857142,513.7142857142857,22.665266063169998,0.9968253968253968,0.0,0.9777777777777777,0.0,0.0
74,20,0.2,manhattan,True,True,38,38,237,0.0005271670015645213,1.8793650793650793,14.577777777777778,3.8180856168736943,0.35873015873015873,0.0,0.21904761904761905,0.0,0.0
74,20,0.2,mlp_table,True,True,38,38,117,0.0006175830003485316,1.5259383209167965,7.633195918639756,2.7628239029369492,0.35873015873015873,0.638095238095238,0.13968253968253969,0.0,2.659409523010254
74,20,0.2,unet,True,True,38,38,119,0.0006723339993186528,2.276927509761992,9.040784895777875,3.0067897990677492,0.26031746031746034,0.7396825396825397,0.0761904761904762,0.2,7.965089797973633
75,20,0.2,dijkstra,True,True,38,38,315,0.0006212499993125675,19.4,443.5650793650794,21.060984767220155,0.9968253968253968,0.0,0.9682539682539683,0.0,0.0
75,20,0.2,manhattan,True,True,38,38,216,0.0005087499994260725,0.4888888888888889,1.384126984126984,1.1764892622234102,0.19365079365079366,0.0,0.050793650793650794,0.0,0.0
75,20,0.2,mlp_table,True,True,38,38,96,0.0005407499993452802,0.8963516148309859,1.4656804414970561,1.2106528988513001,0.13333333333333333,0.8634920634920635,0.0031746031746031746,0.031746031746031744,4.19432258605957
75,20,0.2,unet,True,True,38,38,91,0.0005270420006127097,1.6554371326688737,5.5065882429123905,2.346612077637118,0.19047619047619047,0.8095238095238095,0.0031746031746031746,0.16825396825396827,8.591632843017578
76,20,0.2,dijkstra,True,True,38,38,301,0.000599916000282974,18.827242524916944,428.98671096345515,20.711994374358426,0.9966777408637874,0.0,0.9667774086378738,0.0,0.0
76,20,0.2,manhattan,True,True,38,38,231,0.0005081250001239823,0.2059800664451827,0.43853820598006643,0.6622221726732399,0.09966777408637874,0.0,0.0033222591362126247,0.0,0.0
76,20,0.2,mlp_table,True,True,38,38,122,0.0008107909998216201,0.8439580883298602,1.2290368690602078,1.1086193526455361,0.05647840531561462,0.9401993355481728,0.0,0.009966777408637873,3.2625961303710938
76,20,0.2,unet,True,True,38,38,191,0.00106387500090932,1.2556537286783769,3.047773122902029,1.7457872501831455,0.4850498338870432,0.5149501661129569,0.009966777408637873,0.08637873754152824,6.77781867980957
77,20,0.2,dijkstra,True,True,38,38,310,0.0006288749991654186,19.87741935483871,457.9548387096774,21.39987940876484,0.9967741935483871,0.0,0.9774193548387097,0.0,0.0
77,20,0.2,manhattan,True,True,38,38,139,0.0003199579987267498,1.0064516129032257,3.638709677419355,1.9075402164618587,0.36129032258064514,0.0,0.0935483870967742,0.0,0.0
77,20,0.2,mlp_table,True,True,38,38,79,0.0004390419999253936,0.7443938016891479,1.1754367060458921,1.0841755881986517,0.26129032258064516,0.7354838709677419,0.02258064516129032,0.0,1.7431221008300781
77,20,0.2,unet,True,True,38,38,124,0.0006985839991102694,2.623477127475123,10.58459859881159,3.253398008054285,0.08387096774193549,0.9161290322580645,0.0032258064516129032,0.3258064516129032,8.113466262817383
78,20,0.2,dijkstra,False,False,-1,-1,0,0.0,,,,,,,,
78,20,0.2,manhattan,False,False,-1,-1,0,0.0,,,,,,,,
78,20,0.2,mlp_table,False,False,-1,-1,0,0.0,,,,,,,,
78,20,0.2,unet,False,False,-1,-1,0,0.0,,,,,,,,
79,20,0.2,dijkstra,True,True,38,38,323,0.0006392499999492429,19.730650154798763,451.64396284829724,21.251916686461417,0.9969040247678018,0.0,0.9814241486068112,0.0,0.0
79,20,0.2,manhattan,True,True,38,38,211,0.0004886670012638206,0.8978328173374613,2.414860681114551,1.5539822010288764,0.37770897832817335,0.0,0.06501547987616099,0.0,0.0
79,20,0.2,mlp_table,True,True,38,38,121,0.0006907080005476018,0.6911924014519611,0.9539525934749473,0.9767049674671197,0.23529411764705882,0.7616099071207431,0.015479876160990712,0.006191950464396285,3.396686553955078
79,20,0.2,unet,True,True,38,38,172,0.001018542001474998,1.9133093962359355,7.133545208347609,2.670869747544348,0.18885448916408668,0.8111455108359134,0.009287925696594427,0.21981424148606812,9.918451309204102
80,20,0.2,dijkstra,True,True,38,38,313,0.0006483750003098976,19.338658146964857,444.52076677316296,21.083661133047148,0.9968051118210862,0.0,0.9840255591054313,0.0,0.0
80,20,0.2,manhattan,True,True,38,38,252,0.00064754099912534,0.46645367412140576,2.236421725239617,1.495467059229195,0.15335463258785942,0.0,0.038338658146964855,0.0,0.0
80,20,0.2,mlp_table,True,True,38,38,112,0.0006060839987185318,1.2353135549222318,3.4000324240227062,1.8439176836352285,0.11501597444089456,0.8817891373801917,0.038338658146964855,0.06070287539936102,4.437534332275391
80,20,0.2,unet,True,True,38,38,123,0.0006607920004171319,3.2371214228316236,18.09681782215749,4.25403547495287,0.08306709265175719,0.9169329073482428,0.019169329073482427,0.36741214057507987,12.339344024658203
81,20,0.2,dijkstra,True,True,38,38,321,0.000636500000837259,19.772585669781932,459.97196261682245,21.44695695470158,0.9968847352024922,0.0,0.9750778816199377,0.0,0.0
81,20,0.2,manhattan,True,True,38,38,237,0.0005392080001911381,0.6105919003115264,1.9688473520249221,1.4031562108421578,0.2336448598130841,0.0,0.0529595015576324,0.0,0.0
81,20,0.2,mlp_table,True,True,38,38,167,0.0008698749988980126,1.0330877500902456,1.89450169217972,1.3764089843428515,0.1526479750778816,0.8442367601246106,0.03115264797507788,0.0,2.959127426147461
81,20,0.2,unet,True,False,38,40,186,0.001209500000186381,2.329189820453014,8.522814687861596,2.919386012137072,0.18691588785046728,0.8130841121495327,0.021806853582554516,0.2866043613707165,8.622604370117188
82,20,0.2,dijkstra,True,True,38,38,330,0.0006694580006296746,19.133333333333333,430.6909090909091,20.75309396429624,0.996969696969697,0.0,0.9787878787878788,0.0,0.0
82,20,0.2,manhattan,True,True,38,38,270,0.0006440419983846368,0.3575757575757576,0.8363636363636363,0.9145291883606758,0.16666666666666666,0.0,0.00909090909090909,0.0,0.0
82,20,0.2,mlp_table,True,True,38,38,116,0.0006474170004366897,0.8874555985132854,1.4394390857837016,1.1997662629794612,0.08787878787878788,0.9090909090909091,0.0,0.030303030303030304,4.437534332275391
82,20,0.2,unet,True,True,38,38,175,0.0010123339998244774,1.7970558115930269,6.704569267262666,2.5893183016505845,0.2727272727272727,0.7272727272727273,0.006060606060606061,0.22121212121212122,9.554403305053711
83,20,0.2,dijkstra,True,True,38,38,333,0.0006941669998923317,19.3003003003003,436.963963963964,20.903683023906673,0.996996996996997,0.0,0.975975975975976,0.0,0.0
83,20,0.2,manhattan,True,True,38,38,251,0.0006049590010661632,0.3963963963963964,0.9129129129129129,0.9554647627793046,0.1831831831831832,0.0,0.015015015015015015,0.0,0.0
83,20,0.2,mlp_table,True,True,38,38,121,0.0006822499999543652,0.8245341974693734,1.0709751615793524,1.0348792980726556,0.05405405405405406,0.9429429429429429,0.0,0.0,2.8137683868408203
83,20,0.2,unet,True,True,38,38,192,0.001108833001126186,1.1639946724201466,2.5514669163193817,1.5973311855464982,0.45345345345345345,0.5465465465465466,0.015015015015015015,0.06006006006006006,5.445610046386719
84,20,0.2,dijkstra,True,True,38,38,331,0.0006701250003970927,20.55891238670695,482.73413897280966,21.971211595467594,0.9969788519637462,0.0,0.9879154078549849,0.0,0.0
84,20,0.2,manhattan,True,True,38,38,219,0.0005369999998947605,1.6797583081570997,9.716012084592146,3.117051825778992,0.36253776435045315,0.0,0.2628398791540785,0.0,0.0
84,20,0.2,mlp_table,True,True,38,38,101,0.0005889999993087258,1.2557723147631412,3.9542053921477947,1.9885183912017999,0.3564954682779456,0.6404833836858006,0.12386706948640483,0.0,2.4121017456054688
84,20,0.2,unet,True,True,38,38,117,0.0006733339996571885,2.7326596661996985,12.927924913307677,3.59554236705781,0.19939577039274925,0.8006042296072508,0.030211480362537766,0.2990936555891239,9.832462310791016
85,20,0.2,dijkstra,True,True,38,38,329,0.0006566669999301666,19.772036474164135,455.69300911854106,21.346967211258395,0.9969604863221885,0.0,0.9756838905775076,0.0,0.0
85,20,0.2,manhattan,True,True,38,38,222,0.0005220829989411868,0.8632218844984803,3.525835866261398,1.8777209234232328,0.2978723404255319,0.0,0.07598784194528875,0.0,0.0
85,20,0.2,mlp_table,True,True,38,38,101,0.0005943750002188608,0.7450114343666379,1.3254850047072821,1.1512970966293983,0.182370820668693,0.8145896656534954,0.0182370820668693,0.0,1.9508190155029297
85,20,0.2,unet,True,True,38,38,175,0.001152792001448688,1.0327482433666937,2.0075355559756867,1.4168752789062582,0.46504559270516715,0.5349544072948328,0.02127659574468085,0.0182370820668693,4.874416351318359
86,20,0.2,dijkstra,False,False,-1,-1,0,0.0,,,,,,,,
86,20,0.2,manhattan,False,False,-1,-1,0,0.0,,,,,,,,
86,20,0.2,mlp_table,False,False,-1,-1,0,0.0,,,,,,,,
86,20,0.2,unet,False,False,-1,-1,0,0.0,,,,,,,,
87,20,0.2,dijkstra,True,True,38,38,319,0.0006518329992104555,20.0282131661442,465.94043887147336,21.585653542838894,0.9968652037617555,0.0,0.9811912225705329,0.0,0.0
87,20,0.2,manhattan,True,True,38,38,173,0.0004107079985260498,1.3667711598746082,8.200626959247648,2.8636736823960316,0.3761755485893417,0.0,0.12852664576802508,0.0,0.0
87,20,0.2,mlp_table,True,True,38,38,89,0.0005424999999377178,1.0997860831526753,3.4923913735759324,1.8687940960886869,0.3072100313479624,0.6896551724137931,0.06896551724137931,0.0,2.3202762603759766
87,20,0.2,unet,True,True,38,38,118,0.0006852499991509831,2.1459891833481746,7.182770742145585,2.6800691674181816,0.13479623824451412,0.8652037617554859,0.018808777429467086,0.23510971786833856,6.7885894775390625
88,20,0.2,dijkstra,True,True,38,38,318,0.0006573330010724021,20.32389937106918,483.12264150943395,21.980050989691403,0.9968553459119497,0.0,0.9716981132075472,0.0,0.0
88,20,0.2,manhattan,True,True,38,38,258,0.0006390420003299369,1.150943396226415,10.50314465408805,3.24085554353909,0.2610062893081761,0.0,0.0880503144654088,0.0,0.0
88,20,0.2,mlp_table,True,True,38,38,134,0.0008128749996103579,1.1066152333463513,5.846434836051966,2.4179402052267474,0.2138364779874214,0.7830188679245284,0.05660377358490566,0.0,2.659409523010254
88,20,0.2,unet,True,True,38,38,124,0.0008468750002066372,2.4410513407029444,10.486313368261076,3.2382577674207895,0.11949685534591195,0.8805031446540881,0.025157232704402517,0.2830188679245283,7.641767501831055
89,20,0.2,dijkstra,True,True,38,38,322,0.0006547909997607348,20.565217391304348,486.49068322981367,22.056533799076718,0.9968944099378882,0.0,0.9720496894409938,0.0,0.0
89,20,0.2,manhattan,True,True,38,38,252,0.0006103750001784647,1.5838509316770186,12.08695652173913,3.4766300524702265,0.2888198757763975,0.0,0.17391304347826086,0.0,0.0
89,20,0.2,mlp_table,True,True,38,38,122,0.0007003749997238629,1.669773875186162,6.999681920370767,2.6456911989819916,0.30434782608695654,0.6925465838509317,0.15217391304347827,0.024844720496894408,3.9600563049316406
89,20,0.2,unet,True,True,38,38,103,0.0006188329989527119,2.463792304444757,10.333669182809398,3.21460249219237,0.30745341614906835,0.6925465838509317,0.10559006211180125,0.20186335403726707,10.343931198120117
90,20,0.2,dijkstra,True,True,42,42,320,0.0006397080014721723,20.340625,476.496875,21.828808373340035,0.996875,0.0,0.975,0.0,0.0
90,20,0.2,manhattan,True,True,42,42,235,0.0005350419996830169,1.425,7.025,2.6504716561397146,0.41875,0.0,0.171875,0.0,0.0
90,20,0.2,mlp_table,True,True,42,42,109,0.0006195409987412859,0.9408113960176706,2.614366456850641,1.6169002618747517,0.359375,0.6375,0.059375,0.0,1.9410762786865234
90,20,0.2,unet,True,True,42,42,157,0.000968250000369153,1.336048446968198,3.7822782578170595,1.9448080259545053,0.30625,0.69375,0.03125,0.071875,6.287437438964844
91,20,0.2,dijkstra,True,True,38,38,325,0.0006517080000776332,20.596923076923076,488.50461538461536,22.10214051590061,0.9969230769230769,0.0,0.9815384615384616,0.0,0.0
91,20,0.2,manhattan,True,True,38,38,259,0.0006090829992899671,1.44,7.4338461538461535,2.726508051307781,0.35384615384615387,0.0,0.2246153846153846,0.0,0.0
91,20,0.2,mlp_table,True,True,38,38,122,0.0006715830004395684,1.0504960199502797,2.4924578008654015,1.578751975728107,0.3723076923076923,0.6246153846153846,0.07384615384615385,0.0,2.09521484375
91,20,0.2,unet,True,True,38,38,148,0.0008502079999743728,2.1382011523613564,7.514471357292118,2.7412536105388203,0.11384615384615385,0.8861538461538462,0.018461538461538463,0.2246153846153846,8.303689956665039
92,20,0.2,dijkstra,True,True,38,38,337,0.0007097920006344793,19.4540059347181,447.43026706231456,21.15254753126239,0.9970326409495549,0.0,0.9703264094955489,0.0,0.0
92,20,0.2,manhattan,True,True,38,38,275,0.000651333000860177,0.5044510385756676,2.5044510385756675,1.5825457461241579,0.13056379821958458,0.0,0.0712166172106825,0.0,0.0
92,20,0.2,mlp_table,True,True,38,38,111,0.0006588329997612163,0.931730717862749,1.5018690394014125,1.2255076659904713,0.12759643916913946,0.8694362017804155,0.008902077151335312,0.01483679525222552,3.716862678527832
92,20,0.2,unet,True,True,38,38,202,0.0011804580008174526,1.1873598502014795,2.841280039000611,1.6856096935532292,0.4421364985163205,0.5578635014836796,0.008902077151335312,0.0771513353115727,5.989103317260742
93,20,0.2,dijkstra,True,True,38,38,316,0.0006930409999768017,19.42721518987342,444.36392405063293,21.079941272466414,0.9968354430379747,0.0,0.9683544303797469,0.0,0.0
93,20,0.2,manhattan,True,True,38,38,277,0.0006446669995057164,0.689873417721519,2.5949367088607596,1.6108807245916004,0.2310126582278481,0.0,0.0759493670886076,0.0,0.0
93,20,0.2,mlp_table,True,True,38,38,122,0.0006642499993176898,0.8280241613901114,1.2154307054041016,1.1024657388799444,0.1930379746835443,0.8037974683544303,0.006329113924050633,0.0031645569620253164,3.1064453125
93,20,0.2,unet,True,True,38,38,157,0.0008768329989834456,1.3466216325759888,3.627958634531597,1.9047200934865987,0.370253164556962,0.629746835443038,0.00949367088607595,0.11708860759493671,6.746410369873047
94,20,0.2,dijkstra,False,False,-1,-1,0,0.0,,,,,,,,
94,20,0.2,manhattan,False,False,-1,-1,0,0.0,,,,,,,,
94,20,0.2,mlp_table,False,False,-1,-1,0,0.0,,,,,,,,
94,20,0.2,unet,False,False,-1,-1,0,0.0,,,,,,,,
95,20,0.2,dijkstra,True,True,38,38,316,0.0006394159991032211,19.5,443.8987341772152,21.068904437042168,0.9968354430379747,0.0,0.9746835443037974,0.0,0.0
95,20,0.2,manhattan,True,True,38,38,250,0.000585750000027474,0.6708860759493671,2.1772151898734178,1.4755389489516764,0.25,0.0,0.06645569620253164,0.0,0.0
95,20,0.2,mlp_table,True,True,38,38,112,0.0006878750009491341,0.8907907691937459,1.547903558283223,1.2441477236579357,0.22468354430379747,0.7721518987341772,0.006329113924050633,0.04746835443037975,4.320276260375977
95,20,0.2,unet,True,True,38,38,142,0.0008587499996792758,1.53311185557631,5.238806624015461,2.288843949249372,0.2848101265822785,0.7151898734177216,0.006329113924050633,0.14556962025316456,8.271125793457031
96,20,0.2,dijkstra,True,True,38,38,328,0.000676042000122834,19.90548780487805,462.6128048780488,21.508435667850158,0.9969512195121951,0.0,0.9786585365853658,0.0,0.0
96,20,0.2,manhattan,True,True,38,38,243,0.0005682499995600665,0.9390243902439024,4.463414634146342,2.1126794915808556,0.2652439024390244,0.0,0.125,0.0,0.0
96,20,0.2,mlp_table,True,True,38,38,125,0.0007491670003219042,0.8244984967679512,1.4217457822732307,1.1923698177466715,0.20121951219512196,0.7957317073170732,0.03048780487804878,0.0,2.1429433822631836
96,20,0.2,unet,True,True,38,38,132,0.0007819999991625082,2.249431905223102,8.182889636709392,2.860575053500501,0.08536585365853659,0.9146341463414634,0.009146341463414634,0.28353658536585363,7.67637825012207
97,20,0.2,dijkstra,True,True,40,40,323,0.0006426669988286449,25.55246913580247,751.3055555555555,27.409953585432348,0.9969135802469136,0.0,0.9722222222222222,0.0,0.0
97,20,0.2,manhattan,True,True,40,40,253,0.0005996250001771841,6.604938271604938,90.0246913580247,9.488134240092975,0.8734567901234568,0.0,0.5154320987654321,0.0,0.0
97,20,0.2,mlp_table,True,True,40,40,195,0.0010985830012941733,5.656515308736283,70.19739063981838,8.378388308011177,0.8518518518518519,0.14506172839506173,0.42592592592592593,0.0,2.372624397277832
97,20,0.2,unet,True,True,40,40,190,0.001354333999188384,5.548822756534741,64.00873196268887,8.000545729054291,0.6574074074074074,0.3425925925925926,0.41358024691358025,0.08024691358024691,5.098628997802734
98,20,0.2,dijkstra,True,True,38,38,296,0.0005795830002170987,21.760135135135137,531.347972972973,23.050986377441053,0.9966216216216216,0.0,0.9695945945945946,0.0,0.0
98,20,0.2,manhattan,True,True,38,38,200,0.0004526249995251419,2.4121621621621623,14.878378378378379,3.8572501057590727,0.5405405405405406,0.0,0.2972972972972973,0.0,0.0
98,20,0.2,mlp_table,True,True,38,38,125,0.000666375000946573,1.6754211561905372,6.851356736769879,2.61750964406435,0.5540540540540541,0.44256756756756754,0.2195945945945946,0.0,1.0795416831970215
98,20,0.2,unet,True,True,38,38,175,0.0009054170004674233,2.7507391004143535,11.616778795233172,3.408339595056979,0.23648648648648649,0.7635135135135135,0.05067567567567568,0.2972972972972973,10.034996032714844
99,20,0.2,dijkstra,True,True,38,38,318,0.0006382500014296966,20.38993710691824,486.7672955974843,22.062803439216065,0.9968553459119497,0.0,0.9779874213836478,0.0,0.0
99,20,0.2,manhattan,True,True,38,38,214,0.0004895829988527112,1.2578616352201257,5.408805031446541,2.325683777181786,0.3836477987421384,0.0,0.16037735849056603,0.0,0.0
99,20,0.2,mlp_table,True,True,38,38,126,0.000713333000021521,0.907510537396437,2.1863061221480753,1.478616286312333,0.31446540880503143,0.6823899371069182,0.0660377358490566,0.0,1.8763408660888672
99,20,0.2,unet,True,True,38,38,128,0.0007744159993308131,2.3304820986663772,8.706589208493721,2.9506930047861166,0.10062893081761007,0.89937106918239,0.009433962264150943,0.27044025157232704,7.465091705322266
0,20,0.3,dijkstra,True,True,38,38,283,0.0005505839999386808,21.054982817869416,516.8762886597938,22.73491342978446,0.9965635738831615,0.0,0.9725085910652921,0.0,0.0
0,20,0.3,manhattan,True,True,38,38,151,0.0003391249993001111,1.8556701030927836,9.649484536082474,3.106361945440755,0.45017182130584193,0.0,0.281786941580756,0.0,0.0
0,20,0.3,mlp_table,True,True,38,38,119,0.0006598330000997521,1.3910643648855465,4.398061447751552,2.0971555611712622,0.3951890034364261,0.6013745704467354,0.14432989690721648,0.0,2.377312660217285
0,20,0.3,unet,True,True,38,38,119,0.0006391249989974312,4.708032371252263,28.496377850351834,5.338199869839254,0.08247422680412371,0.9175257731958762,0.024054982817869417,0.7216494845360825,13.788679122924805
1,20,0.3,dijkstra,True,True,38,38,258,0.0004992919984943001,22.112403100775193,558.2054263565891,23.626371417477316,0.9961240310077519,0.0,0.9844961240310077,0.0,0.0
1,20,0.3,manhattan,True,True,38,38,152,0.00034866700116253924,3.201550387596899,23.3953488372093,4.836873870301902,0.5542635658914729,0.0,0.4186046511627907,0.0,0.0
1,20,0.3,mlp_table,True,True,38,38,115,0.0006164160004118457,2.5864492192748907,13.63533448296392,3.692605378721631,0.5813953488372093,0.41472868217054265,0.3798449612403101,0.0,1.6286182403564453
1,20,0.3,unet,True,True,38,38,171,0.0008454159997199895,6.211410969726799,57.66263862728314,7.593591945007523,0.16279069767441862,0.8372093023255814,0.04263565891472868,0.6007751937984496,14.742534637451172
2,20,0.3,dijkstra,False,False,-1,-1,0,0.0,,,,,,,,
2,20,0.3,manhattan,False,False,-1,-1,0,0.0,,,,,,,,
2,20,0.3,mlp_table,False,False,-1,-1,0,0.0,,,,,,,,
2,20,0.3,unet,False,False,-1,-1,0,0.0,,,,,,,,
3,20,0.3,dijkstra,True,True,38,38,290,0.0005807499983347952,21.713793103448275,549.7827586206896,23.44744673990517,0.996551724137931,0.0,0.9827586206896551,0.0,0.0
3,20,0.3,manhattan,True,True,38,38,201,0.0004587920011545066,2.689655172413793,18.06896551724138,4.250760581030338,0.5758620689655173,0.0,0.3724137931034483,0.0,0.0
3,20,0.3,mlp_table,True,True,38,38,109,0.0006038749997969717,1.9631717266707585,9.910500314193651,3.1480947117572007,0.6,0.39655172413793105,0.19655172413793104,0.0,1.4295825958251953
3,20,0.3,unet,True,True,38,38,89,0.0004965830012224615,3.894643818098923,21.550039307892987,4.642201989131126,0.23448275862068965,0.7655172413793103,0.10344827586206896,0.46206896551724136,12.491899490356445
4,20,0.3,dijkstra,False,False,-1,-1,0,0.0,,,,,,,,
4,20,0.3,manhattan,False,False,-1,-1,0,0.0,,,,,,,,
4,20,0.3,mlp_table,False,False,-1,-1,0,0.0,,,,,,,,
4,20,0.3,unet,False,False,-1,-1,0,0.0,,,,,,,,
5,20,0.3,dijkstra,False,False,-1,-1,0,0.0,,,,,,,,
5,20,0.3,manhattan,False,False,-1,-1,0,0.0,,,,,,,,
5,20,0.3,mlp_table,False,False,-1,-1,0,0.0,,,,,,,,
5,20,0.3,unet,False,False,-1,-1,0,0.0,,,,,,,,
6,20,0.3,dijkstra,False,False,-1,-1,0,0.0,,,,,,,,
6,20,0.3,manhattan,False,False,-1,-1,0,0.0,,,,,,,,
6,20,0.3,mlp_table,False,False,-1,-1,0,0.0,,,,,,,,
6,20,0.3,unet,False,False,-1,-1,0,0.0,,,,,,,,
7,20,0.3,dijkstra,True,True,38,38,250,0.000487833000079263,21.409266409266408,511.7722007722008,22.62238273861091,0.9961389961389961,0.0,0.9806949806949807,0.0,0.0
7,20,0.3,manhattan,True,True,38,38,141,0.0003215830001863651,3.081081081081081,34.51737451737452,5.875148893208965,0.4555984555984556,0.0,0.33204633204633205,0.0,0.0
7,20,0.3,mlp_table,True,True,38,38,113,0.0006214169989107177,2.416678449361941,23.185769855651333,4.815160418475311,0.44015444015444016,0.555984555984556,0.2277992277992278,0.0,1.4295825958251953
7,20,0.3,unet,True,True,38,38,114,0.0005889170006412314,4.906399437819669,30.691810638438064,5.540019010656738,0.09266409266409266,0.9073359073359073,0.04247104247104247,0.7606177606177607,10.502506256103516
8,20,0.3,dijkstra,False,False,-1,-1,0,0.0,,,,,,,,
8,20,0.3,manhattan,False,False,-1,-1,0,0.0,,,,,,,,
8,20,0.3,mlp_table,False,False,-1,-1,0,0.0,,,,,,,,
8,20,0.3,unet,False,False,-1,-1,0,0.0,,,,,,,,
9,20,0.3,dijkstra,True,True,38,38,251,0.00048666700058674905,21.838582677165356,562.003937007874,23.706622218440863,0.9960629921259843,0.0,0.968503937007874,0.0,0.0
9,20,0.3,manhattan,True,True,38,38,131,0.00032004199965740554,3.173228346456693,38.91338582677165,6.238059460022135,0.468503937007874,0.0,0.2992125984251969,0.0,0.0
9,20,0.3,mlp_table,True,True,38,38,89,0.0005505410008481704,2.5339939899331942,24.86096663413406,4.986077279197953,0.4881889763779528,0.5078740157480315,0.23622047244094488,0.0,1.654952049255371
9,20,0.3,unet,True,True,38,38,113,0.0006376659985107835,2.0160756341115698,13.443146012172567,3.6664896034453127,0.33858267716535434,0.6614173228346457,0.09448818897637795,0.08661417322834646,4.910160064697266
10,20,0.3,dijkstra,False,False,-1,-1,0,0.0,,,,,,,,
10,20,0.3,manhattan,False,False,-1,-1,0,0.0,,,,,,,,
10,20,0.3,mlp_table,False,False,-1,-1,0,0.0,,,,,,,,
10,20,0.3,unet,False,False,-1,-1,0,0.0,,,,,,,,
11,20,0.3,dijkstra,False,False,-1,-1,0,0.0,,,,,,,,
11,20,0.3,manhattan,False,False,-1,-1,0,0.0,,,,,,,,
11,20,0.3,mlp_table,False,False,-1,-1,0,0.0,,,,,,,,
11,20,0.3,unet,False,False,-1,-1,0,0.0,,,,,,,,
12,20,0.3,dijkstra,True,True,38,38,280,0.0005503749998752028,20.83629893238434,517.3274021352313,22.744832427064203,0.99644128113879,0.0,0.9786476868327402,0.0,0.0
12,20,0.3,manhattan,True,True,38,38,108,0.00024391599981754553,2.092526690391459,15.686832740213523,3.9606606444144545,0.44483985765124556,0.0,0.2669039145907473,0.0,0.0
12,20,0.3,mlp_table,True,True,38,38,71,0.00039208300040627364,1.807202280204067,11.261437548895273,3.355806542233219,0.40569395017793597,0.5907473309608541,0.13167259786476868,0.0,2.8137683868408203
12,20,0.3,unet,True,True,38,38,101,0.0005576670009759255,4.084818891783202,23.25357093934506,4.822195655440067,0.12811387900355872,0.8718861209964412,0.03202846975088968,0.5658362989323843,10.875129699707031
13,20,0.3,dijkstra,False,False,-1,-1,0,0.0,,,,,,,,
13,20,0.3,manhattan,False,False,-1,-1,0,0.0,,,,,,,,
13,20,0.3,mlp_table,False,False,-1,-1,0,0.0,,,,,,,,
13,20,0.3,unet,False,False,-1,-1,0,0.0,,,,,,,,
14,20,0.3,dijkstra,True,True,38,38,257,0.0005250419999356382,20.481617647058822,496.62132352941177,22.285002210666523,0.9963235294117647,0.0,0.9779411764705882,0.0,0.0
14,20,0.3,manhattan,True,True,38,38,126,0.00029070799973851535,1.6911764705882353,10.382352941176471,3.2221658773527584,0.35661764705882354,0.0,0.22794117647058823,0.0,0.0
14,20,0.3,mlp_table,True,True,38,38,79,0.00045116699948266614,1.5657291092416818,5.77036575996083,2.402158562618386,0.34558823529411764,0.6507352941176471,0.16176470588235295,0.003676470588235294,3.2236061096191406
14,20,0.3,unet,True,True,38,38,149,0.0007365419987763744,7.188344094683142,68.653524916668,8.285742267091585,0.09191176470588236,0.9080882352941176,0.01838235294117647,0.8382352941176471,18.566143035888672
15,20,0.3,dijkstra,True,True,40,40,290,0.0005687079992640065,23.286206896551725,605.9896551724138,24.616857134338122,0.996551724137931,0.0,0.9827586206896551,0.0,0.0
15,20,0.3,manhattan,True,True,40,40,159,0.00045074999979988206,4.43448275862069,38.44137931034483,6.2001112337074105,0.9413793103448276,0.0,0.3896551724137931,0.0,0.0
15,20,0.3,mlp_table,True,True,40,40,145,0.0007722080008534249,3.4147612234641764,25.705844687346023,5.070093163576585,0.9275862068965517,0.06896551724137931,0.3310344827586207,0.0,1.207629680633545
15,20,0.3,unet,True,True,40,40,278,0.0013171659993531648,4.669183412091486,33.159558108819354,5.758433650639673,0.13448275862068965,0.8655172413793103,0.03793103448275862,0.6,19.06081199645996
16,20,0.3,dijkstra,True,True,38,38,219,0.0004286249986762414,23.68018018018018,659.7342342342342,25.685292177318797,0.9954954954954955,0.0,0.9819819819819819,0.0,0.0
16,20,0.3,manhattan,True,True,38,38,81,0.0001857919996837154,4.4774774774774775,60.630630630630634,7.7865673201116445,0.5585585585585585,0.0,0.3918918918918919,0.0,0.0
16,20,0.3,mlp_table,True,True,38,38,65,0.000362958999176044,3.8109994675662064,44.367921732066925,6.660924990725157,0.5675675675675675,0.42792792792792794,0.34684684684684686,0.0,1.2666196823120117
16,20,0.3,unet,True,True,38,38,119,0.0005649169997923309,6.334515240815309,53.48609889664078,7.313419097565842,0.21621621621621623,0.7837837837837838,0.13063063063063063,0.6486486486486487,14.727603912353516
17,20,0.3,dijkstra,True,True,38,38,268,0.0005267090000415919,21.94160583941606,554.0948905109489,23.53922026132023,0.9963503649635036,0.0,0.9817518248175182,0.0,0.0
17,20,0.3,manhattan,True,True,38,38,143,0.00032770900179457385,2.7153284671532845,19.474452554744527,4.4129868065454865,0.551094890510949,0.0,0.3102189781021898,0.0,0.0
17,20,0.3,mlp_table,True,True,38,38,104,0.0005798750007670606,2.0474039977484377,9.92774598772435,3.15083258643241,0.5656934306569343,0.4306569343065693,0.26277372262773724,0.0,1.654952049255371
17,20,0.3,unet,True,True,38,38,75,0.000425375001213979,2.953294711391421,12.277458950317701,3.5039205114154206,0.15328467153284672,0.8467153284671532,0.010948905109489052,0.4489051094890511,9.177541732788086
18,20,0.3,dijkstra,True,True,68,68,271,0.0005022079985792516,38.32841328413284,1898.3726937269373,43.570318953697566,0.996309963099631,0.0,0.985239852398524,0.0,0.0
18,20,0.3,manhattan,True,True,68,68,248,0.0005183329994906671,19.55719557195572,589.5793357933579,24.281254823286172,0.8413284132841329,0.0,0.7896678966789668,0.0,0.0
18,20,0.3,mlp_table,True,True,68,68,242,0.001105041999835521,18.68039267485432,550.3946488498623,23.460491232066353,0.8376383763837638,0.15867158671586715,0.7859778597785978,0.0,2.1429433822631836
18,20,0.3,unet,True,True,68,68,219,0.001038374999552616,17.501206183345555,443.62436598949654,21.06239221905946,0.5682656826568265,0.4317343173431734,0.5498154981549815,0.36900369003690037,11.316070556640625
19,20,0.3,dijkstra,True,True,38,38,266,0.0005245840002316982,21.206766917293233,532.921052631579,23.085082902852633,0.9962406015037594,0.0,0.9736842105263158,0.0,0.0
19,20,0.3,manhattan,True,True,38,38,115,0.00025674999960756395,2.398496240601504,15.924812030075188,3.9905904362732074,0.5714285714285714,0.0,0.2631578947368421,0.0,0.0
19,20,0.3,mlp_table,True,True,38,38,84,0.0004657499994209502,2.0113032549843752,10.784580624180846,3.2839885237590045,0.48872180451127817,0.5075187969924813,0.22180451127819548,0.0,2.910266876220703
19,20,0.3,unet,True,True,38,38,96,0.0005951659986749291,3.4385433497285485,20.063444388737917,4.479223636830151,0.18796992481203006,0.8120300751879699,0.12030075187969924,0.2857142857142857,13.97195816040039
20,20,0.3,dijkstra,False,False,-1,-1,0,0.0,,,,,,,,
20,20,0.3,manhattan,False,False,-1,-1,0,0.0,,,,,,,,
20,20,0.3,mlp_table,False,False,-1,-1,0,0.0,,,,,,,,
20,20,0.3,unet,False,False,-1,-1,0,0.0,,,,,,,,
21,20,0.3,dijkstra,True,True,38,38,278,0.0005436659994302318,21.910394265232974,536.3978494623656,23.160264451477353,0.996415770609319,0.0,0.974910394265233,0.0,0.0
21,20,0.3,manhattan,True,True,38,38,119,0.000269042000581976,2.5304659498207887,17.706093189964157,4.207860880538252,0.5698924731182796,0.0,0.26523297491039427,0.0,0.0
21,20,0.3,mlp_table,True,True,38,38,83,0.0004611250005837064,1.7951091322847592,10.248151918705606,3.2012734838975576,0.5376344086021505,0.45878136200716846,0.18996415770609318,0.0,1.0795416831970215
21,20,0.3,unet,True,True,38,38,160,0.0007798339993314585,4.69926874697422,31.541847666711355,5.6162129292532486,0.17921146953405018,0.8207885304659498,0.06093189964157706,0.6093189964157706,12.030925750732422
22,20,0.3,dijkstra,False,False,-1,-1,0,0.0,,,,,,,,
22,20,0.3,manhattan,False,False,-1,-1,0,0.0,,,,,,,,
22,20,0.3,mlp_table,False,False,-1,-1,0,0.0,,,,,,,,
22,20,0.3,unet,False,False,-1,-1,0,0.0,,,,,,,,
23,20,0.3,dijkstra,True,True,38,38,287,0.0005721670004277257,19.972125435540068,466.42508710801394,21.59687679059206,0.9965156794425087,0.0,0.9651567944250871,0.0,0.0
23,20,0.3,manhattan,True,True,38,38,184,0.00047554100092384033,1.10801393728223,3.2195121951219514,1.7942999178292216,0.445993031358885,0.0,0.09059233449477352,0.0,0.0
23,20,0.3,mlp_table,True,True,38,38,102,0.0005878339998162119,1.1032229902852289,2.2837311797254443,1.5112018990609575,0.3623693379790941,0.6341463414634146,0.04878048780487805,0.013937282229965157,3.5670223236083984
23,20,0.3,unet,True,False,38,40,124,0.0006753749985364266,3.473089253860899,18.4153242613984,4.2913079895759525,0.12195121951219512,0.8780487804878049,0.006968641114982578,0.4878048780487805,11.491718292236328
24,20,0.3,dijkstra,True,True,38,38,223,0.0004306249993533129,20.304347826086957,494.2028985507246,22.230674720995864,0.9963768115942029,0.0,0.9710144927536232,0.0,0.0
24,20,0.3,manhattan,True,True,38,38,109,0.0002461670010234229,1.7391304347826086,13.971014492753623,3.73778202852355,0.3333333333333333,0.0,0.1956521739130435,0.0,0.0
24,20,0.3,mlp_table,True,True,38,38,66,0.0005029999992984813,1.82689905728119,9.02240040684253,3.0037310809795423,0.3115942028985507,0.6847826086956522,0.17028985507246377,0.018115942028985508,3.7261009216308594
24,20,0.3,unet,True,True,38,38,77,0.00042783400022017304,4.060638273107832,25.21134728676129,5.0210902488166145,0.16304347826086957,0.8369565217391305,0.08695652173913043,0.4927536231884058,13.335678100585938
25,20,0.3,dijkstra,False,False,-1,-1,0,0.0,,,,,,,,
25,20,0.3,manhattan,False,False,-1,-1,0,0.0,,,,,,,,
25,20,0.3,mlp_table,False,False,-1,-1,0,0.0,,,,,,,,
25,20,0.3,unet,False,False,-1,-1,0,0.0,,,,,,,,
26,20,0.3,dijkstra,False,False,-1,-1,0,0.0,,,,,,,,
26,20,0.3,manhattan,False,False,-1,-1,0,0.0,,,,,,,,
26,20,0.3,mlp_table,False,False,-1,-1,0,0.0,,,,,,,,
26,20,0.3,unet,False,False,-1,-1,0,0.0,,,,,,,,
27,20,0.3,dijkstra,False,False,-1,-1,0,0.0,,,,,,,,
27,20,0.3,manhattan,False,False,-1,-1,0,0.0,,,,,,,,
27,20,0.3,mlp_table,False,False,-1,-1,0,0.0,,,,,,,,
27,20,0.3,unet,False,False,-1,-1,0,0.0,,,,,,,,
28,20,0.3,dijkstra,True,True,40,40,241,0.00047033400005602743,23.181069958847736,606.7695473251028,24.632692652755257,0.9958847736625515,0.0,0.9753086419753086,0.0,0.0
28,20,0.3,manhattan,True,True,40,40,159,0.00035933300023316406,4.559670781893004,32.13168724279836,5.668481916950812,0.8559670781893004,0.0,0.6172839506172839,0.0,0.0
28,20,0.3,mlp_table,True,True,40,40,149,0.0008524579989170888,3.6201019046728504,19.863405416765673,4.456838051440244,0.8518518518518519,0.1440329218106996,0.5596707818930041,0.0,1.654952049255371
28,20,0.3,unet,True,True,40,40,241,0.0010730829999374691,8.561062416422024,107.52427047843867,10.36939103701074,0.13991769547325103,0.8600823045267489,0.0823045267489712,0.7489711934156379,29.564594268798828
29,20,0.3,dijkstra,False,False,-1,-1,0,0.0,,,,,,,,
29,20,0.3,manhattan,False,False,-1,-1,0,0.0,,,,,,,,
29,20,0.3,mlp_table,False,False,-1,-1,0,0.0,,,,,,,,
29,20,0.3,unet,False,False,-1,-1,0,0.0,,,,,,,,
30,20,0.3,dijkstra,True,True,46,46,222,0.00043029199878219515,26.47826086956522,884.8260869565217,29.746026406169307,0.9963768115942029,0.0,0.9710144927536232,0.0,0.0
30,20,0.3,manhattan,True,True,46,46,177,0.0003831249996437691,7.36231884057971,102.72463768115942,10.135316358217903,0.7971014492753623,0.0,0.6884057971014492,0.0,0.0
30,20,0.3,mlp_table,True,True,46,46,171,0.000994541998807108,6.619873433441356,91.05842638162527,9.542453897275337,0.717391304347826,0.27898550724637683,0.6521739130434783,0.0,2.347749710083008
30,20,0.3,unet,True,True,46,46,173,0.0008613749996584374,8.149975315384243,88.22290313875516,9.39270478290227,0.42391304347826086,0.5760869565217391,0.34782608695652173,0.47101449275362317,17.444976806640625
31,20,0.3,dijkstra,False,False,-1,-1,0,0.0,,,,,,,,
31,20,0.3,manhattan,False,False,-1,-1,0,0.0,,,,,,,,
31,20,0.3,mlp_table,False,False,-1,-1,0,0.0,,,,,,,,
31,20,0.3,unet,False,False,-1,-1,0,0.0,,,,,,,,
32,20,0.3,dijkstra,False,False,-1,-1,0,0.0,,,,,,,,
32,20,0.3,manhattan,False,False,-1,-1,0,0.0,,,,,,,,
32,20,0.3,mlp_table,False,False,-1,-1,0,0.0,,,,,,,,
32,20,0.3,unet,False,False,-1,-1,0,0.0,,,,,,,,
33,20,0.3,dijkstra,True,True,38,38,256,0.0004969170004187617,20.08203125,477.73046875,21.857046203684522,0.99609375,0.0,0.96875,0.0,0.0
33,20,0.3,manhattan,True,True,38,38,183,0.0004188330003671581,1.078125,6.09375,2.468552207266437,0.2734375,0.0,0.13671875,0.0,0.0
33,20,0.3,mlp_table,True,True,38,38,111,0.0006488750004791655,1.0537196253426373,3.184188893593179,1.784429570925448,0.23828125,0.7578125,0.08203125,0.0,2.6768970489501953
33,20,0.3,unet,True,True,38,38,77,0.0004740839995065471,3.461920101195574,19.220770432060778,4.384149909852625,0.09375,0.90625,0.0078125,0.41796875,11.670509338378906
34,20,0.3,dijkstra,True,True,38,38,270,0.0005225419990892988,21.666666666666668,533.5481481481481,23.0986611765303,0.9962962962962963,0.0,0.9777777777777777,0.0,0.0
34,20,0.3,manhattan,True,True,38,38,161,0.00036175000059301965,2.3777777777777778,18.533333333333335,4.305035810923451,0.43333333333333335,0.0,0.2962962962962963,0.0,0.0
34,20,0.3,mlp_table,True,True,38,38,109,0.0005926249996264232,1.8290163803983617,10.4893272678063,3.238723092177888,0.4703703703703704,0.5259259259259259,0.18518518518518517,0.0,1.5388965606689453
34,20,0.3,unet,True,True,38,38,143,0.0007449579989042832,3.8351394008707116,23.09413408700293,4.805635658994857,0.23333333333333334,0.7666666666666667,0.07037037037037037,0.44814814814814813,12.272102355957031
35,20,0.3,dijkstra,False,False,-1,-1,0,0.0,,,,,,,,
35,20,0.3,manhattan,False,False,-1,-1,0,0.0,,,,,,,,
35,20,0.3,mlp_table,False,False,-1,-1,0,0.0,,,,,,,,
35,20,0.3,unet,False,False,-1,-1,0,0.0,,,,,,,,
36,20,0.3,dijkstra,True,True,38,38,295,0.0005780410010629566,19.54915254237288,457.9220338983051,21.399112923163546,0.9966101694915255,0.0,0.9661016949152542,0.0,0.0
36,20,0.3,manhattan,True,True,38,38,95,0.00021712499983550515,0.9084745762711864,4.5288135593220336,2.1281009278984007,0.24067796610169492,0.0,0.12203389830508475,0.0,0.0
36,20,0.3,mlp_table,True,True,38,38,61,0.0003594170011638198,1.3906738721718221,4.137069450592216,2.033978724223097,0.23389830508474577,0.7627118644067796,0.06440677966101695,0.05084745762711865,4.694330215454102
36,20,0.3,unet,True,True,38,38,69,0.0003879590003634803,2.8465591503401932,12.85031772393424,3.584733982310855,0.15254237288135594,0.847457627118644,0.02711864406779661,0.3694915254237288,11.173297882080078
37,20,0.3,dijkstra,False,False,-1,-1,0,0.0,,,,,,,,
37,20,0.3,manhattan,False,False,-1,-1,0,0.0,,,,,,,,
37,20,0.3,mlp_table,False,False,-1,-1,0,0.0,,,,,,,,
37,20,0.3,unet,False,False,-1,-1,0,0.0,,,,,,,,
38,20,0.3,dijkstra,False,False,-1,-1,0,0.0,,,,,,,,
38,20,0.3,manhattan,False,False,-1,-1,0,0.0,,,,,,,,
38,20,0.3,mlp_table,False,False,-1,-1,0,0.0,,,,,,,,
38,20,0.3,unet,False,False,-1,-1,0,0.0,,,,,,,,
39,20,0.3,dijkstra,False,False,-1,-1,0,0.0,,,,,,,,
39,20,0.3,manhattan,False,False,-1,-1,0,0.0,,,,,,,,
39,20,0.3,mlp_table,False,False,-1,-1,0,0.0,,,,,,,,
39,20,0.3,unet,False,False,-1,-1,0,0.0,,,,,,,,
40,20,0.3,dijkstra,False,False,-1,-1,0,0.0,,,,,,,,
40,20,0.3,manhattan,False,False,-1,-1,0,0.0,,,,,,,,
40,20,0.3,mlp_table,False,False,-1,-1,0,0.0,,,,,,,,
40,20,0.3,unet,False,False,-1,-1,0,0.0,,,,,,,,
41,20,0.3,dijkstra,False,False,-1,-1,0,0.0,,,,,,,,
41,20,0.3,manhattan,False,False,-1,-1,0,0.0,,,,,,,,
41,20,0.3,mlp_table,False,False,-1,-1,0,0.0,,,,,,,,
41,20,0.3,unet,False,False,-1,-1,0,0.0,,,,,,,,
42,20,0.3,dijkstra,True,True,44,44,142,0.0002679999997781124,24.933774834437084,772.9205298013245,27.80144833999345,0.9933774834437086,0.0,0.9403973509933775,0.0,0.0
42,20,0.3,manhattan,True,True,44,44,135,0.0002841669993358664,6.781456953642384,63.09933774834437,7.9435091583219295,0.8278145695364238,0.0,0.8145695364238411,0.0,0.0
42,20,0.3,mlp_table,True,True,44,44,120,0.0005561660000239499,5.803418251852326,45.42906420004106,6.740108619305854,0.8344370860927153,0.15894039735099338,0.8145695364238411,0.0,2.6016063690185547
42,20,0.3,unet,True,True,44,44,98,0.0004767499995068647,3.2074402152307777,17.819054017468265,4.221262135602131,0.5298013245033113,0.47019867549668876,0.2582781456953642,0.17218543046357615,11.329984664916992
43,20,0.3,dijkstra,True,True,40,40,162,0.00030825000067125075,23.635687732342006,658.4981412639405,25.661218623906787,0.9962825278810409,0.0,0.9702602230483272,0.0,0.0
43,20,0.3,manhattan,True,True,40,40,132,0.0002864580001187278,4.237918215613383,33.69516728624535,5.8047538523390765,0.8401486988847584,0.0,0.5130111524163569,0.0,0.0
43,20,0.3,mlp_table,True,True,40,40,115,0.0005805830005556345,3.4969368853976737,24.287447141633688,4.928229615352119,0.7992565055762082,0.1970260223048327,0.45353159851301117,0.0037174721189591076,3.0135278701782227
43,20,0.3,unet,True,True,40,40,122,0.0005965000000287546,3.799163356589562,21.804734438527557,4.6695539871092135,0.3940520446096654,0.6059479553903345,0.21561338289962825,0.34572490706319703,10.626697540283203
44,20,0.3,dijkstra,False,False,-1,-1,0,0.0,,,,,,,,
44,20,0.3,manhattan,False,False,-1,-1,0,0.0,,,,,,,,
44,20,0.3,mlp_table,False,False,-1,-1,0,0.0,,,,,,,,
44,20,0.3,unet,False,False,-1,-1,0,0.0,,,,,,,,
45,20,0.3,dijkstra,True,True,48,48,295,0.0005780409992439672,23.840677966101694,700.1525423728814,26.460395733489726,0.9966101694915255,0.0,0.9661016949152542,0.0,0.0
45,20,0.3,manhattan,True,True,48,48,218,0.00048266699923260603,5.3830508474576275,64.37966101694916,8.023693726517056,0.6203389830508474,0.0,0.4847457627118644,0.0,0.0
45,20,0.3,mlp_table,True,True,48,48,169,0.0008714169998711441,4.702717042777498,51.08268976834699,7.147215525527895,0.576271186440678,0.42033898305084744,0.4406779661016949,0.0,1.8839330673217773
45,20,0.3,unet,True,True,48,48,139,0.0007244579992402578,3.6131556329080614,32.7173983419537,5.719912441808327,0.5084745762711864,0.4915254237288136,0.33559322033898303,0.04406779661016949,5.219263076782227
46,20,0.3,dijkstra,False,False,-1,-1,0,0.0,,,,,,,,
46,20,0.3,manhattan,False,False,-1,-1,0,0.0,,,,,,,,
46,20,0.3,mlp_table,False,False,-1,-1,0,0.0,,,,,,,,
46,20,0.3,unet,False,False,-1,-1,0,0.0,,,,,,,,
47,20,0.3,dijkstra,False,False,-1,-1,0,0.0,,,,,,,,
47,20,0.3,manhattan,False,False,-1,-1,0,0.0,,,,,,,,
47,20,0.3,mlp_table,False,False,-1,-1,0,0.0,,,,,,,,
47,20,0.3,unet,False,False,-1,-1,0,0.0,,,,,,,,
48,20,0.3,dijkstra,False,False,-1,-1,0,0.0,,,,,,,,
48,20,0.3,manhattan,False,False,-1,-1,0,0.0,,,,,,,,
48,20,0.3,mlp_table,False,False,-1,-1,0,0.0,,,,,,,,
48,20,0.3,unet,False,False,-1,-1,0,0.0,,,,,,,,
49,20,0.3,dijkstra,True,True,38,38,267,0.0005185829995753011,23.45692883895131,645.943820224719,25.415424848401003,0.9962546816479401,0.0,0.9812734082397003,0.0,0.0
49,20,0.3,manhattan,True,True,38,38,118,0.00026650000108929817,4.322097378277154,56.61423220973783,7.524242965889514,0.5543071161048689,0.0,0.41947565543071164,0.0,0.0
49,20,0.3,mlp_table,True,True,38,38,91,0.0004935830002068542,3.612034920003084,40.20500734193251,6.340741860534342,0.5842696629213483,0.41198501872659177,0.31086142322097376,0.0,1.1722354888916016
49,20,0.3,unet,True,True,38,38,74,0.0004227499994158279,4.441367882467834,30.3117583382468,5.505611531723502,0.352059925093633,0.6479400749063671,0.21348314606741572,0.38202247191011235,10.676464080810547
50,20,0.3,dijkstra,True,True,38,38,285,0.000558583999008988,20.010526315789473,478.5578947368421,21.875966144077893,0.9964912280701754,0.0,0.9719298245614035,0.0,0.0
50,20,0.3,manhattan,True,True,38,38,164,0.00037833400165254716,1.3754385964912281,9.403508771929825,3.066514107570651,0.312280701754386,0.0,0.15087719298245614,0.0,0.0
50,20,0.3,mlp_table,True,True,38,38,93,0.0005430410001281416,1.5573760773006238,5.696416292255214,2.3867166342603836,0.2982456140350877,0.6982456140350877,0.11929824561403508,0.03508771929824561,4.437534332275391
50,20,0.3,unet,True,True,38,38,93,0.0005571660003624856,2.247802570409942,8.875552454191066,2.9791865423620365,0.25263157894736843,0.7473684210526316,0.017543859649122806,0.25263157894736843,9.667362213134766
51,20,0.3,dijkstra,False,False,-1,-1,0,0.0,,,,,,,,
51,20,0.3,manhattan,False,False,-1,-1,0,0.0,,,,,,,,
51,20,0.3,mlp_table,False,False,-1,-1,0,0.0,,,,,,,,
51,20,0.3,unet,False,False,-1,-1,0,0.0,,,,,,,,
52,20,0.3,dijkstra,True,True,38,38,246,0.0004702499991253717,21.772,542.692,23.295750685479103,0.996,0.0,0.972,0.0,0.0
52,20,0.3,manhattan,True,True,38,38,170,0.0003922079995390959,2.416,19.296,4.39272125225355,0.408,0.0,0.292,0.0,0.0
52,20,0.3,mlp_table,True,True,38,38,88,0.000509625000631786,2.021535587787628,11.080719838091293,3.3287715208604047,0.448,0.548,0.228,0.0,1.2958660125732422
52,20,0.3,unet,True,True,38,38,118,0.0006491250005637994,2.6528000288009643,10.283127195764648,3.206731544074846,0.208,0.792,0.06,0.276,9.972099304199219
53,20,0.3,dijkstra,False,False,-1,-1,0,0.0,,,,,,,,
53,20,0.3,manhattan,False,False,-1,-1,0,0.0,,,,,,,,
53,20,0.3,mlp_table,False,False,-1,-1,0,0.0,,,,,,,,
53,20,0.3,unet,False,False,-1,-1,0,0.0,,,,,,,,
54,20,0.3,dijkstra,False,False,-1,-1,0,0.0,,,,,,,,
54,20,0.3,manhattan,False,False,-1,-1,0,0.0,,,,,,,,
54,20,0.3,mlp_table,False,False,-1,-1,0,0.0,,,,,,,,
54,20,0.3,unet,False,False,-1,-1,0,0.0,,,,,,,,
55,20,0.3,dijkstra,False,False,-1,-1,0,0.0,,,,,,,,
55,20,0.3,manhattan,False,False,-1,-1,0,0.0,,,,,,,,
55,20,0.3,mlp_table,False,False,-1,-1,0,0.0,,,,,,,,
55,20,0.3,unet,False,False,-1,-1,0,0.0,,,,,,,,
56,20,0.3,dijkstra,True,True,38,38,196,0.0003725419992406387,20.464150943396227,483.7396226415094,21.994081536665934,0.9962264150943396,0.0,0.9811320754716981,0.0,0.0
56,20,0.3,manhattan,True,True,38,38,84,0.0001825419985834742,2.0,10.671698113207547,3.266756512690768,0.49433962264150944,0.0,0.3132075471698113,0.0,0.0
56,20,0.3,mlp_table,True,True,38,38,66,0.00033945900031540077,1.3495182253279776,5.102286394504701,2.258824117656065,0.5132075471698113,0.4830188679245283,0.09811320754716982,0.0,1.516061782836914
56,20,0.3,unet,True,True,38,38,103,0.0005811249993712408,5.725745528599002,41.09146237737467,6.41026227056075,0.09433962264150944,0.9056603773584906,0.03018867924528302,0.7924528301886793,13.467674255371094
57,20,0.3,dijkstra,True,True,40,40,265,0.0005108329987706384,23.324528301886794,681.1358490566038,26.09857944518444,0.9962264150943396,0.0,0.9735849056603774,0.0,0.0
57,20,0.3,manhattan,True,True,40,40,144,0.0003652079994935775,4.747169811320755,62.113207547169814,7.881193281931982,0.7773584905660378,0.0,0.3660377358490566,0.0,0.0
57,20,0.3,mlp_table,True,True,40,40,92,0.0005054169996583369,3.9798172239987357,47.132099931574224,6.865282217911673,0.690566037735849,0.30566037735849055,0.3169811320754717,0.0,1.573324203491211
57,20,0.3,unet,True,True,40,40,100,0.0005211669995333068,5.069158531584829,37.55074648605045,6.127866389376522,0.37735849056603776,0.6226415094339622,0.26037735849056604,0.44528301886792454,10.643798828125
58,20,0.3,dijkstra,False,False,-1,-1,0,0.0,,,,,,,,
58,20,0.3,manhattan,False,False,-1,-1,0,0.0,,,,,,,,
58,20,0.3,mlp_table,False,False,-1,-1,0,0.0,,,,,,,,
58,20,0.3,unet,False,False,-1,-1,0,0.0,,,,,,,,
59,20,0.3,dijkstra,False,False,-1,-1,0,0.0,,,,,,,,
59,20,0.3,manhattan,False,False,-1,-1,0,0.0,,,,,,,,
59,20,0.3,mlp_table,False,False,-1,-1,0,0.0,,,,,,,,
59,20,0.3,unet,False,False,-1,-1,0,0.0,,,,,,,,
60,20,0.3,dijkstra,True,True,40,40,275,0.0005323329987731995,22.859712230215827,608.1258992805756,24.660208824756037,0.9964028776978417,0.0,0.9820143884892086,0.0,0.0
60,20,0.3,manhattan,True,True,40,40,158,0.0003504169999359874,3.8489208633093526,25.568345323741006,5.056515136310877,0.8453237410071942,0.0,0.44964028776978415,0.0,0.0
60,20,0.3,mlp_table,True,True,40,40,149,0.0007478749994334066,3.032366940872275,17.465919234365426,4.179224716902098,0.8129496402877698,0.18345323741007194,0.34172661870503596,0.0,2.073592185974121
60,20,0.3,unet,True,True,40,40,114,0.000593624999964959,3.6073355666167446,17.338226640957934,4.163919624699537,0.2697841726618705,0.7302158273381295,0.12949640287769784,0.48201438848920863,9.190200805664062
61,20,0.3,dijkstra,False,False,-1,-1,0,0.0,,,,,,,,
61,20,0.3,manhattan,False,False,-1,-1,0,0.0,,,,,,,,
61,20,0.3,mlp_table,False,False,-1,-1,0,0.0,,,,,,,,
61,20,0.3,unet,False,False,-1,-1,0,0.0,,,,,,,,
62,20,0.3,dijkstra,False,False,-1,-1,0,0.0,,,,,,,,
62,20,0.3,manhattan,False,False,-1,-1,0,0.0,,,,,,,,
62,20,0.3,mlp_table,False,False,-1,-1,0,0.0,,,,,,,,
62,20,0.3,unet,False,False,-1,-1,0,0.0,,,,,,,,
63,20,0.3,dijkstra,True,True,38,38,273,0.0005315830003382871,21.945848375451263,572.971119133574,23.936815141818137,0.9963898916967509,0.0,0.9675090252707581,0.0,0.0
63,20,0.3,manhattan,True,True,38,38,110,0.00025470800028415397,3.220216606498195,26.07942238267148,5.1068015805072635,0.5812274368231047,0.0,0.4151624548736462,0.0,0.0
63,20,0.3,mlp_table,True,True,38,38,72,0.00046595799904025625,2.607114766478969,18.449162683787492,4.295248850042043,0.5631768953068592,0.4332129963898917,0.24187725631768953,0.0,2.8051719665527344
63,20,0.3,unet,True,True,38,38,85,0.0004778749989782227,3.954002618789673,22.085731689010945,4.699545902426206,0.23104693140794225,0.7689530685920578,0.10830324909747292,0.49097472924187724,10.453712463378906
64,20,0.3,dijkstra,True,True,40,40,252,0.0004902500004391186,20.817460317460316,513.515873015873,22.66088861929013,0.996031746031746,0.0,0.9642857142857143,0.0,0.0
64,20,0.3,manhattan,True,True,40,40,101,0.00022787499983678572,1.7142857142857142,9.11111111111111,3.018461712712472,0.45634920634920634,0.0,0.21031746031746032,0.0,0.0
64,20,0.3,mlp_table,True,True,40,40,80,0.00044049999996786937,1.4506242582722315,5.235981481528933,2.2882267111300254,0.42063492063492064,0.5753968253968254,0.12698412698412698,0.0,2.377312660217285
64,20,0.3,unet,True,True,40,40,71,0.0003934999986086041,3.345553281288298,18.27788864444572,4.275264745538657,0.1746031746031746,0.8253968253968254,0.03571428571428571,0.39285714285714285,11.33462142944336
65,20,0.3,dijkstra,False,False,-1,-1,0,0.0,,,,,,,,
65,20,0.3,manhattan,False,False,-1,-1,0,0.0,,,,,,,,
65,20,0.3,mlp_table,False,False,-1,-1,0,0.0,,,,,,,,
65,20,0.3,unet,False,False,-1,-1,0,0.0,,,,,,,,
66,20,0.3,dijkstra,True,True,40,40,272,0.0005217920006543864,21.684981684981686,550.5054945054945,23.46285350304806,0.9963369963369964,0.0,0.978021978021978,0.0,0.0
66,20,0.3,manhattan,True,True,40,40,101,0.00022687499949824996,2.8424908424908426,20.278388278388277,4.503153148449237,0.575091575091575,0.0,0.3882783882783883,0.0,0.0
66,20,0.3,mlp_table,True,True,40,40,81,0.0005071670002507744,2.2397862816904928,11.117256638642832,3.334255035032988,0.5641025641025641,0.43223443223443225,0.27106227106227104,0.0,1.9158096313476562
66,20,0.3,unet,True,True,40,40,121,0.0005985409989079926,6.192802306933281,48.490388660752096,6.9635040504585115,0.08791208791208792,0.9120879120879121,0.05860805860805861,0.7655677655677655,16.63421058654785
67,20,0.3,dijkstra,False,False,-1,-1,0,0.0,,,,,,,,
67,20,0.3,manhattan,False,False,-1,-1,0,0.0,,,,,,,,
67,20,0.3,mlp_table,False,False,-1,-1,0,0.0,,,,,,,,
67,20,0.3,unet,False,False,-1,-1,0,0.0,,,,,,,,
68,20,0.3,dijkstra,True,True,42,42,267,0.0005304580008669291,29.067164179104477,923.9402985074627,30.396386273823122,0.996268656716418,0.0,0.9813432835820896,0.0,0.0
68,20,0.3,manhattan,True,True,42,42,226,0.0004932079991704086,9.097014925373134,127.2089552238806,11.278694748235745,0.9365671641791045,0.0,0.917910447761194,0.0,0.0
68,20,0.3,mlp_table,True,True,42,42,203,0.0009947500002454035,8.023304572301125,96.47515300099026,9.82217659182476,0.9402985074626866,0.055970149253731345,0.914179104477612,0.0,0.7988615036010742
68,20,0.3,unet,True,True,42,42,249,0.001147458000559709,3.8237082780297125,30.826132228918013,5.552128621431425,0.5783582089552238,0.4216417910447761,0.26119402985074625,0.1791044776119403,18.105133056640625
69,20,0.3,dijkstra,False,False,-1,-1,0,0.0,,,,,,,,
69,20,0.3,manhattan,False,False,-1,-1,0,0.0,,,,,,,,
69,20,0.3,mlp_table,False,False,-1,-1,0,0.0,,,,,,,,
69,20,0.3,unet,False,False,-1,-1,0,0.0,,,,,,,,
70,20,0.3,dijkstra,False,False,-1,-1,0,0.0,,,,,,,,
70,20,0.3,manhattan,False,False,-1,-1,0,0.0,,,,,,,,
70,20,0.3,mlp_table,False,False,-1,-1,0,0.0,,,,,,,,
70,20,0.3,unet,False,False,-1,-1,0,0.0,,,,,,,,
71,20,0.3,dijkstra,False,False,-1,-1,0,0.0,,,,,,,,
71,20,0.3,manhattan,False,False,-1,-1,0,0.0,,,,,,,,
71,20,0.3,mlp_table,False,False,-1,-1,0,0.0,,,,,,,,
71,20,0.3,unet,False,False,-1,-1,0,0.0,,,,,,,,
72,20,0.3,dijkstra,False,False,-1,-1,0,0.0,,,,,,,,
72,20,0.3,manhattan,False,False,-1,-1,0,0.0,,,,,,,,
72,20,0.3,mlp_table,False,False,-1,-1,0,0.0,,,,,,,,
72,20,0.3,unet,False,False,-1,-1,0,0.0,,,,,,,,
73,20,0.3,dijkstra,False,False,-1,-1,0,0.0,,,,,,,,
73,20,0.3,manhattan,False,False,-1,-1,0,0.0,,,,,,,,
73,20,0.3,mlp_table,False,False,-1,-1,0,0.0,,,,,,,,
73,20,0.3,unet,False,False,-1,-1,0,0.0,,,,,,,,
74,20,0.3,dijkstra,True,True,38,38,278,0.0005368749989429489,21.892086330935253,560.410071942446,23.672981897987547,0.9964028776978417,0.0,0.9748201438848921,0.0,0.0
74,20,0.3,manhattan,True,True,38,38,166,0.0003633329997683177,2.5611510791366907,27.884892086330936,5.2806147451154715,0.37050359712230213,0.0,0.2446043165467626,0.0,0.0
74,20,0.3,mlp_table,True,True,38,38,108,0.0005624999994324753,2.26113918273569,17.9796295885797,4.240239331521241,0.3669064748201439,0.6294964028776978,0.20863309352517986,0.0,2.659409523010254
74,20,0.3,unet,True,True,38,38,87,0.0005038330000388669,4.063632798709458,24.446896405391534,4.9443802852725165,0.20503597122302158,0.7949640287769785,0.11510791366906475,0.4460431654676259,11.835186004638672
75,20,0.3,dijkstra,True,True,46,46,275,0.000525125000422122,23.384057971014492,672.4782608695652,25.93218580971464,0.9963768115942029,0.0,0.967391304347826,0.0,0.0
75,20,0.3,manhattan,True,True,46,46,171,0.0003692089994729031,4.528985507246377,37.05797101449275,6.087525853291528,0.7137681159420289,0.0,0.6123188405797102,0.0,0.0
75,20,0.3,mlp_table,True,True,46,46,148,0.0007250420003401814,4.23268293513768,31.48233271026241,5.6109119321427965,0.6847826086956522,0.3115942028985507,0.5181159420289855,0.025362318840579712,4.19432258605957
75,20,0.3,unet,True,True,46,46,142,0.0007123749983293237,4.975078454052192,36.394883666740405,6.03281722470857,0.41304347826086957,0.5869565217391305,0.3188405797101449,0.322463768115942,15.38845443725586
76,20,0.3,dijkstra,True,True,38,38,269,0.0005178749997867271,21.66171003717472,568.2044609665428,23.837039685467296,0.9962825278810409,0.0,0.9702602230483272,0.0,0.0
76,20,0.3,manhattan,True,True,38,38,124,0.00028249999922991265,2.892193308550186,31.479553903345725,5.610664301430422,0.4200743494423792,0.0,0.31226765799256506,0.0,0.0
76,20,0.3,mlp_table,True,True,38,38,98,0.0005372089999582386,2.7648964012422526,22.86946601313265,4.782203050178093,0.4312267657992565,0.5650557620817844,0.26394052044609667,0.0037174721189591076,3.0135278701782227
76,20,0.3,unet,True,True,38,38,104,0.0005587920004472835,2.9846972745590494,17.1683772754516,4.143474058740033,0.2936802973977695,0.7063197026022305,0.15613382899628253,0.18587360594795538,6.967033386230469
77,20,0.3,dijkstra,False,False,-1,-1,0,0.0,,,,,,,,
77,20,0.3,manhattan,False,False,-1,-1,0,0.0,,,,,,,,
77,20,0.3,mlp_table,False,False,-1,-1,0,0.0,,,,,,,,
77,20,0.3,unet,False,False,-1,-1,0,0.0,,,,,,,,
78,20,0.3,dijkstra,False,False,-1,-1,0,0.0,,,,,,,,
78,20,0.3,manhattan,False,False,-1,-1,0,0.0,,,,,,,,
78,20,0.3,mlp_table,False,False,-1,-1,0,0.0,,,,,,,,
78,20,0.3,unet,False,False,-1,-1,0,0.0,,,,,,,,
79,20,0.3,dijkstra,False,False,-1,-1,0,0.0,,,,,,,,
79,20,0.3,manhattan,False,False,-1,-1,0,0.0,,,,,,,,
79,20,0.3,mlp_table,False,False,-1,-1,0,0.0,,,,,,,,
79,20,0.3,unet,False,False,-1,-1,0,0.0,,,,,,,,
80,20,0.3,dijkstra,False,False,-1,-1,0,0.0,,,,,,,,
80,20,0.3,manhattan,False,False,-1,-1,0,0.0,,,,,,,,
80,20,0.3,mlp_table,False,False,-1,-1,0,0.0,,,,,,,,
80,20,0.3,unet,False,False,-1,-1,0,0.0,,,,,,,,
81,20,0.3,dijkstra,True,True,42,42,276,0.0005303329999151174,22.700361010830324,624.7003610108303,24.994006501776187,0.9963898916967509,0.0,0.9783393501805054,0.0,0.0
81,20,0.3,manhattan,True,True,42,42,128,0.00027637499988486525,3.8411552346570397,29.111913357400724,5.395545695979298,0.8158844765342961,0.0,0.4151624548736462,0.0,0.0
81,20,0.3,mlp_table,True,True,42,42,94,0.0005480830004671589,2.999332834667247,24.011744989029737,4.900178056869947,0.7364620938628159,0.259927797833935,0.2924187725631769,0.0,1.4295825958251953
81,20,0.3,unet,True,True,42,42,109,0.0005331249994924292,3.8553775837275097,22.172954004904962,4.7088166246844825,0.3249097472924188,0.6750902527075813,0.24548736462093862,0.2996389891696751,8.608163833618164
82,20,0.3,dijkstra,True,True,38,38,254,0.0004953750012646196,21.532608695652176,529.6340579710145,23.013779741081528,0.9963768115942029,0.0,0.9746376811594203,0.0,0.0
82,20,0.3,manhattan,True,True,38,38,135,0.0003064579996134853,2.818840579710145,21.17391304347826,4.601512038827918,0.5615942028985508,0.0,0.2971014492753623,0.0,0.0
82,20,0.3,mlp_table,True,True,38,38,101,0.0005202500015002443,2.3304215522779934,13.417235243246482,3.662954441874275,0.4927536231884058,0.5036231884057971,0.2753623188405797,0.0,2.4375343322753906
82,20,0.3,unet,True,True,38,38,143,0.0007464999998774147,4.391422875549482,30.83360157392115,5.552801236666152,0.3007246376811594,0.6992753623188406,0.10507246376811594,0.45652173913043476,13.702816009521484
83,20,0.3,dijkstra,True,True,38,38,258,0.0005003330006729811,19.12015503875969,442.2596899224806,21.029971229711197,0.9961240310077519,0.0,0.9689922480620154,0.0,0.0
83,20,0.3,manhattan,True,True,38,38,190,0.0004307079998397967,0.5116279069767442,1.2093023255813953,1.0996828295383152,0.23255813953488372,0.0,0.023255813953488372,0.0,0.0
83,20,0.3,mlp_table,True,True,38,38,109,0.0006282499998633284,0.7905012918997181,1.0531542095162831,1.0262330191122693,0.12015503875968993,0.875968992248062,0.011627906976744186,0.0,2.4375343322753906
83,20,0.3,unet,True,True,38,38,88,0.0005198750004637986,2.136806552724321,7.330915626839331,2.7075663661006226,0.10852713178294573,0.8914728682170543,0.003875968992248062,0.24806201550387597,8.019357681274414
84,20,0.3,dijkstra,False,False,-1,-1,0,0.0,,,,,,,,
84,20,0.3,manhattan,False,False,-1,-1,0,0.0,,,,,,,,
84,20,0.3,mlp_table,False,False,-1,-1,0,0.0,,,,,,,,
84,20,0.3,unet,False,False,-1,-1,0,0.0,,,,,,,,
85,20,0.3,dijkstra,True,True,40,40,280,0.0005449589989439119,20.90391459074733,515.9430604982207,22.714380037725455,0.99644128113879,0.0,0.9715302491103203,0.0,0.0
85,20,0.3,manhattan,True,True,40,40,125,0.0002795000000332948,2.0355871886120998,9.08185053380783,3.013610879627267,0.6263345195729537,0.0,0.22419928825622776,0.0,0.0
85,20,0.3,mlp_table,True,True,40,40,90,0.00048308300029020756,1.4405545395040003,4.4304389106613575,2.1048607817766376,0.5587188612099644,0.4377224199288256,0.11387900355871886,0.0,1.9508190155029297
85,20,0.3,unet,True,True,40,40,73,0.0003968330001953291,2.8477162275450087,10.472780673846588,3.2361675905068,0.15658362989323843,0.8434163701067615,0.060498220640569395,0.38434163701067614,7.691829681396484
86,20,0.3,dijkstra,False,False,-1,-1,0,0.0,,,,,,,,
86,20,0.3,manhattan,False,False,-1,-1,0,0.0,,,,,,,,
86,20,0.3,mlp_table,False,False,-1,-1,0,0.0,,,,,,,,
86,20,0.3,unet,False,False,-1,-1,0,0.0,,,,,,,,
87,20,0.3,dijkstra,False,False,-1,-1,0,0.0,,,,,,,,
87,20,0.3,manhattan,False,False,-1,-1,0,0.0,,,,,,,,
87,20,0.3,mlp_table,False,False,-1,-1,0,0.0,,,,,,,,
87,20,0.3,unet,False,False,-1,-1,0,0.0,,,,,,,,
88,20,0.3,dijkstra,True,True,38,38,278,0.0005338329992810031,21.381294964028775,541.7985611510792,23.276566781874838,0.9964028776978417,0.0,0.9676258992805755,0.0,0.0
88,20,0.3,manhattan,True,True,38,38,145,0.0003165829984936863,2.4892086330935252,24.51798561151079,4.951563956116369,0.4460431654676259,0.0,0.24100719424460432,0.0,0.0
88,20,0.3,mlp_table,True,True,38,38,99,0.0005212500000197906,2.235172210408629,16.99274502949563,4.122225737328759,0.39568345323741005,0.6007194244604317,0.20503597122302158,0.0,2.659409523010254
88,20,0.3,unet,True,True,38,38,85,0.00045287499960977584,3.7595708070041463,20.277224710481,4.503023951799613,0.19784172661870503,0.802158273381295,0.09712230215827339,0.45323741007194246,9.506792068481445
89,20,0.3,dijkstra,True,True,38,38,273,0.0005238330013526138,22.153846153846153,569.8608058608058,23.87175749417721,0.9963369963369964,0.0,0.9706959706959707,0.0,0.0
89,20,0.3,manhattan,True,True,38,38,175,0.00039420899884134997,3.282051282051282,35.282051282051285,5.939869635105747,0.4981684981684982,0.0,0.2857142857142857,0.0,0.0
89,20,0.3,mlp_table,True,True,38,38,92,0.0005429579996416578,2.8140791156789757,22.482671338310805,4.741589537097323,0.5238095238095238,0.4725274725274725,0.2600732600732601,0.003663003663003663,3.2236061096191406
89,20,0.3,unet,True,True,38,38,118,0.0006700839985569473,3.018909290160015,16.075054162905822,4.00937079389096,0.2967032967032967,0.7032967032967034,0.07692307692307693,0.32234432234432236,11.439193725585938
90,20,0.3,dijkstra,False,False,-1,-1,0,0.0,,,,,,,,
90,20,0.3,manhattan,False,False,-1,-1,0,0.0,,,,,,,,
90,20,0.3,mlp_table,False,False,-1,-1,0,0.0,,,,,,,,
90,20,0.3,unet,False,False,-1,-1,0,0.0,,,,,,,,
91,20,0.3,dijkstra,True,True,38,38,280,0.0005455840000649914,21.935714285714287,548.7214285714285,23.424803704010596,0.9964285714285714,0.0,0.9785714285714285,0.0,0.0
91,20,0.3,manhattan,True,True,38,38,209,0.0004840830006287433,2.7928571428571427,18.071428571428573,4.251050290390432,0.6392857142857142,0.0,0.31785714285714284,0.0,0.0
91,20,0.3,mlp_table,True,True,38,38,98,0.0006339579995255917,2.049267282656261,9.03947667552236,3.0065722468489526,0.6714285714285714,0.325,0.25,0.0,2.09521484375
91,20,0.3,unet,True,True,38,38,85,0.00046716700126125943,2.7136294160570418,11.304797172347929,3.362260723434149,0.1357142857142857,0.8642857142857143,0.025,0.35,10.941160202026367
92,20,0.3,dijkstra,True,True,38,38,271,0.0005302079989633057,20.424354243542435,497.0,22.293496809607955,0.996309963099631,0.0,0.9704797047970479,0.0,0.0
92,20,0.3,manhattan,True,True,38,38,194,0.0004456669994397089,1.4833948339483394,6.095940959409594,2.4689959415538927,0.46494464944649444,0.0,0.1918819188191882,0.0,0.0
92,20,0.3,mlp_table,True,True,38,38,93,0.0004984160004823934,1.2244222353305323,3.221924666122475,1.7949720516271208,0.4354243542435424,0.5608856088560885,0.08856088560885608,0.0,2.6016063690185547
92,20,0.3,unet,True,True,38,38,80,0.00043899999946006574,2.150665057981146,6.6435475337073235,2.577508008466186,0.2066420664206642,0.7933579335793358,0.02952029520295203,0.2730627306273063,5.737213134765625
93,20,0.3,dijkstra,True,True,40,40,257,0.000496832999488106,24.11406844106464,674.0988593155894,25.963413860961918,0.9961977186311787,0.0,0.973384030418251,0.0,0.0
93,20,0.3,manhattan,True,True,40,40,132,0.00028545799978019204,5.444866920152092,56.79087452471483,7.535972035823569,0.8631178707224335,0.0,0.5703422053231939,0.0,0.0
93,20,0.3,mlp_table,True,True,40,40,112,0.0005509170005097985,4.48131298656246,38.91393510399875,6.23810348615657,0.8631178707224335,0.13307984790874525,0.5475285171102662,0.0,1.54368257522583
93,20,0.3,unet,True,True,40,40,127,0.0006125420004536863,3.2622989792334263,19.075839808859715,4.367589702439976,0.3916349809885932,0.6083650190114068,0.18631178707224336,0.2623574144486692,11.129817962646484
94,20,0.3,dijkstra,False,False,-1,-1,0,0.0,,,,,,,,
94,20,0.3,manhattan,False,False,-1,-1,0,0.0,,,,,,,,
94,20,0.3,mlp_table,False,False,-1,-1,0,0.0,,,,,,,,
94,20,0.3,unet,False,False,-1,-1,0,0.0,,,,,,,,
95,20,0.3,dijkstra,True,True,38,38,268,0.0005163750010979129,22.753731343283583,591.1567164179105,24.313714574657457,0.996268656716418,0.0,0.9738805970149254,0.0,0.0
95,20,0.3,manhattan,True,True,38,38,121,0.0002752920008788351,3.8656716417910446,45.67164179104478,6.758079741394354,0.4664179104477612,0.0,0.35074626865671643,0.0,0.0
95,20,0.3,mlp_table,True,True,38,38,95,0.0005279580000205897,3.337506251993464,30.42190115242594,5.5156052389947146,0.503731343283582,0.4925373134328358,0.3246268656716418,0.0,2.82692813873291
95,20,0.3,unet,True,True,38,38,77,0.00045083300028636586,3.092467107434771,14.525418128949898,3.811222655388937,0.2462686567164179,0.753731343283582,0.13805970149253732,0.2462686567164179,7.316473007202148
96,20,0.3,dijkstra,False,False,-1,-1,0,0.0,,,,,,,,
96,20,0.3,manhattan,False,False,-1,-1,0,0.0,,,,,,,,
96,20,0.3,mlp_table,False,False,-1,-1,0,0.0,,,,,,,,
96,20,0.3,unet,False,False,-1,-1,0,0.0,,,,,,,,
97,20,0.3,dijkstra,True,True,46,46,267,0.0005022499990445795,30.827715355805243,1092.5580524344568,33.05386592267925,0.9962546816479401,0.0,0.9775280898876404,0.0,0.0
97,20,0.3,manhattan,True,True,46,46,200,0.000428999999712687,11.925093632958802,200.26966292134833,14.151666436195715,0.9250936329588015,0.0,0.8913857677902621,0.0,0.0
97,20,0.3,mlp_table,True,True,46,46,180,0.0009360830008517951,10.829725128434571,168.77857456738982,12.991480845823151,0.9213483146067416,0.0749063670411985,0.8913857677902621,0.0,1.4295825958251953
97,20,0.3,unet,True,True,46,46,186,0.0008526250003342284,8.741580782758163,97.32155720670853,9.865168888909531,0.6142322097378277,0.3857677902621723,0.5880149812734082,0.34831460674157305,11.698604583740234
98,20,0.3,dijkstra,False,False,-1,-1,0,0.0,,,,,,,,
98,20,0.3,manhattan,False,False,-1,-1,0,0.0,,,,,,,,
98,20,0.3,mlp_table,False,False,-1,-1,0,0.0,,,,,,,,
98,20,0.3,unet,False,False,-1,-1,0,0.0,,,,,,,,
99,20,0.3,dijkstra,False,False,-1,-1,0,0.0,,,,,,,,
99,20,0.3,manhattan,False,False,-1,-1,0,0.0,,,,,,,,
99,20,0.3,mlp_table,False,False,-1,-1,0,0.0,,,,,,,,
99,20,0.3,unet,False,False,-1,-1,0,0.0,,,,,,,,
0,20,0.4,dijkstra,False,False,-1,-1,0,0.0,,,,,,,,
0,20,0.4,manhattan,False,False,-1,-1,0,0.0,,,,,,,,
0,20,0.4,mlp_table,False,False,-1,-1,0,0.0,,,,,,,,
0,20,0.4,unet,False,False,-1,-1,0,0.0,,,,,,,,
1,20,0.4,dijkstra,False,False,-1,-1,0,0.0,,,,,,,,
1,20,0.4,manhattan,False,False,-1,-1,0,0.0,,,,,,,,
1,20,0.4,mlp_table,False,False,-1,-1,0,0.0,,,,,,,,
1,20,0.4,unet,False,False,-1,-1,0,0.0,,,,,,,,
2,20,0.4,dijkstra,False,False,-1,-1,0,0.0,,,,,,,,
2,20,0.4,manhattan,False,False,-1,-1,0,0.0,,,,,,,,
2,20,0.4,mlp_table,False,False,-1,-1,0,0.0,,,,,,,,
2,20,0.4,unet,False,False,-1,-1,0,0.0,,,,,,,,
3,20,0.4,dijkstra,False,False,-1,-1,0,0.0,,,,,,,,
3,20,0.4,manhattan,False,False,-1,-1,0,0.0,,,,,,,,
3,20,0.4,mlp_table,False,False,-1,-1,0,0.0,,,,,,,,
3,20,0.4,unet,False,False,-1,-1,0,0.0,,,,,,,,
4,20,0.4,dijkstra,False,False,-1,-1,0,0.0,,,,,,,,
4,20,0.4,manhattan,False,False,-1,-1,0,0.0,,,,,,,,
4,20,0.4,mlp_table,False,False,-1,-1,0,0.0,,,,,,,,
4,20,0.4,unet,False,False,-1,-1,0,0.0,,,,,,,,
5,20,0.4,dijkstra,False,False,-1,-1,0,0.0,,,,,,,,
5,20,0.4,manhattan,False,False,-1,-1,0,0.0,,,,,,,,
5,20,0.4,mlp_table,False,False,-1,-1,0,0.0,,,,,,,,
5,20,0.4,unet,False,False,-1,-1,0,0.0,,,,,,,,
6,20,0.4,dijkstra,False,False,-1,-1,0,0.0,,,,,,,,
6,20,0.4,manhattan,False,False,-1,-1,0,0.0,,,,,,,,
6,20,0.4,mlp_table,False,False,-1,-1,0,0.0,,,,,,,,
6,20,0.4,unet,False,False,-1,-1,0,0.0,,,,,,,,
7,20,0.4,dijkstra,False,False,-1,-1,0,0.0,,,,,,,,
7,20,0.4,manhattan,False,False,-1,-1,0,0.0,,,,,,,,
7,20,0.4,mlp_table,False,False,-1,-1,0,0.0,,,,,,,,
7,20,0.4,unet,False,False,-1,-1,0,0.0,,,,,,,,
8,20,0.4,dijkstra,False,False,-1,-1,0,0.0,,,,,,,,
8,20,0.4,manhattan,False,False,-1,-1,0,0.0,,,,,,,,
8,20,0.4,mlp_table,False,False,-1,-1,0,0.0,,,,,,,,
8,20,0.4,unet,False,False,-1,-1,0,0.0,,,,,,,,
9,20,0.4,dijkstra,True,True,42,42,175,0.0003247499989811331,23.845714285714287,699.4914285714286,26.447900267723117,0.9942857142857143,0.0,0.96,0.0,0.0
9,20,0.4,manhattan,True,True,42,42,98,0.00021329199989850167,5.314285714285714,63.65714285714286,7.978542652461216,0.6571428571428571,0.0,0.52,0.0,0.0
9,20,0.4,mlp_table,True,True,42,42,88,0.0004514169995673001,4.727709337643215,49.26690771363877,7.019038945157575,0.6628571428571428,0.3314285714285714,0.4857142857142857,0.0,0.9121646881103516
9,20,0.4,unet,True,True,42,42,91,0.0004585839997162111,3.718704038347517,20.347730577402096,4.510845882692302,0.37142857142857144,0.6285714285714286,0.2742857142857143,0.25142857142857145,6.8073272705078125
10,20,0.4,dijkstra,False,False,-1,-1,0,0.0,,,,,,,,
10,20,0.4,manhattan,False,False,-1,-1,0,0.0,,,,,,,,
10,20,0.4,mlp_table,False,False,-1,-1,0,0.0,,,,,,,,
10,20,0.4,unet,False,False,-1,-1,0,0.0,,,,,,,,
11,20,0.4,dijkstra,False,False,-1,-1,0,0.0,,,,,,,,
11,20,0.4,manhattan,False,False,-1,-1,0,0.0,,,,,,,,
11,20,0.4,mlp_table,False,False,-1,-1,0,0.0,,,,,,,,
11,20,0.4,unet,False,False,-1,-1,0,0.0,,,,,,,,
12,20,0.4,dijkstra,False,False,-1,-1,0,0.0,,,,,,,,
12,20,0.4,manhattan,False,False,-1,-1,0,0.0,,,,,,,,
12,20,0.4,mlp_table,False,False,-1,-1,0,0.0,,,,,,,,
12,20,0.4,unet,False,False,-1,-1,0,0.0,,,,,,,,
13,20,0.4,dijkstra,False,False,-1,-1,0,0.0,,,,,,,,
13,20,0.4,manhattan,False,False,-1,-1,0,0.0,,,,,,,,
13,20,0.4,mlp_table,False,False,-1,-1,0,0.0,,,,,,,,
13,20,0.4,unet,False,False,-1,-1,0,0.0,,,,,,,,
14,20,0.4,dijkstra,False,False,-1,-1,0,0.0,,,,,,,,
14,20,0.4,manhattan,False,False,-1,-1,0,0.0,,,,,,,,
14,20,0.4,mlp_table,False,False,-1,-1,0,0.0,,,,,,,,
14,20,0.4,unet,False,False,-1,-1,0,0.0,,,,,,,,
15,20,0.4,dijkstra,False,False,-1,-1,0,0.0,,,,,,,,
15,20,0.4,manhattan,False,False,-1,-1,0,0.0,,,,,,,,
15,20,0.4,mlp_table,False,False,-1,-1,0,0.0,,,,,,,,
15,20,0.4,unet,False,False,-1,-1,0,0.0,,,,,,,,
16,20,0.4,dijkstra,False,False,-1,-1,0,0.0,,,,,,,,
16,20,0.4,manhattan,False,False,-1,-1,0,0.0,,,,,,,,
16,20,0.4,mlp_table,False,False,-1,-1,0,0.0,,,,,,,,
16,20,0.4,unet,False,False,-1,-1,0,0.0,,,,,,,,
17,20,0.4,dijkstra,False,False,-1,-1,0,0.0,,,,,,,,
17,20,0.4,manhattan,False,False,-1,-1,0,0.0,,,,,,,,
17,20,0.4,mlp_table,False,False,-1,-1,0,0.0,,,,,,,,
17,20,0.4,unet,False,False,-1,-1,0,0.0,,,,,,,,
18,20,0.4,dijkstra,False,False,-1,-1,0,0.0,,,,,,,,
18,20,0.4,manhattan,False,False,-1,-1,0,0.0,,,,,,,,
18,20,0.4,mlp_table,False,False,-1,-1,0,0.0,,,,,,,,
18,20,0.4,unet,False,False,-1,-1,0,0.0,,,,,,,,
19,20,0.4,dijkstra,False,False,-1,-1,0,0.0,,,,,,,,
19,20,0.4,manhattan,False,False,-1,-1,0,0.0,,,,,,,,
19,20,0.4,mlp_table,False,False,-1,-1,0,0.0,,,,,,,,
19,20,0.4,unet,False,False,-1,-1,0,0.0,,,,,,,,
20,20,0.4,dijkstra,False,False,-1,-1,0,0.0,,,,,,,,
20,20,0.4,manhattan,False,False,-1,-1,0,0.0,,,,,,,,
20,20,0.4,mlp_table,False,False,-1,-1,0,0.0,,,,,,,,
20,20,0.4,unet,False,False,-1,-1,0,0.0,,,,,,,,
21,20,0.4,dijkstra,False,False,-1,-1,0,0.0,,,,,,,,
21,20,0.4,manhattan,False,False,-1,-1,0,0.0,,,,,,,,
21,20,0.4,mlp_table,False,False,-1,-1,0,0.0,,,,,,,,
21,20,0.4,unet,False,False,-1,-1,0,0.0,,,,,,,,
22,20,0.4,dijkstra,False,False,-1,-1,0,0.0,,,,,,,,
22,20,0.4,manhattan,False,False,-1,-1,0,0.0,,,,,,,,
22,20,0.4,mlp_table,False,False,-1,-1,0,0.0,,,,,,,,
22,20,0.4,unet,False,False,-1,-1,0,0.0,,,,,,,,
23,20,0.4,dijkstra,True,True,40,40,237,0.00044220800009497907,25.88235294117647,799.344537815126,28.27268182919912,0.9957983193277311,0.0,0.957983193277311,0.0,0.0
23,20,0.4,manhattan,True,True,40,40,120,0.0002602499989734497,7.008403361344538,92.87394957983193,9.637113135157849,0.8151260504201681,0.0,0.592436974789916,0.0,0.0
23,20,0.4,mlp_table,True,True,40,40,100,0.0005034580008214107,6.229146080357688,71.3388030924339,8.446230111264665,0.8067226890756303,0.18907563025210083,0.592436974789916,0.0,2.4467906951904297
23,20,0.4,unet,True,True,40,40,91,0.000465584000266972,4.300529527063129,33.30782128854633,5.771292861096752,0.5042016806722689,0.4957983193277311,0.31512605042016806,0.23949579831932774,8.807638168334961
24,20,0.4,dijkstra,False,False,-1,-1,0,0.0,,,,,,,,
24,20,0.4,manhattan,False,False,-1,-1,0,0.0,,,,,,,,
24,20,0.4,mlp_table,False,False,-1,-1,0,0.0,,,,,,,,
24,20,0.4,unet,False,False,-1,-1,0,0.0,,,,,,,,
25,20,0.4,dijkstra,False,False,-1,-1,0,0.0,,,,,,,,
25,20,0.4,manhattan,False,False,-1,-1,0,0.0,,,,,,,,
25,20,0.4,mlp_table,False,False,-1,-1,0,0.0,,,,,,,,
25,20,0.4,unet,False,False,-1,-1,0,0.0,,,,,,,,
26,20,0.4,dijkstra,False,False,-1,-1,0,0.0,,,,,,,,
26,20,0.4,manhattan,False,False,-1,-1,0,0.0,,,,,,,,
26,20,0.4,mlp_table,False,False,-1,-1,0,0.0,,,,,,,,
26,20,0.4,unet,False,False,-1,-1,0,0.0,,,,,,,,
27,20,0.4,dijkstra,False,False,-1,-1,0,0.0,,,,,,,,
27,20,0.4,manhattan,False,False,-1,-1,0,0.0,,,,,,,,
27,20,0.4,mlp_table,False,False,-1,-1,0,0.0,,,,,,,,
27,20,0.4,unet,False,False,-1,-1,0,0.0,,,,,,,,
28,20,0.4,dijkstra,False,False,-1,-1,0,0.0,,,,,,,,
28,20,0.4,manhattan,False,False,-1,-1,0,0.0,,,,,,,,
28,20,0.4,mlp_table,False,False,-1,-1,0,0.0,,,,,,,,
28,20,0.4,unet,False,False,-1,-1,0,0.0,,,,,,,,
29,20,0.4,dijkstra,False,False,-1,-1,0,0.0,,,,,,,,
29,20,0.4,manhattan,False,False,-1,-1,0,0.0,,,,,,,,
29,20,0.4,mlp_table,False,False,-1,-1,0,0.0,,,,,,,,
29,20,0.4,unet,False,False,-1,-1,0,0.0,,,,,,,,
30,20,0.4,dijkstra,False,False,-1,-1,0,0.0,,,,,,,,
30,20,0.4,manhattan,False,False,-1,-1,0,0.0,,,,,,,,
30,20,0.4,mlp_table,False,False,-1,-1,0,0.0,,,,,,,,
30,20,0.4,unet,False,False,-1,-1,0,0.0,,,,,,,,
31,20,0.4,dijkstra,False,False,-1,-1,0,0.0,,,,,,,,
31,20,0.4,manhattan,False,False,-1,-1,0,0.0,,,,,,,,
31,20,0.4,mlp_table,False,False,-1,-1,0,0.0,,,,,,,,
31,20,0.4,unet,False,False,-1,-1,0,0.0,,,,,,,,
32,20,0.4,dijkstra,False,False,-1,-1,0,0.0,,,,,,,,
32,20,0.4,manhattan,False,False,-1,-1,0,0.0,,,,,,,,
32,20,0.4,mlp_table,False,False,-1,-1,0,0.0,,,,,,,,
32,20,0.4,unet,False,False,-1,-1,0,0.0,,,,,,,,
33,20,0.4,dijkstra,True,True,44,44,155,0.00028204200134496205,23.841836734693878,691.545918367347,26.297260662801875,0.9948979591836735,0.0,0.9693877551020408,0.0,0.0
33,20,0.4,manhattan,True,True,44,44,86,0.0001857919996837154,3.8979591836734695,33.55102040816327,5.792324266489512,0.7244897959183674,0.0,0.39285714285714285,0.0,0.0
33,20,0.4,mlp_table,True,True,44,44,82,0.0004061250001541339,3.585836832012449,28.75565822127758,5.362430253278599,0.6530612244897959,0.34183673469387754,0.3469387755102041,0.0,2.6768970489501953
33,20,0.4,unet,True,True,44,44,106,0.00048437499935971573,7.605813814669239,79.83685097697317,8.935146947698911,0.30612244897959184,0.6938775510204082,0.18877551020408162,0.5867346938775511,16.21919822692871
34,20,0.4,dijkstra,False,False,-1,-1,0,0.0,,,,,,,,
34,20,0.4,manhattan,False,False,-1,-1,0,0.0,,,,,,,,
34,20,0.4,mlp_table,False,False,-1,-1,0,0.0,,,,,,,,
34,20,0.4,unet,False,False,-1,-1,0,0.0,,,,,,,,
35,20,0.4,dijkstra,False,False,-1,-1,0,0.0,,,,,,,,
35,20,0.4,manhattan,False,False,-1,-1,0,0.0,,,,,,,,
35,20,0.4,mlp_table,False,False,-1,-1,0,0.0,,,,,,,,
35,20,0.4,unet,False,False,-1,-1,0,0.0,,,,,,,,
36,20,0.4,dijkstra,False,False,-1,-1,0,0.0,,,,,,,,
36,20,0.4,manhattan,False,False,-1,-1,0,0.0,,,,,,,,
36,20,0.4,mlp_table,False,False,-1,-1,0,0.0,,,,,,,,
36,20,0.4,unet,False,False,-1,-1,0,0.0,,,,,,,,
37,20,0.4,dijkstra,False,False,-1,-1,0,0.0,,,,,,,,
37,20,0.4,manhattan,False,False,-1,-1,0,0.0,,,,,,,,
37,20,0.4,mlp_table,False,False,-1,-1,0,0.0,,,,,,,,
37,20,0.4,unet,False,False,-1,-1,0,0.0,,,,,,,,
38,20,0.4,dijkstra,False,False,-1,-1,0,0.0,,,,,,,,
38,20,0.4,manhattan,False,False,-1,-1,0,0.0,,,,,,,,
38,20,0.4,mlp_table,False,False,-1,-1,0,0.0,,,,,,,,
38,20,0.4,unet,False,False,-1,-1,0,0.0,,,,,,,,
39,20,0.4,dijkstra,False,False,-1,-1,0,0.0,,,,,,,,
39,20,0.4,manhattan,False,False,-1,-1,0,0.0,,,,,,,,
39,20,0.4,mlp_table,False,False,-1,-1,0,0.0,,,,,,,,
39,20,0.4,unet,False,False,-1,-1,0,0.0,,,,,,,,
40,20,0.4,dijkstra,False,False,-1,-1,0,0.0,,,,,,,,
40,20,0.4,manhattan,False,False,-1,-1,0,0.0,,,,,,,,
40,20,0.4,mlp_table,False,False,-1,-1,0,0.0,,,,,,,,
40,20,0.4,unet,False,False,-1,-1,0,0.0,,,,,,,,
41,20,0.4,dijkstra,False,False,-1,-1,0,0.0,,,,,,,,
41,20,0.4,manhattan,False,False,-1,-1,0,0.0,,,,,,,,
41,20,0.4,mlp_table,False,False,-1,-1,0,0.0,,,,,,,,
41,20,0.4,unet,False,False,-1,-1,0,0.0,,,,,,,,
42,20,0.4,dijkstra,False,False,-1,-1,0,0.0,,,,,,,,
42,20,0.4,manhattan,False,False,-1,-1,0,0.0,,,,,,,,
42,20,0.4,mlp_table,False,False,-1,-1,0,0.0,,,,,,,,
42,20,0.4,unet,False,False,-1,-1,0,0.0,,,,,,,,
43,20,0.4,dijkstra,False,False,-1,-1,0,0.0,,,,,,,,
43,20,0.4,manhattan,False,False,-1,-1,0,0.0,,,,,,,,
43,20,0.4,mlp_table,False,False,-1,-1,0,0.0,,,,,,,,
43,20,0.4,unet,False,False,-1,-1,0,0.0,,,,,,,,
44,20,0.4,dijkstra,False,False,-1,-1,0,0.0,,,,,,,,
44,20,0.4,manhattan,False,False,-1,-1,0,0.0,,,,,,,,
44,20,0.4,mlp_table,False,False,-1,-1,0,0.0,,,,,,,,
44,20,0.4,unet,False,False,-1,-1,0,0.0,,,,,,,,
45,20,0.4,dijkstra,False,False,-1,-1,0,0.0,,,,,,,,
45,20,0.4,manhattan,False,False,-1,-1,0,0.0,,,,,,,,
45,20,0.4,mlp_table,False,False,-1,-1,0,0.0,,,,,,,,
45,20,0.4,unet,False,False,-1,-1,0,0.0,,,,,,,,
46,20,0.4,dijkstra,False,False,-1,-1,0,0.0,,,,,,,,
46,20,0.4,manhattan,False,False,-1,-1,0,0.0,,,,,,,,
46,20,0.4,mlp_table,False,False,-1,-1,0,0.0,,,,,,,,
46,20,0.4,unet,False,False,-1,-1,0,0.0,,,,,,,,
47,20,0.4,dijkstra,False,False,-1,-1,0,0.0,,,,,,,,
47,20,0.4,manhattan,False,False,-1,-1,0,0.0,,,,,,,,
47,20,0.4,mlp_table,False,False,-1,-1,0,0.0,,,,,,,,
47,20,0.4,unet,False,False,-1,-1,0,0.0,,,,,,,,
48,20,0.4,dijkstra,False,False,-1,-1,0,0.0,,,,,,,,
48,20,0.4,manhattan,False,False,-1,-1,0,0.0,,,,,,,,
48,20,0.4,mlp_table,False,False,-1,-1,0,0.0,,,,,,,,
48,20,0.4,unet,False,False,-1,-1,0,0.0,,,,,,,,
49,20,0.4,dijkstra,False,False,-1,-1,0,0.0,,,,,,,,
49,20,0.4,manhattan,False,False,-1,-1,0,0.0,,,,,,,,
49,20,0.4,mlp_table,False,False,-1,-1,0,0.0,,,,,,,,
49,20,0.4,unet,False,False,-1,-1,0,0.0,,,,,,,,
50,20,0.4,dijkstra,False,False,-1,-1,0,0.0,,,,,,,,
50,20,0.4,manhattan,False,False,-1,-1,0,0.0,,,,,,,,
50,20,0.4,mlp_table,False,False,-1,-1,0,0.0,,,,,,,,
50,20,0.4,unet,False,False,-1,-1,0,0.0,,,,,,,,
51,20,0.4,dijkstra,False,False,-1,-1,0,0.0,,,,,,,,
51,20,0.4,manhattan,False,False,-1,-1,0,0.0,,,,,,,,
51,20,0.4,mlp_table,False,False,-1,-1,0,0.0,,,,,,,,
51,20,0.4,unet,False,False,-1,-1,0,0.0,,,,,,,,
52,20,0.4,dijkstra,False,False,-1,-1,0,0.0,,,,,,,,
52,20,0.4,manhattan,False,False,-1,-1,0,0.0,,,,,,,,
52,20,0.4,mlp_table,False,False,-1,-1,0,0.0,,,,,,,,
52,20,0.4,unet,False,False,-1,-1,0,0.0,,,,,,,,
53,20,0.4,dijkstra,False,False,-1,-1,0,0.0,,,,,,,,
53,20,0.4,manhattan,False,False,-1,-1,0,0.0,,,,,,,,
53,20,0.4,mlp_table,False,False,-1,-1,0,0.0,,,,,,,,
53,20,0.4,unet,False,False,-1,-1,0,0.0,,,,,,,,
54,20,0.4,dijkstra,False,False,-1,-1,0,0.0,,,,,,,,
54,20,0.4,manhattan,False,False,-1,-1,0,0.0,,,,,,,,
54,20,0.4,mlp_table,False,False,-1,-1,0,0.0,,,,,,,,
54,20,0.4,unet,False,False,-1,-1,0,0.0,,,,,,,,
55,20,0.4,dijkstra,False,False,-1,-1,0,0.0,,,,,,,,
55,20,0.4,manhattan,False,False,-1,-1,0,0.0,,,,,,,,
55,20,0.4,mlp_table,False,False,-1,-1,0,0.0,,,,,,,,
55,20,0.4,unet,False,False,-1,-1,0,0.0,,,,,,,,
56,20,0.4,dijkstra,False,False,-1,-1,0,0.0,,,,,,,,
56,20,0.4,manhattan,False,False,-1,-1,0,0.0,,,,,,,,
56,20,0.4,mlp_table,False,False,-1,-1,0,0.0,,,,,,,,
56,20,0.4,unet,False,False,-1,-1,0,0.0,,,,,,,,
57,20,0.4,dijkstra,False,False,-1,-1,0,0.0,,,,,,,,
57,20,0.4,manhattan,False,False,-1,-1,0,0.0,,,,,,,,
57,20,0.4,mlp_table,False,False,-1,-1,0,0.0,,,,,,,,
57,20,0.4,unet,False,False,-1,-1,0,0.0,,,,,,,,
58,20,0.4,dijkstra,False,False,-1,-1,0,0.0,,,,,,,,
58,20,0.4,manhattan,False,False,-1,-1,0,0.0,,,,,,,,
58,20,0.4,mlp_table,False,False,-1,-1,0,0.0,,,,,,,,
58,20,0.4,unet,False,False,-1,-1,0,0.0,,,,,,,,
59,20,0.4,dijkstra,False,False,-1,-1,0,0.0,,,,,,,,
59,20,0.4,manhattan,False,False,-1,-1,0,0.0,,,,,,,,
59,20,0.4,mlp_table,False,False,-1,-1,0,0.0,,,,,,,,
59,20,0.4,unet,False,False,-1,-1,0,0.0,,,,,,,,
60,20,0.4,dijkstra,False,False,-1,-1,0,0.0,,,,,,,,
60,20,0.4,manhattan,False,False,-1,-1,0,0.0,,,,,,,,
60,20,0.4,mlp_table,False,False,-1,-1,0,0.0,,,,,,,,
60,20,0.4,unet,False,False,-1,-1,0,0.0,,,,,,,,
61,20,0.4,dijkstra,False,False,-1,-1,0,0.0,,,,,,,,
61,20,0.4,manhattan,False,False,-1,-1,0,0.0,,,,,,,,
61,20,0.4,mlp_table,False,False,-1,-1,0,0.0,,,,,,,,
61,20,0.4,unet,False,False,-1,-1,0,0.0,,,,,,,,
62,20,0.4,dijkstra,False,False,-1,-1,0,0.0,,,,,,,,
62,20,0.4,manhattan,False,False,-1,-1,0,0.0,,,,,,,,
62,20,0.4,mlp_table,False,False,-1,-1,0,0.0,,,,,,,,
62,20,0.4,unet,False,False,-1,-1,0,0.0,,,,,,,,
63,20,0.4,dijkstra,False,False,-1,-1,0,0.0,,,,,,,,
63,20,0.4,manhattan,False,False,-1,-1,0,0.0,,,,,,,,
63,20,0.4,mlp_table,False,False,-1,-1,0,0.0,,,,,,,,
63,20,0.4,unet,False,False,-1,-1,0,0.0,,,,,,,,
64,20,0.4,dijkstra,False,False,-1,-1,0,0.0,,,,,,,,
64,20,0.4,manhattan,False,False,-1,-1,0,0.0,,,,,,,,
64,20,0.4,mlp_table,False,False,-1,-1,0,0.0,,,,,,,,
64,20,0.4,unet,False,False,-1,-1,0,0.0,,,,,,,,
65,20,0.4,dijkstra,False,False,-1,-1,0,0.0,,,,,,,,
65,20,0.4,manhattan,False,False,-1,-1,0,0.0,,,,,,,,
65,20,0.4,mlp_table,False,False,-1,-1,0,0.0,,,,,,,,
65,20,0.4,unet,False,False,-1,-1,0,0.0,,,,,,,,
66,20,0.4,dijkstra,False,False,-1,-1,0,0.0,,,,,,,,
66,20,0.4,manhattan,False,False,-1,-1,0,0.0,,,,,,,,
66,20,0.4,mlp_table,False,False,-1,-1,0,0.0,,,,,,,,
66,20,0.4,unet,False,False,-1,-1,0,0.0,,,,,,,,
67,20,0.4,dijkstra,False,False,-1,-1,0,0.0,,,,,,,,
67,20,0.4,manhattan,False,False,-1,-1,0,0.0,,,,,,,,
67,20,0.4,mlp_table,False,False,-1,-1,0,0.0,,,,,,,,
67,20,0.4,unet,False,False,-1,-1,0,0.0,,,,,,,,
68,20,0.4,dijkstra,False,False,-1,-1,0,0.0,,,,,,,,
68,20,0.4,manhattan,False,False,-1,-1,0,0.0,,,,,,,,
68,20,0.4,mlp_table,False,False,-1,-1,0,0.0,,,,,,,,
68,20,0.4,unet,False,False,-1,-1,0,0.0,,,,,,,,
69,20,0.4,dijkstra,False,False,-1,-1,0,0.0,,,,,,,,
69,20,0.4,manhattan,False,False,-1,-1,0,0.0,,,,,,,,
69,20,0.4,mlp_table,False,False,-1,-1,0,0.0,,,,,,,,
69,20,0.4,unet,False,False,-1,-1,0,0.0,,,,,,,,
70,20,0.4,dijkstra,False,False,-1,-1,0,0.0,,,,,,,,
70,20,0.4,manhattan,False,False,-1,-1,0,0.0,,,,,,,,
70,20,0.4,mlp_table,False,False,-1,-1,0,0.0,,,,,,,,
70,20,0.4,unet,False,False,-1,-1,0,0.0,,,,,,,,
71,20,0.4,dijkstra,False,False,-1,-1,0,0.0,,,,,,,,
71,20,0.4,manhattan,False,False,-1,-1,0,0.0,,,,,,,,
71,20,0.4,mlp_table,False,False,-1,-1,0,0.0,,,,,,,,
71,20,0.4,unet,False,False,-1,-1,0,0.0,,,,,,,,
72,20,0.4,dijkstra,False,False,-1,-1,0,0.0,,,,,,,,
72,20,0.4,manhattan,False,False,-1,-1,0,0.0,,,,,,,,
72,20,0.4,mlp_table,False,False,-1,-1,0,0.0,,,,,,,,
72,20,0.4,unet,False,False,-1,-1,0,0.0,,,,,,,,
73,20,0.4,dijkstra,False,False,-1,-1,0,0.0,,,,,,,,
73,20,0.4,manhattan,False,False,-1,-1,0,0.0,,,,,,,,
73,20,0.4,mlp_table,False,False,-1,-1,0,0.0,,,,,,,,
73,20,0.4,unet,False,False,-1,-1,0,0.0,,,,,,,,
74,20,0.4,dijkstra,True,True,38,38,207,0.0003945420012314571,22.91479820627803,613.9551569506726,24.778118511111224,0.9955156950672646,0.0,0.968609865470852,0.0,0.0
74,20,0.4,manhattan,True,True,38,38,99,0.00021625000044878107,2.8789237668161434,26.206278026905828,5.119206777119462,0.5201793721973094,0.0,0.3452914798206278,0.0,0.0
74,20,0.4,mlp_table,True,True,38,38,98,0.0005195840003580088,2.383799949569018,16.427520109952955,4.0530877254203315,0.5426008968609866,0.452914798206278,0.2825112107623318,0.0,2.377312660217285
74,20,0.4,unet,True,True,38,38,160,0.0007313330006581964,6.284111298787754,63.38500958410922,7.961470315469952,0.16591928251121077,0.8340807174887892,0.03587443946188341,0.6278026905829597,19.907546997070312
75,20,0.4,dijkstra,False,False,-1,-1,0,0.0,,,,,,,,
75,20,0.4,manhattan,False,False,-1,-1,0,0.0,,,,,,,,
75,20,0.4,mlp_table,False,False,-1,-1,0,0.0,,,,,,,,
75,20,0.4,unet,False,False,-1,-1,0,0.0,,,,,,,,
76,20,0.4,dijkstra,False,False,-1,-1,0,0.0,,,,,,,,
76,20,0.4,manhattan,False,False,-1,-1,0,0.0,,,,,,,,
76,20,0.4,mlp_table,False,False,-1,-1,0,0.0,,,,,,,,
76,20,0.4,unet,False,False,-1,-1,0,0.0,,,,,,,,
77,20,0.4,dijkstra,False,False,-1,-1,0,0.0,,,,,,,,
77,20,0.4,manhattan,False,False,-1,-1,0,0.0,,,,,,,,
77,20,0.4,mlp_table,False,False,-1,-1,0,0.0,,,,,,,,
77,20,0.4,unet,False,False,-1,-1,0,0.0,,,,,,,,
78,20,0.4,dijkstra,False,False,-1,-1,0,0.0,,,,,,,,
78,20,0.4,manhattan,False,False,-1,-1,0,0.0,,,,,,,,
78,20,0.4,mlp_table,False,False,-1,-1,0,0.0,,,,,,,,
78,20,0.4,unet,False,False,-1,-1,0,0.0,,,,,,,,
79,20,0.4,dijkstra,False,False,-1,-1,0,0.0,,,,,,,,
79,20,0.4,manhattan,False,False,-1,-1,0,0.0,,,,,,,,
79,20,0.4,mlp_table,False,False,-1,-1,0,0.0,,,,,,,,
79,20,0.4,unet,False,False,-1,-1,0,0.0,,,,,,,,
80,20,0.4,dijkstra,False,False,-1,-1,0,0.0,,,,,,,,
80,20,0.4,manhattan,False,False,-1,-1,0,0.0,,,,,,,,
80,20,0.4,mlp_table,False,False,-1,-1,0,0.0,,,,,,,,
80,20,0.4,unet,False,False,-1,-1,0,0.0,,,,,,,,
81,20,0.4,dijkstra,False,False,-1,-1,0,0.0,,,,,,,,
81,20,0.4,manhattan,False,False,-1,-1,0,0.0,,,,,,,,
81,20,0.4,mlp_table,False,False,-1,-1,0,0.0,,,,,,,,
81,20,0.4,unet,False,False,-1,-1,0,0.0,,,,,,,,
82,20,0.4,dijkstra,False,False,-1,-1,0,0.0,,,,,,,,
82,20,0.4,manhattan,False,False,-1,-1,0,0.0,,,,,,,,
82,20,0.4,mlp_table,False,False,-1,-1,0,0.0,,,,,,,,
82,20,0.4,unet,False,False,-1,-1,0,0.0,,,,,,,,
83,20,0.4,dijkstra,True,True,38,38,199,0.00038041699917812366,26.10891089108911,844.9207920792079,29.06752125791272,0.995049504950495,0.0,0.9603960396039604,0.0,0.0
83,20,0.4,manhattan,True,True,38,38,131,0.00029791700035275426,7.376237623762377,153.68316831683168,12.396901561149532,0.5643564356435643,0.0,0.44554455445544555,0.0,0.0
83,20,0.4,mlp_table,True,True,38,38,109,0.0005826249998790445,7.072490688007657,137.00597758661903,11.70495525777946,0.5594059405940595,0.43564356435643564,0.44554455445544555,0.0,1.8839330673217773
83,20,0.4,unet,True,True,38,38,95,0.0005057500002294546,5.835403300748013,81.78675479835987,9.04360297659953,0.5,0.5,0.31683168316831684,0.20297029702970298,6.226875305175781
84,20,0.4,dijkstra,False,False,-1,-1,0,0.0,,,,,,,,
84,20,0.4,manhattan,False,False,-1,-1,0,0.0,,,,,,,,
84,20,0.4,mlp_table,False,False,-1,-1,0,0.0,,,,,,,,
84,20,0.4,unet,False,False,-1,-1,0,0.0,,,,,,,,
85,20,0.4,dijkstra,False,False,-1,-1,0,0.0,,,,,,,,
85,20,0.4,manhattan,False,False,-1,-1,0,0.0,,,,,,,,
85,20,0.4,mlp_table,False,False,-1,-1,0,0.0,,,,,,,,
85,20,0.4,unet,False,False,-1,-1,0,0.0,,,,,,,,
86,20,0.4,dijkstra,False,False,-1,-1,0,0.0,,,,,,,,
86,20,0.4,manhattan,False,False,-1,-1,0,0.0,,,,,,,,
86,20,0.4,mlp_table,False,False,-1,-1,0,0.0,,,,,,,,
86,20,0.4,unet,False,False,-1,-1,0,0.0,,,,,,,,
87,20,0.4,dijkstra,False,False,-1,-1,0,0.0,,,,,,,,
87,20,0.4,manhattan,False,False,-1,-1,0,0.0,,,,,,,,
87,20,0.4,mlp_table,False,False,-1,-1,0,0.0,,,,,,,,
87,20,0.4,unet,False,False,-1,-1,0,0.0,,,,,,,,
88,20,0.4,dijkstra,False,False,-1,-1,0,0.0,,,,,,,,
88,20,0.4,manhattan,False,False,-1,-1,0,0.0,,,,,,,,
88,20,0.4,mlp_table,False,False,-1,-1,0,0.0,,,,,,,,
88,20,0.4,unet,False,False,-1,-1,0,0.0,,,,,,,,
89,20,0.4,dijkstra,False,False,-1,-1,0,0.0,,,,,,,,
89,20,0.4,manhattan,False,False,-1,-1,0,0.0,,,,,,,,
89,20,0.4,mlp_table,False,False,-1,-1,0,0.0,,,,,,,,
89,20,0.4,unet,False,False,-1,-1,0,0.0,,,,,,,,
90,20,0.4,dijkstra,False,False,-1,-1,0,0.0,,,,,,,,
90,20,0.4,manhattan,False,False,-1,-1,0,0.0,,,,,,,,
90,20,0.4,mlp_table,False,False,-1,-1,0,0.0,,,,,,,,
90,20,0.4,unet,False,False,-1,-1,0,0.0,,,,,,,,
91,20,0.4,dijkstra,False,False,-1,-1,0,0.0,,,,,,,,
91,20,0.4,manhattan,False,False,-1,-1,0,0.0,,,,,,,,
91,20,0.4,mlp_table,False,False,-1,-1,0,0.0,,,,,,,,
91,20,0.4,unet,False,False,-1,-1,0,0.0,,,,,,,,
92,20,0.4,dijkstra,False,False,-1,-1,0,0.0,,,,,,,,
92,20,0.4,manhattan,False,False,-1,-1,0,0.0,,,,,,,,
92,20,0.4,mlp_table,False,False,-1,-1,0,0.0,,,,,,,,
92,20,0.4,unet,False,False,-1,-1,0,0.0,,,,,,,,
93,20,0.4,dijkstra,True,True,48,48,128,0.00023933299962664023,25.1171875,807.2265625,28.411732831701766,0.9921875,0.0,0.9609375,0.0,0.0
93,20,0.4,manhattan,True,True,48,48,102,0.00020958399909432046,6.03125,60.375,7.770135133960027,0.8046875,0.0,0.671875,0.0,0.0
93,20,0.4,mlp_table,True,True,48,48,96,0.00045804199908161536,5.702439535409212,55.38870494884514,7.442358829621503,0.8046875,0.1875,0.65625,0.0,1.54368257522583
93,20,0.4,unet,True,True,48,48,105,0.00047958399954950437,9.254479628056288,103.68103367016776,10.18238840695874,0.34375,0.65625,0.3203125,0.6171875,20.652053833007812
94,20,0.4,dijkstra,False,False,-1,-1,0,0.0,,,,,,,,
94,20,0.4,manhattan,False,False,-1,-1,0,0.0,,,,,,,,
94,20,0.4,mlp_table,False,False,-1,-1,0,0.0,,,,,,,,
94,20,0.4,unet,False,False,-1,-1,0,0.0,,,,,,,,
95,20,0.4,dijkstra,False,False,-1,-1,0,0.0,,,,,,,,
95,20,0.4,manhattan,False,False,-1,-1,0,0.0,,,,,,,,
95,20,0.4,mlp_table,False,False,-1,-1,0,0.0,,,,,,,,
95,20,0.4,unet,False,False,-1,-1,0,0.0,,,,,,,,
96,20,0.4,dijkstra,False,False,-1,-1,0,0.0,,,,,,,,
96,20,0.4,manhattan,False,False,-1,-1,0,0.0,,,,,,,,
96,20,0.4,mlp_table,False,False,-1,-1,0,0.0,,,,,,,,
96,20,0.4,unet,False,False,-1,-1,0,0.0,,,,,,,,
97,20,0.4,dijkstra,False,False,-1,-1,0,0.0,,,,,,,,
97,20,0.4,manhattan,False,False,-1,-1,0,0.0,,,,,,,,
97,20,0.4,mlp_table,False,False,-1,-1,0,0.0,,,,,,,,
97,20,0.4,unet,False,False,-1,-1,0,0.0,,,,,,,,
98,20,0.4,dijkstra,False,False,-1,-1,0,0.0,,,,,,,,
98,20,0.4,manhattan,False,False,-1,-1,0,0.0,,,,,,,,
98,20,0.4,mlp_table,False,False,-1,-1,0,0.0,,,,,,,,
98,20,0.4,unet,False,False,-1,-1,0,0.0,,,,,,,,
99,20,0.4,dijkstra,False,False,-1,-1,0,0.0,,,,,,,,
99,20,0.4,manhattan,False,False,-1,-1,0,0.0,,,,,,,,
99,20,0.4,mlp_table,False,False,-1,-1,0,0.0,,,,,,,,
99,20,0.4,unet,False,False,-1,-1,0,0.0,,,,,,,,
