subset,case_id,seed,map_size,obstacle_rate,start_goal_mode,start,goal,optimal_cost,path_stretch,corridor_rate,articulation_count,structure_labels,path_stretch_bin,corridor_rate_bin,articulation_count_bin
high_stretch,random_rate0.1_seed0_s6-19_g7-3,0,20,0.1,random,"6,19","7,3",21.0,1.2352941176470589,0.075,2,open space; multiple alternative routes,high,low,low
geometry_easy,random_rate0.2_seed0_s12-12_g7-11,0,20,0.2,random,"12,12","7,11",6.0,1.0,0.18960244648318042,8,sparse obstacles,low,low,low
obstacle_structured,random_rate0.3_seed0_s3-2_g17-7,0,20,0.3,random,"3,2","17,7",23.0,1.2105263157894737,0.3745704467353952,18,dense obstacles; narrow corridor; multiple alternative routes; maze-like,high,medium,medium
high_stretch,random_rate0.3_seed0_s3-2_g17-7,0,20,0.3,random,"3,2","17,7",23.0,1.2105263157894737,0.3745704467353952,18,dense obstacles; narrow corridor; multiple alternative routes; maze-like,high,medium,medium
obstacle_structured,random_rate0.4_seed0_s6-0_g2-11,0,20,0.4,random,"6,0","2,11",19.0,1.2666666666666666,0.5742971887550201,114,maze-like; large obstacle block; narrow corridor; bottleneck; multiple alternative routes,high,high,high
high_stretch,random_rate0.4_seed0_s6-0_g2-11,0,20,0.4,random,"6,0","2,11",19.0,1.2666666666666666,0.5742971887550201,114,maze-like; large obstacle block; narrow corridor; bottleneck; multiple alternative routes,high,high,high
high_corridor,random_rate0.4_seed0_s6-0_g2-11,0,20,0.4,random,"6,0","2,11",19.0,1.2666666666666666,0.5742971887550201,114,maze-like; large obstacle block; narrow corridor; bottleneck; multiple alternative routes,high,high,high
high_articulation,random_rate0.4_seed0_s6-0_g2-11,0,20,0.4,random,"6,0","2,11",19.0,1.2666666666666666,0.5742971887550201,114,maze-like; large obstacle block; narrow corridor; bottleneck; multiple alternative routes,high,high,high
geometry_easy,random_rate0.1_seed1_s19-11_g8-9,1,20,0.1,random,"19,11","8,9",13.0,1.0,0.12394366197183099,12,open space; multiple alternative routes,low,low,low
obstacle_structured,random_rate0.3_seed1_s2-5_g9-3,1,20,0.3,random,"2,5","9,3",11.0,1.2222222222222223,0.40441176470588236,42,dense obstacles; narrow corridor; bottleneck; multiple alternative routes; maze-like,high,medium,medium
high_stretch,random_rate0.3_seed1_s2-5_g9-3,1,20,0.3,random,"2,5","9,3",11.0,1.2222222222222223,0.40441176470588236,42,dense obstacles; narrow corridor; bottleneck; multiple alternative routes; maze-like,high,medium,medium
obstacle_structured,random_rate0.4_seed1_s3-14_g5-17,1,20,0.4,random,"3,14","5,17",5.0,1.0,0.5991379310344828,93,maze-like; large obstacle block; narrow corridor; bottleneck; multiple alternative routes,low,high,high
high_corridor,random_rate0.4_seed1_s3-14_g5-17,1,20,0.4,random,"3,14","5,17",5.0,1.0,0.5991379310344828,93,maze-like; large obstacle block; narrow corridor; bottleneck; multiple alternative routes,low,high,high
high_articulation,random_rate0.4_seed1_s3-14_g5-17,1,20,0.4,random,"3,14","5,17",5.0,1.0,0.5991379310344828,93,maze-like; large obstacle block; narrow corridor; bottleneck; multiple alternative routes,low,high,high
geometry_easy,random_rate0.1_seed10_s18-5_g12-8,10,20,0.1,random,"18,5","12,8",9.0,1.0,0.0898876404494382,4,open space; multiple alternative routes,low,low,low
obstacle_structured,random_rate0.3_seed10_s2-14_g11-17,10,20,0.3,random,"2,14","11,17",18.0,1.5,0.3797909407665505,35,dense obstacles; narrow corridor; bottleneck; multiple alternative routes; maze-like,high,medium,medium
high_stretch,random_rate0.3_seed10_s2-14_g11-17,10,20,0.3,random,"2,14","11,17",18.0,1.5,0.3797909407665505,35,dense obstacles; narrow corridor; bottleneck; multiple alternative routes; maze-like,high,medium,medium
obstacle_structured,random_rate0.4_seed10_s8-18_g4-6,10,20,0.4,random,"8,18","4,6",16.0,1.0,0.5120967741935484,80,maze-like; narrow corridor; bottleneck; multiple alternative routes,low,high,high
high_corridor,random_rate0.4_seed10_s8-18_g4-6,10,20,0.4,random,"8,18","4,6",16.0,1.0,0.5120967741935484,80,maze-like; narrow corridor; bottleneck; multiple alternative routes,low,high,high
high_articulation,random_rate0.4_seed10_s8-18_g4-6,10,20,0.4,random,"8,18","4,6",16.0,1.0,0.5120967741935484,80,maze-like; narrow corridor; bottleneck; multiple alternative routes,low,high,high
geometry_easy,random_rate0.1_seed11_s14-19_g10-4,11,20,0.1,random,"14,19","10,4",19.0,1.0,0.1,3,open space; multiple alternative routes,low,low,low
obstacle_structured,random_rate0.3_seed11_s11-2_g18-2,11,20,0.3,random,"11,2","18,2",11.0,1.5714285714285714,0.4035714285714286,52,dense obstacles; narrow corridor; bottleneck; maze-like,high,medium,medium
high_stretch,random_rate0.3_seed11_s11-2_g18-2,11,20,0.3,random,"11,2","18,2",11.0,1.5714285714285714,0.4035714285714286,52,dense obstacles; narrow corridor; bottleneck; maze-like,high,medium,medium
obstacle_structured,random_rate0.4_seed11_s16-13_g17-5,11,20,0.4,random,"16,13","17,5",19.0,2.111111111111111,0.5748987854251012,78,maze-like; narrow corridor; bottleneck; multiple alternative routes,high,high,high
high_stretch,random_rate0.4_seed11_s16-13_g17-5,11,20,0.4,random,"16,13","17,5",19.0,2.111111111111111,0.5748987854251012,78,maze-like; narrow corridor; bottleneck; multiple alternative routes,high,high,high
high_corridor,random_rate0.4_seed11_s16-13_g17-5,11,20,0.4,random,"16,13","17,5",19.0,2.111111111111111,0.5748987854251012,78,maze-like; narrow corridor; bottleneck; multiple alternative routes,high,high,high
high_articulation,random_rate0.4_seed11_s16-13_g17-5,11,20,0.4,random,"16,13","17,5",19.0,2.111111111111111,0.5748987854251012,78,maze-like; narrow corridor; bottleneck; multiple alternative routes,high,high,high
geometry_easy,random_rate0.1_seed12_s6-9_g17-17,12,20,0.1,random,"6,9","17,17",19.0,1.0,0.07608695652173914,2,open space; multiple alternative routes,low,low,low
geometry_easy,random_rate0.2_seed12_s19-2_g7-12,12,20,0.2,random,"19,2","7,12",22.0,1.0,0.17575757575757575,7,sparse obstacles; multiple alternative routes,low,low,low
obstacle_structured,random_rate0.3_seed12_s8-19_g16-13,12,20,0.3,random,"8,19","16,13",14.0,1.0,0.38596491228070173,33,dense obstacles; narrow corridor; bottleneck; multiple alternative routes; maze-like,low,medium,medium
obstacle_structured,random_rate0.4_seed12_s14-19_g18-12,12,20,0.4,random,"14,19","18,12",11.0,1.0,0.5565217391304348,91,maze-like; large obstacle block; narrow corridor; bottleneck,low,high,high
high_corridor,random_rate0.4_seed12_s14-19_g18-12,12,20,0.4,random,"14,19","18,12",11.0,1.0,0.5565217391304348,91,maze-like; large obstacle block; narrow corridor; bottleneck,low,high,high
high_articulation,random_rate0.4_seed12_s14-19_g18-12,12,20,0.4,random,"14,19","18,12",11.0,1.0,0.5565217391304348,91,maze-like; large obstacle block; narrow corridor; bottleneck,low,high,high
geometry_easy,random_rate0.1_seed13_s6-8_g0-11,13,20,0.1,random,"6,8","0,11",9.0,1.0,0.10803324099722991,4,open space; multiple alternative routes,low,low,low
obstacle_structured,random_rate0.3_seed13_s14-8_g1-14,13,20,0.3,random,"14,8","1,14",25.0,1.3157894736842106,0.5247148288973384,88,maze-like; narrow corridor; bottleneck,high,high,high
high_stretch,random_rate0.3_seed13_s14-8_g1-14,13,20,0.3,random,"14,8","1,14",25.0,1.3157894736842106,0.5247148288973384,88,maze-like; narrow corridor; bottleneck,high,high,high
high_corridor,random_rate0.3_seed13_s14-8_g1-14,13,20,0.3,random,"14,8","1,14",25.0,1.3157894736842106,0.5247148288973384,88,maze-like; narrow corridor; bottleneck,high,high,high
high_articulation,random_rate0.3_seed13_s14-8_g1-14,13,20,0.3,random,"14,8","1,14",25.0,1.3157894736842106,0.5247148288973384,88,maze-like; narrow corridor; bottleneck,high,high,high
obstacle_structured,random_rate0.4_seed13_s10-1_g7-2,13,20,0.4,random,"10,1","7,2",6.0,1.5,0.6079295154185022,97,maze-like; large obstacle block; narrow corridor; bottleneck,high,high,high
high_stretch,random_rate0.4_seed13_s10-1_g7-2,13,20,0.4,random,"10,1","7,2",6.0,1.5,0.6079295154185022,97,maze-like; large obstacle block; narrow corridor; bottleneck,high,high,high
high_corridor,random_rate0.4_seed13_s10-1_g7-2,13,20,0.4,random,"10,1","7,2",6.0,1.5,0.6079295154185022,97,maze-like; large obstacle block; narrow corridor; bottleneck,high,high,high
high_articulation,random_rate0.4_seed13_s10-1_g7-2,13,20,0.4,random,"10,1","7,2",6.0,1.5,0.6079295154185022,97,maze-like; large obstacle block; narrow corridor; bottleneck,high,high,high
geometry_easy,random_rate0.1_seed14_s6-9_g12-14,14,20,0.1,random,"6,9","12,14",11.0,1.0,0.08196721311475409,5,open space; bottleneck; multiple alternative routes,low,low,low
obstacle_structured,random_rate0.1_seed14_s6-9_g12-14,14,20,0.1,random,"6,9","12,14",11.0,1.0,0.08196721311475409,5,open space; bottleneck; multiple alternative routes,low,low,low
obstacle_structured,random_rate0.3_seed14_s0-3_g10-3,14,20,0.3,random,"0,3","10,3",14.0,1.4,0.4528985507246377,65,dense obstacles; narrow corridor; bottleneck; maze-like,high,high,high
high_stretch,random_rate0.3_seed14_s0-3_g10-3,14,20,0.3,random,"0,3","10,3",14.0,1.4,0.4528985507246377,65,dense obstacles; narrow corridor; bottleneck; maze-like,high,high,high
high_corridor,random_rate0.3_seed14_s0-3_g10-3,14,20,0.3,random,"0,3","10,3",14.0,1.4,0.4528985507246377,65,dense obstacles; narrow corridor; bottleneck; maze-like,high,high,high
high_articulation,random_rate0.3_seed14_s0-3_g10-3,14,20,0.3,random,"0,3","10,3",14.0,1.4,0.4528985507246377,65,dense obstacles; narrow corridor; bottleneck; maze-like,high,high,high
obstacle_structured,random_rate0.4_seed14_s15-9_g1-1,14,20,0.4,random,"15,9","1,1",22.0,1.0,0.6452991452991453,111,maze-like; narrow corridor; bottleneck,low,high,high
high_corridor,random_rate0.4_seed14_s15-9_g1-1,14,20,0.4,random,"15,9","1,1",22.0,1.0,0.6452991452991453,111,maze-like; narrow corridor; bottleneck,low,high,high
high_articulation,random_rate0.4_seed14_s15-9_g1-1,14,20,0.4,random,"15,9","1,1",22.0,1.0,0.6452991452991453,111,maze-like; narrow corridor; bottleneck,low,high,high
geometry_easy,random_rate0.1_seed15_s16-0_g3-12,15,20,0.1,random,"16,0","3,12",25.0,1.0,0.07567567567567568,1,open space; multiple alternative routes,low,low,low
high_stretch,random_rate0.2_seed15_s7-12_g4-0,15,20,0.2,random,"7,12","4,0",19.0,1.2666666666666666,0.19090909090909092,13,sparse obstacles,high,low,low
obstacle_structured,random_rate0.3_seed15_s15-19_g5-11,15,20,0.3,random,"15,19","5,11",18.0,1.0,0.33221476510067116,34,dense obstacles; bottleneck; multiple alternative routes; maze-like,low,medium,medium
obstacle_structured,random_rate0.4_seed15_s7-10_g11-11,15,20,0.4,random,"7,10","11,11",7.0,1.4,0.5396825396825397,67,maze-like; narrow corridor; bottleneck,high,high,high
high_stretch,random_rate0.4_seed15_s7-10_g11-11,15,20,0.4,random,"7,10","11,11",7.0,1.4,0.5396825396825397,67,maze-like; narrow corridor; bottleneck,high,high,high
high_corridor,random_rate0.4_seed15_s7-10_g11-11,15,20,0.4,random,"7,10","11,11",7.0,1.4,0.5396825396825397,67,maze-like; narrow corridor; bottleneck,high,high,high
high_articulation,random_rate0.4_seed15_s7-10_g11-11,15,20,0.4,random,"7,10","11,11",7.0,1.4,0.5396825396825397,67,maze-like; narrow corridor; bottleneck,high,high,high
geometry_easy,random_rate0.1_seed16_s16-14_g8-3,16,20,0.1,random,"16,14","8,3",19.0,1.0,0.11614730878186968,3,open space; multiple alternative routes,low,low,low
high_stretch,random_rate0.2_seed16_s9-2_g11-4,16,20,0.2,random,"9,2","11,4",6.0,1.5,0.2597402597402597,18,sparse obstacles,high,medium,medium
obstacle_structured,random_rate0.3_seed16_s14-8_g10-9,16,20,0.3,random,"14,8","10,9",5.0,1.0,0.4349442379182156,77,dense obstacles; narrow corridor; bottleneck; maze-like,low,medium,high
high_articulation,random_rate0.3_seed16_s14-8_g10-9,16,20,0.3,random,"14,8","10,9",5.0,1.0,0.4349442379182156,77,dense obstacles; narrow corridor; bottleneck; maze-like,low,medium,high
obstacle_structured,random_rate0.4_seed16_s17-17_g10-13,16,20,0.4,random,"17,17","10,13",15.0,1.3636363636363635,0.6196581196581197,92,maze-like; narrow corridor; bottleneck,high,high,high
high_stretch,random_rate0.4_seed16_s17-17_g10-13,16,20,0.4,random,"17,17","10,13",15.0,1.3636363636363635,0.6196581196581197,92,maze-like; narrow corridor; bottleneck,high,high,high
high_corridor,random_rate0.4_seed16_s17-17_g10-13,16,20,0.4,random,"17,17","10,13",15.0,1.3636363636363635,0.6196581196581197,92,maze-like; narrow corridor; bottleneck,high,high,high
high_articulation,random_rate0.4_seed16_s17-17_g10-13,16,20,0.4,random,"17,17","10,13",15.0,1.3636363636363635,0.6196581196581197,92,maze-like; narrow corridor; bottleneck,high,high,high
geometry_easy,random_rate0.1_seed17_s6-8_g5-15,17,20,0.1,random,"6,8","5,15",8.0,1.0,0.08310249307479224,6,open space; multiple alternative routes,low,low,low
obstacle_structured,random_rate0.3_seed17_s6-19_g11-13,17,20,0.3,random,"6,19","11,13",11.0,1.0,0.4078014184397163,42,dense obstacles; narrow corridor; bottleneck; maze-like,low,medium,medium
obstacle_structured,random_rate0.4_seed17_s1-16_g10-8,17,20,0.4,random,"1,16","10,8",21.0,1.2352941176470589,0.6170212765957447,87,maze-like; narrow corridor; bottleneck; multiple alternative routes,high,high,high
high_stretch,random_rate0.4_seed17_s1-16_g10-8,17,20,0.4,random,"1,16","10,8",21.0,1.2352941176470589,0.6170212765957447,87,maze-like; narrow corridor; bottleneck; multiple alternative routes,high,high,high
high_corridor,random_rate0.4_seed17_s1-16_g10-8,17,20,0.4,random,"1,16","10,8",21.0,1.2352941176470589,0.6170212765957447,87,maze-like; narrow corridor; bottleneck; multiple alternative routes,high,high,high
high_articulation,random_rate0.4_seed17_s1-16_g10-8,17,20,0.4,random,"1,16","10,8",21.0,1.2352941176470589,0.6170212765957447,87,maze-like; narrow corridor; bottleneck; multiple alternative routes,high,high,high
geometry_easy,random_rate0.1_seed18_s18-0_g15-7,18,20,0.1,random,"18,0","15,7",10.0,1.0,0.059782608695652176,5,open space; multiple alternative routes,low,low,low
geometry_easy,random_rate0.2_seed18_s6-14_g13-8,18,20,0.2,random,"6,14","13,8",13.0,1.0,0.19814241486068113,14,sparse obstacles; multiple alternative routes,low,low,low
obstacle_structured,random_rate0.3_seed18_s1-13_g12-18,18,20,0.3,random,"1,13","12,18",48.0,3.0,0.420863309352518,72,dense obstacles; narrow corridor; bottleneck; maze-like,high,medium,high
high_stretch,random_rate0.3_seed18_s1-13_g12-18,18,20,0.3,random,"1,13","12,18",48.0,3.0,0.420863309352518,72,dense obstacles; narrow corridor; bottleneck; maze-like,high,medium,high
high_articulation,random_rate0.3_seed18_s1-13_g12-18,18,20,0.3,random,"1,13","12,18",48.0,3.0,0.420863309352518,72,dense obstacles; narrow corridor; bottleneck; maze-like,high,medium,high
obstacle_structured,random_rate0.4_seed18_s8-13_g1-9,18,20,0.4,random,"8,13","1,9",11.0,1.0,0.5428571428571428,82,maze-like; large obstacle block; narrow corridor; bottleneck,low,high,high
high_corridor,random_rate0.4_seed18_s8-13_g1-9,18,20,0.4,random,"8,13","1,9",11.0,1.0,0.5428571428571428,82,maze-like; large obstacle block; narrow corridor; bottleneck,low,high,high
high_articulation,random_rate0.4_seed18_s8-13_g1-9,18,20,0.4,random,"8,13","1,9",11.0,1.0,0.5428571428571428,82,maze-like; large obstacle block; narrow corridor; bottleneck,low,high,high
obstacle_structured,random_rate0.3_seed19_s4-11_g11-15,19,20,0.3,random,"4,11","11,15",11.0,1.0,0.43911439114391143,39,dense obstacles; large obstacle block; narrow corridor; bottleneck; multiple alternative routes; maze-like,low,high,medium
high_corridor,random_rate0.3_seed19_s4-11_g11-15,19,20,0.3,random,"4,11","11,15",11.0,1.0,0.43911439114391143,39,dense obstacles; large obstacle block; narrow corridor; bottleneck; multiple alternative routes; maze-like,low,high,medium
obstacle_structured,random_rate0.4_seed19_s18-0_g18-2,19,20,0.4,random,"18,0","18,2",4.0,2.0,0.6359649122807017,83,maze-like; large obstacle block; narrow corridor; bottleneck,high,high,high
high_stretch,random_rate0.4_seed19_s18-0_g18-2,19,20,0.4,random,"18,0","18,2",4.0,2.0,0.6359649122807017,83,maze-like; large obstacle block; narrow corridor; bottleneck,high,high,high
high_corridor,random_rate0.4_seed19_s18-0_g18-2,19,20,0.4,random,"18,0","18,2",4.0,2.0,0.6359649122807017,83,maze-like; large obstacle block; narrow corridor; bottleneck,high,high,high
high_articulation,random_rate0.4_seed19_s18-0_g18-2,19,20,0.4,random,"18,0","18,2",4.0,2.0,0.6359649122807017,83,maze-like; large obstacle block; narrow corridor; bottleneck,high,high,high
geometry_easy,random_rate0.1_seed2_s4-3_g6-10,2,20,0.1,random,"4,3","6,10",9.0,1.0,0.1092436974789916,6,open space; bottleneck,low,low,low
obstacle_structured,random_rate0.1_seed2_s4-3_g6-10,2,20,0.1,random,"4,3","6,10",9.0,1.0,0.1092436974789916,6,open space; bottleneck,low,low,low
obstacle_structured,random_rate0.2_seed2_s5-5_g7-17,2,20,0.2,random,"5,5","7,17",14.0,1.0,0.23052959501557632,18,sparse obstacles; bottleneck,low,medium,medium
obstacle_structured,random_rate0.3_seed2_s7-1_g10-2,2,20,0.3,random,"7,1","10,2",4.0,1.0,0.3811188811188811,51,dense obstacles; narrow corridor; bottleneck; maze-like,low,medium,medium
obstacle_structured,random_rate0.4_seed2_s7-7_g14-7,2,20,0.4,random,"7,7","14,7",11.0,1.5714285714285714,0.5378486055776892,71,maze-like; narrow corridor; bottleneck; multiple alternative routes,high,high,high
high_stretch,random_rate0.4_seed2_s7-7_g14-7,2,20,0.4,random,"7,7","14,7",11.0,1.5714285714285714,0.5378486055776892,71,maze-like; narrow corridor; bottleneck; multiple alternative routes,high,high,high
high_corridor,random_rate0.4_seed2_s7-7_g14-7,2,20,0.4,random,"7,7","14,7",11.0,1.5714285714285714,0.5378486055776892,71,maze-like; narrow corridor; bottleneck; multiple alternative routes,high,high,high
high_articulation,random_rate0.4_seed2_s7-7_g14-7,2,20,0.4,random,"7,7","14,7",11.0,1.5714285714285714,0.5378486055776892,71,maze-like; narrow corridor; bottleneck; multiple alternative routes,high,high,high
geometry_easy,random_rate0.1_seed20_s10-15_g15-19,20,20,0.1,random,"10,15","15,19",9.0,1.0,0.13068181818181818,5,open space; multiple alternative routes,low,low,low
obstacle_structured,random_rate0.2_seed20_s9-9_g8-13,20,20,0.2,random,"9,9","8,13",7.0,1.4,0.32247557003257327,25,sparse obstacles; bottleneck; multiple alternative routes,high,medium,medium
high_stretch,random_rate0.2_seed20_s9-9_g8-13,20,20,0.2,random,"9,9","8,13",7.0,1.4,0.32247557003257327,25,sparse obstacles; bottleneck; multiple alternative routes,high,medium,medium
obstacle_structured,random_rate0.3_seed20_s11-14_g10-19,20,20,0.3,random,"11,14","10,19",8.0,1.3333333333333333,0.4810606060606061,74,maze-like; narrow corridor; bottleneck,high,high,high
high_stretch,random_rate0.3_seed20_s11-14_g10-19,20,20,0.3,random,"11,14","10,19",8.0,1.3333333333333333,0.4810606060606061,74,maze-like; narrow corridor; bottleneck,high,high,high
high_corridor,random_rate0.3_seed20_s11-14_g10-19,20,20,0.3,random,"11,14","10,19",8.0,1.3333333333333333,0.4810606060606061,74,maze-like; narrow corridor; bottleneck,high,high,high
high_articulation,random_rate0.3_seed20_s11-14_g10-19,20,20,0.3,random,"11,14","10,19",8.0,1.3333333333333333,0.4810606060606061,74,maze-like; narrow corridor; bottleneck,high,high,high
obstacle_structured,random_rate0.4_seed20_s5-10_g7-10,20,20,0.4,random,"5,10","7,10",2.0,1.0,0.6188340807174888,85,maze-like; large obstacle block; narrow corridor; bottleneck,low,high,high
high_corridor,random_rate0.4_seed20_s5-10_g7-10,20,20,0.4,random,"5,10","7,10",2.0,1.0,0.6188340807174888,85,maze-like; large obstacle block; narrow corridor; bottleneck,low,high,high
high_articulation,random_rate0.4_seed20_s5-10_g7-10,20,20,0.4,random,"5,10","7,10",2.0,1.0,0.6188340807174888,85,maze-like; large obstacle block; narrow corridor; bottleneck,low,high,high
geometry_easy,random_rate0.1_seed21_s13-3_g12-1,21,20,0.1,random,"13,3","12,1",3.0,1.0,0.125,1,open space; multiple alternative routes,low,low,low
obstacle_structured,random_rate0.3_seed21_s1-18_g17-16,21,20,0.3,random,"1,18","17,16",24.0,1.3333333333333333,0.4234875444839858,40,dense obstacles; narrow corridor; bottleneck; multiple alternative routes; maze-like,high,medium,medium
high_stretch,random_rate0.3_seed21_s1-18_g17-16,21,20,0.3,random,"1,18","17,16",24.0,1.3333333333333333,0.4234875444839858,40,dense obstacles; narrow corridor; bottleneck; multiple alternative routes; maze-like,high,medium,medium
obstacle_structured,random_rate0.4_seed21_s0-6_g11-14,21,20,0.4,random,"0,6","11,14",21.0,1.105263157894737,0.5732217573221757,56,maze-like; narrow corridor; bottleneck,medium,high,high
high_corridor,random_rate0.4_seed21_s0-6_g11-14,21,20,0.4,random,"0,6","11,14",21.0,1.105263157894737,0.5732217573221757,56,maze-like; narrow corridor; bottleneck,medium,high,high
high_articulation,random_rate0.4_seed21_s0-6_g11-14,21,20,0.4,random,"0,6","11,14",21.0,1.105263157894737,0.5732217573221757,56,maze-like; narrow corridor; bottleneck,medium,high,high
geometry_easy,random_rate0.1_seed22_s6-1_g1-10,22,20,0.1,random,"6,1","1,10",14.0,1.0,0.12011173184357542,5,open space; multiple alternative routes,low,low,low
obstacle_structured,random_rate0.2_seed22_s0-6_g9-1,22,20,0.2,random,"0,6","9,1",14.0,1.0,0.25396825396825395,28,sparse obstacles; bottleneck; multiple alternative routes,low,medium,medium
obstacle_structured,random_rate0.3_seed22_s5-2_g17-17,22,20,0.3,random,"5,2","17,17",27.0,1.0,0.38848920863309355,36,dense obstacles; narrow corridor; bottleneck; multiple alternative routes; maze-like,low,medium,medium
obstacle_structured,random_rate0.4_seed22_s17-5_g10-15,22,20,0.4,random,"17,5","10,15",17.0,1.0,0.5974025974025974,89,maze-like; large obstacle block; narrow corridor; bottleneck,low,high,high
high_corridor,random_rate0.4_seed22_s17-5_g10-15,22,20,0.4,random,"17,5","10,15",17.0,1.0,0.5974025974025974,89,maze-like; large obstacle block; narrow corridor; bottleneck,low,high,high
high_articulation,random_rate0.4_seed22_s17-5_g10-15,22,20,0.4,random,"17,5","10,15",17.0,1.0,0.5974025974025974,89,maze-like; large obstacle block; narrow corridor; bottleneck,low,high,high
geometry_easy,random_rate0.1_seed23_s6-18_g15-6,23,20,0.1,random,"6,18","15,6",21.0,1.0,0.09615384615384616,1,open space; multiple alternative routes,low,low,low
obstacle_structured,random_rate0.3_seed23_s1-6_g17-5,23,20,0.3,random,"1,6","17,5",25.0,1.4705882352941178,0.35294117647058826,26,dense obstacles; narrow corridor; bottleneck; maze-like,high,medium,medium
high_stretch,random_rate0.3_seed23_s1-6_g17-5,23,20,0.3,random,"1,6","17,5",25.0,1.4705882352941178,0.35294117647058826,26,dense obstacles; narrow corridor; bottleneck; maze-like,high,medium,medium
obstacle_structured,random_rate0.4_seed23_s18-19_g5-7,23,20,0.4,random,"18,19","5,7",27.0,1.08,0.49206349206349204,74,maze-like; narrow corridor; bottleneck,medium,high,high
high_corridor,random_rate0.4_seed23_s18-19_g5-7,23,20,0.4,random,"18,19","5,7",27.0,1.08,0.49206349206349204,74,maze-like; narrow corridor; bottleneck,medium,high,high
high_articulation,random_rate0.4_seed23_s18-19_g5-7,23,20,0.4,random,"18,19","5,7",27.0,1.08,0.49206349206349204,74,maze-like; narrow corridor; bottleneck,medium,high,high
geometry_easy,random_rate0.1_seed24_s4-4_g19-1,24,20,0.1,random,"4,4","19,1",18.0,1.0,0.07588075880758807,0,open space; multiple alternative routes,low,low,low
high_stretch,random_rate0.2_seed24_s14-2_g10-14,24,20,0.2,random,"14,2","10,14",22.0,1.375,0.21604938271604937,19,sparse obstacles; multiple alternative routes,high,low,medium
obstacle_structured,random_rate0.3_seed24_s9-9_g8-13,24,20,0.3,random,"9,9","8,13",15.0,3.0,0.38461538461538464,35,dense obstacles; narrow corridor; bottleneck; maze-like,high,medium,medium
high_stretch,random_rate0.3_seed24_s9-9_g8-13,24,20,0.3,random,"9,9","8,13",15.0,3.0,0.38461538461538464,35,dense obstacles; narrow corridor; bottleneck; maze-like,high,medium,medium
obstacle_structured,random_rate0.4_seed24_s11-6_g5-17,24,20,0.4,random,"11,6","5,17",23.0,1.3529411764705883,0.5298804780876494,85,maze-like; large obstacle block; narrow corridor; bottleneck,high,high,high
high_stretch,random_rate0.4_seed24_s11-6_g5-17,24,20,0.4,random,"11,6","5,17",23.0,1.3529411764705883,0.5298804780876494,85,maze-like; large obstacle block; narrow corridor; bottleneck,high,high,high
high_corridor,random_rate0.4_seed24_s11-6_g5-17,24,20,0.4,random,"11,6","5,17",23.0,1.3529411764705883,0.5298804780876494,85,maze-like; large obstacle block; narrow corridor; bottleneck,high,high,high
high_articulation,random_rate0.4_seed24_s11-6_g5-17,24,20,0.4,random,"11,6","5,17",23.0,1.3529411764705883,0.5298804780876494,85,maze-like; large obstacle block; narrow corridor; bottleneck,high,high,high
geometry_easy,random_rate0.1_seed25_s16-2_g0-17,25,20,0.1,random,"16,2","0,17",31.0,1.0,0.10084033613445378,3,open space; multiple alternative routes,low,low,low
obstacle_structured,random_rate0.2_seed25_s12-11_g18-12,25,20,0.2,random,"12,11","18,12",7.0,1.0,0.24528301886792453,28,sparse obstacles; bottleneck,low,medium,medium
obstacle_structured,random_rate0.3_seed25_s14-9_g3-17,25,20,0.3,random,"14,9","3,17",25.0,1.3157894736842106,0.4151624548736462,58,dense obstacles; large obstacle block; narrow corridor; bottleneck; maze-like,high,medium,high
high_stretch,random_rate0.3_seed25_s14-9_g3-17,25,20,0.3,random,"14,9","3,17",25.0,1.3157894736842106,0.4151624548736462,58,dense obstacles; large obstacle block; narrow corridor; bottleneck; maze-like,high,medium,high
high_articulation,random_rate0.3_seed25_s14-9_g3-17,25,20,0.3,random,"14,9","3,17",25.0,1.3157894736842106,0.4151624548736462,58,dense obstacles; large obstacle block; narrow corridor; bottleneck; maze-like,high,medium,high
obstacle_structured,random_rate0.4_seed25_s6-10_g0-18,25,20,0.4,random,"6,10","0,18",16.0,1.1428571428571428,0.5454545454545454,97,maze-like; large obstacle block; narrow corridor; bottleneck; multiple alternative routes,medium,high,high
high_corridor,random_rate0.4_seed25_s6-10_g0-18,25,20,0.4,random,"6,10","0,18",16.0,1.1428571428571428,0.5454545454545454,97,maze-like; large obstacle block; narrow corridor; bottleneck; multiple alternative routes,medium,high,high
high_articulation,random_rate0.4_seed25_s6-10_g0-18,25,20,0.4,random,"6,10","0,18",16.0,1.1428571428571428,0.5454545454545454,97,maze-like; large obstacle block; narrow corridor; bottleneck; multiple alternative routes,medium,high,high
obstacle_structured,random_rate0.3_seed26_s6-14_g4-11,26,20,0.3,random,"6,14","4,11",9.0,1.8,0.4721189591078067,53,dense obstacles; narrow corridor; bottleneck; maze-like,high,high,high
high_stretch,random_rate0.3_seed26_s6-14_g4-11,26,20,0.3,random,"6,14","4,11",9.0,1.8,0.4721189591078067,53,dense obstacles; narrow corridor; bottleneck; maze-like,high,high,high
high_corridor,random_rate0.3_seed26_s6-14_g4-11,26,20,0.3,random,"6,14","4,11",9.0,1.8,0.4721189591078067,53,dense obstacles; narrow corridor; bottleneck; maze-like,high,high,high
high_articulation,random_rate0.3_seed26_s6-14_g4-11,26,20,0.3,random,"6,14","4,11",9.0,1.8,0.4721189591078067,53,dense obstacles; narrow corridor; bottleneck; maze-like,high,high,high
obstacle_structured,random_rate0.4_seed26_s4-18_g8-19,26,20,0.4,random,"4,18","8,19",5.0,1.0,0.6277056277056277,79,maze-like; narrow corridor; bottleneck; multiple alternative routes,low,high,high
high_corridor,random_rate0.4_seed26_s4-18_g8-19,26,20,0.4,random,"4,18","8,19",5.0,1.0,0.6277056277056277,79,maze-like; narrow corridor; bottleneck; multiple alternative routes,low,high,high
high_articulation,random_rate0.4_seed26_s4-18_g8-19,26,20,0.4,random,"4,18","8,19",5.0,1.0,0.6277056277056277,79,maze-like; narrow corridor; bottleneck; multiple alternative routes,low,high,high
geometry_easy,random_rate0.1_seed27_s9-11_g6-1,27,20,0.1,random,"9,11","6,1",13.0,1.0,0.08516483516483517,1,open space; multiple alternative routes,low,low,low
obstacle_structured,random_rate0.2_seed27_s0-6_g6-3,27,20,0.2,random,"0,6","6,3",11.0,1.2222222222222223,0.24923076923076923,23,sparse obstacles; bottleneck; multiple alternative routes,high,medium,medium
high_stretch,random_rate0.2_seed27_s0-6_g6-3,27,20,0.2,random,"0,6","6,3",11.0,1.2222222222222223,0.24923076923076923,23,sparse obstacles; bottleneck; multiple alternative routes,high,medium,medium
obstacle_structured,random_rate0.3_seed27_s7-15_g19-16,27,20,0.3,random,"7,15","19,16",15.0,1.1538461538461537,0.36610169491525424,52,dense obstacles; narrow corridor; bottleneck; multiple alternative routes; maze-like,high,medium,medium
high_stretch,random_rate0.3_seed27_s7-15_g19-16,27,20,0.3,random,"7,15","19,16",15.0,1.1538461538461537,0.36610169491525424,52,dense obstacles; narrow corridor; bottleneck; multiple alternative routes; maze-like,high,medium,medium
obstacle_structured,random_rate0.4_seed27_s18-12_g1-18,27,20,0.4,random,"18,12","1,18",31.0,1.3478260869565217,0.5328185328185329,80,maze-like; narrow corridor; bottleneck,high,high,high
high_stretch,random_rate0.4_seed27_s18-12_g1-18,27,20,0.4,random,"18,12","1,18",31.0,1.3478260869565217,0.5328185328185329,80,maze-like; narrow corridor; bottleneck,high,high,high
high_corridor,random_rate0.4_seed27_s18-12_g1-18,27,20,0.4,random,"18,12","1,18",31.0,1.3478260869565217,0.5328185328185329,80,maze-like; narrow corridor; bottleneck,high,high,high
high_articulation,random_rate0.4_seed27_s18-12_g1-18,27,20,0.4,random,"18,12","1,18",31.0,1.3478260869565217,0.5328185328185329,80,maze-like; narrow corridor; bottleneck,high,high,high
geometry_easy,random_rate0.1_seed28_s11-6_g17-0,28,20,0.1,random,"11,6","17,0",12.0,1.0,0.13128491620111732,4,open space; multiple alternative routes,low,low,low
obstacle_structured,random_rate0.2_seed28_s14-13_g18-19,28,20,0.2,random,"14,13","18,19",10.0,1.0,0.27450980392156865,26,sparse obstacles; bottleneck,low,medium,medium
obstacle_structured,random_rate0.3_seed28_s4-2_g13-14,28,20,0.3,random,"4,2","13,14",23.0,1.0952380952380953,0.44656488549618323,68,maze-like; narrow corridor; bottleneck,medium,high,high
high_corridor,random_rate0.3_seed28_s4-2_g13-14,28,20,0.3,random,"4,2","13,14",23.0,1.0952380952380953,0.44656488549618323,68,maze-like; narrow corridor; bottleneck,medium,high,high
high_articulation,random_rate0.3_seed28_s4-2_g13-14,28,20,0.3,random,"4,2","13,14",23.0,1.0952380952380953,0.44656488549618323,68,maze-like; narrow corridor; bottleneck,medium,high,high
obstacle_structured,random_rate0.4_seed28_s15-3_g19-13,28,20,0.4,random,"15,3","19,13",16.0,1.1428571428571428,0.6409090909090909,83,maze-like; large obstacle block; narrow corridor; bottleneck,medium,high,high
high_corridor,random_rate0.4_seed28_s15-3_g19-13,28,20,0.4,random,"15,3","19,13",16.0,1.1428571428571428,0.6409090909090909,83,maze-like; large obstacle block; narrow corridor; bottleneck,medium,high,high
high_articulation,random_rate0.4_seed28_s15-3_g19-13,28,20,0.4,random,"15,3","19,13",16.0,1.1428571428571428,0.6409090909090909,83,maze-like; large obstacle block; narrow corridor; bottleneck,medium,high,high
geometry_easy,random_rate0.1_seed29_s3-13_g2-8,29,20,0.1,random,"3,13","2,8",6.0,1.0,0.06504065040650407,3,open space,low,low,low
geometry_easy,random_rate0.2_seed29_s5-13_g6-1,29,20,0.2,random,"5,13","6,1",13.0,1.0,0.1691842900302115,14,sparse obstacles,low,low,low
obstacle_structured,random_rate0.3_seed29_s13-10_g11-6,29,20,0.3,random,"13,10","11,6",6.0,1.0,0.4601449275362319,42,dense obstacles; narrow corridor; bottleneck; maze-like,low,high,medium
high_corridor,random_rate0.3_seed29_s13-10_g11-6,29,20,0.3,random,"13,10","11,6",6.0,1.0,0.4601449275362319,42,dense obstacles; narrow corridor; bottleneck; maze-like,low,high,medium
obstacle_structured,random_rate0.4_seed29_s0-12_g4-17,29,20,0.4,random,"0,12","4,17",9.0,1.0,0.669683257918552,75,maze-like; large obstacle block; narrow corridor; bottleneck,low,high,high
high_corridor,random_rate0.4_seed29_s0-12_g4-17,29,20,0.4,random,"0,12","4,17",9.0,1.0,0.669683257918552,75,maze-like; large obstacle block; narrow corridor; bottleneck,low,high,high
high_articulation,random_rate0.4_seed29_s0-12_g4-17,29,20,0.4,random,"0,12","4,17",9.0,1.0,0.669683257918552,75,maze-like; large obstacle block; narrow corridor; bottleneck,low,high,high
geometry_easy,random_rate0.1_seed3_s11-0_g0-19,3,20,0.1,random,"11,0","0,19",30.0,1.0,0.10555555555555556,0,open space; multiple alternative routes,low,low,low
geometry_easy,random_rate0.2_seed3_s3-7_g19-1,3,20,0.2,random,"3,7","19,1",22.0,1.0,0.21846153846153846,8,sparse obstacles; bottleneck; multiple alternative routes,low,low,low
obstacle_structured,random_rate0.2_seed3_s3-7_g19-1,3,20,0.2,random,"3,7","19,1",22.0,1.0,0.21846153846153846,8,sparse obstacles; bottleneck; multiple alternative routes,low,low,low
obstacle_structured,random_rate0.3_seed3_s9-17_g7-10,3,20,0.3,random,"9,17","7,10",11.0,1.2222222222222223,0.3539518900343643,30,dense obstacles; narrow corridor; bottleneck; multiple alternative routes; maze-like,high,medium,medium
high_stretch,random_rate0.3_seed3_s9-17_g7-10,3,20,0.3,random,"9,17","7,10",11.0,1.2222222222222223,0.3539518900343643,30,dense obstacles; narrow corridor; bottleneck; multiple alternative routes; maze-like,high,medium,medium
obstacle_structured,random_rate0.4_seed3_s11-12_g5-5,3,20,0.4,random,"11,12","5,5",41.0,3.1538461538461537,0.5591836734693878,106,maze-like; narrow corridor; bottleneck,high,high,high
high_stretch,random_rate0.4_seed3_s11-12_g5-5,3,20,0.4,random,"11,12","5,5",41.0,3.1538461538461537,0.5591836734693878,106,maze-like; narrow corridor; bottleneck,high,high,high
high_corridor,random_rate0.4_seed3_s11-12_g5-5,3,20,0.4,random,"11,12","5,5",41.0,3.1538461538461537,0.5591836734693878,106,maze-like; narrow corridor; bottleneck,high,high,high
high_articulation,random_rate0.4_seed3_s11-12_g5-5,3,20,0.4,random,"11,12","5,5",41.0,3.1538461538461537,0.5591836734693878,106,maze-like; narrow corridor; bottleneck,high,high,high
geometry_easy,random_rate0.1_seed30_s1-10_g2-2,30,20,0.1,random,"1,10","2,2",9.0,1.0,0.12534818941504178,6,open space; multiple alternative routes,low,low,low
obstacle_structured,random_rate0.2_seed30_s6-16_g14-18,30,20,0.2,random,"6,16","14,18",10.0,1.0,0.27070063694267515,17,sparse obstacles; bottleneck; multiple alternative routes,low,medium,medium
obstacle_structured,random_rate0.3_seed30_s2-0_g4-2,30,20,0.3,random,"2,0","4,2",4.0,1.0,0.4,50,dense obstacles; large obstacle block; narrow corridor; bottleneck; multiple alternative routes; maze-like,low,medium,medium
obstacle_structured,random_rate0.4_seed30_s4-10_g1-8,30,20,0.4,random,"4,10","1,8",5.0,1.0,0.625,100,maze-like; large obstacle block; narrow corridor; bottleneck,low,high,high
high_corridor,random_rate0.4_seed30_s4-10_g1-8,30,20,0.4,random,"4,10","1,8",5.0,1.0,0.625,100,maze-like; large obstacle block; narrow corridor; bottleneck,low,high,high
high_articulation,random_rate0.4_seed30_s4-10_g1-8,30,20,0.4,random,"4,10","1,8",5.0,1.0,0.625,100,maze-like; large obstacle block; narrow corridor; bottleneck,low,high,high
geometry_easy,random_rate0.1_seed31_s4-14_g11-7,31,20,0.1,random,"4,14","11,7",14.0,1.0,0.06906077348066299,1,open space; multiple alternative routes,low,low,low
obstacle_structured,random_rate0.3_seed31_s0-14_g5-7,31,20,0.3,random,"0,14","5,7",12.0,1.0,0.44565217391304346,45,dense obstacles; narrow corridor; bottleneck; multiple alternative routes; maze-like,low,high,medium
high_corridor,random_rate0.3_seed31_s0-14_g5-7,31,20,0.3,random,"0,14","5,7",12.0,1.0,0.44565217391304346,45,dense obstacles; narrow corridor; bottleneck; multiple alternative routes; maze-like,low,high,medium
obstacle_structured,random_rate0.4_seed31_s15-5_g1-17,31,20,0.4,random,"15,5","1,17",38.0,1.4615384615384615,0.6147186147186147,94,maze-like; narrow corridor; bottleneck,high,high,high
high_stretch,random_rate0.4_seed31_s15-5_g1-17,31,20,0.4,random,"15,5","1,17",38.0,1.4615384615384615,0.6147186147186147,94,maze-like; narrow corridor; bottleneck,high,high,high
high_corridor,random_rate0.4_seed31_s15-5_g1-17,31,20,0.4,random,"15,5","1,17",38.0,1.4615384615384615,0.6147186147186147,94,maze-like; narrow corridor; bottleneck,high,high,high
high_articulation,random_rate0.4_seed31_s15-5_g1-17,31,20,0.4,random,"15,5","1,17",38.0,1.4615384615384615,0.6147186147186147,94,maze-like; narrow corridor; bottleneck,high,high,high
geometry_easy,random_rate0.1_seed32_s14-7_g0-11,32,20,0.1,random,"14,7","0,11",18.0,1.0,0.15072463768115943,1,open space,low,low,low
obstacle_structured,random_rate0.2_seed32_s5-16_g15-19,32,20,0.2,random,"5,16","15,19",13.0,1.0,0.348993288590604,30,dense obstacles; bottleneck,low,medium,medium
obstacle_structured,random_rate0.3_seed32_s2-16_g9-4,32,20,0.3,random,"2,16","9,4",25.0,1.3157894736842106,0.49429657794676807,63,maze-like; large obstacle block; narrow corridor; bottleneck; multiple alternative routes,high,high,high
high_stretch,random_rate0.3_seed32_s2-16_g9-4,32,20,0.3,random,"2,16","9,4",25.0,1.3157894736842106,0.49429657794676807,63,maze-like; large obstacle block; narrow corridor; bottleneck; multiple alternative routes,high,high,high
high_corridor,random_rate0.3_seed32_s2-16_g9-4,32,20,0.3,random,"2,16","9,4",25.0,1.3157894736842106,0.49429657794676807,63,maze-like; large obstacle block; narrow corridor; bottleneck; multiple alternative routes,high,high,high
high_articulation,random_rate0.3_seed32_s2-16_g9-4,32,20,0.3,random,"2,16","9,4",25.0,1.3157894736842106,0.49429657794676807,63,maze-like; large obstacle block; narrow corridor; bottleneck; multiple alternative routes,high,high,high
obstacle_structured,random_rate0.4_seed32_s5-17_g9-14,32,20,0.4,random,"5,17","9,14",7.0,1.0,0.6123348017621145,100,maze-like; large obstacle block; narrow corridor; bottleneck; multiple alternative routes,low,high,high
high_corridor,random_rate0.4_seed32_s5-17_g9-14,32,20,0.4,random,"5,17","9,14",7.0,1.0,0.6123348017621145,100,maze-like; large obstacle block; narrow corridor; bottleneck; multiple alternative routes,low,high,high
high_articulation,random_rate0.4_seed32_s5-17_g9-14,32,20,0.4,random,"5,17","9,14",7.0,1.0,0.6123348017621145,100,maze-like; large obstacle block; narrow corridor; bottleneck; multiple alternative routes,low,high,high
high_stretch,random_rate0.1_seed33_s15-6_g5-7,33,20,0.1,random,"15,6","5,7",15.0,1.3636363636363635,0.08587257617728532,4,open space; multiple alternative routes,high,low,low
obstacle_structured,random_rate0.3_seed33_s17-6_g16-1,33,20,0.3,random,"17,6","16,1",8.0,1.3333333333333333,0.37050359712230213,48,dense obstacles; narrow corridor; bottleneck; maze-like,high,medium,medium
high_stretch,random_rate0.3_seed33_s17-6_g16-1,33,20,0.3,random,"17,6","16,1",8.0,1.3333333333333333,0.37050359712230213,48,dense obstacles; narrow corridor; bottleneck; maze-like,high,medium,medium
obstacle_structured,random_rate0.4_seed33_s10-3_g18-10,33,20,0.4,random,"10,3","18,10",35.0,2.3333333333333335,0.5657894736842105,101,maze-like; large obstacle block; narrow corridor; bottleneck,high,high,high
high_stretch,random_rate0.4_seed33_s10-3_g18-10,33,20,0.4,random,"10,3","18,10",35.0,2.3333333333333335,0.5657894736842105,101,maze-like; large obstacle block; narrow corridor; bottleneck,high,high,high
high_corridor,random_rate0.4_seed33_s10-3_g18-10,33,20,0.4,random,"10,3","18,10",35.0,2.3333333333333335,0.5657894736842105,101,maze-like; large obstacle block; narrow corridor; bottleneck,high,high,high
high_articulation,random_rate0.4_seed33_s10-3_g18-10,33,20,0.4,random,"10,3","18,10",35.0,2.3333333333333335,0.5657894736842105,101,maze-like; large obstacle block; narrow corridor; bottleneck,high,high,high
geometry_easy,random_rate0.1_seed34_s15-1_g15-13,34,20,0.1,random,"15,1","15,13",12.0,1.0,0.07377049180327869,0,open space,low,low,low
geometry_easy,random_rate0.2_seed34_s7-12_g18-15,34,20,0.2,random,"7,12","18,15",14.0,1.0,0.18154761904761904,10,sparse obstacles; multiple alternative routes,low,low,low
obstacle_structured,random_rate0.3_seed34_s2-1_g18-11,34,20,0.3,random,"2,1","18,11",30.0,1.1538461538461537,0.35664335664335667,38,dense obstacles; narrow corridor; bottleneck; multiple alternative routes; maze-like,high,medium,medium
high_stretch,random_rate0.3_seed34_s2-1_g18-11,34,20,0.3,random,"2,1","18,11",30.0,1.1538461538461537,0.35664335664335667,38,dense obstacles; narrow corridor; bottleneck; multiple alternative routes; maze-like,high,medium,medium
obstacle_structured,random_rate0.4_seed34_s6-7_g12-12,34,20,0.4,random,"6,7","12,12",11.0,1.0,0.516260162601626,77,maze-like; large obstacle block; narrow corridor; bottleneck,low,high,high
high_corridor,random_rate0.4_seed34_s6-7_g12-12,34,20,0.4,random,"6,7","12,12",11.0,1.0,0.516260162601626,77,maze-like; large obstacle block; narrow corridor; bottleneck,low,high,high
high_articulation,random_rate0.4_seed34_s6-7_g12-12,34,20,0.4,random,"6,7","12,12",11.0,1.0,0.516260162601626,77,maze-like; large obstacle block; narrow corridor; bottleneck,low,high,high
geometry_easy,random_rate0.1_seed35_s7-13_g7-14,35,20,0.1,random,"7,13","7,14",1.0,1.0,0.12535612535612536,9,open space,low,low,low
obstacle_structured,random_rate0.3_seed35_s12-6_g18-13,35,20,0.3,random,"12,6","18,13",25.0,1.9230769230769231,0.48880597014925375,64,dense obstacles; narrow corridor; bottleneck; multiple alternative routes; maze-like,high,high,high
high_stretch,random_rate0.3_seed35_s12-6_g18-13,35,20,0.3,random,"12,6","18,13",25.0,1.9230769230769231,0.48880597014925375,64,dense obstacles; narrow corridor; bottleneck; multiple alternative routes; maze-like,high,high,high
high_corridor,random_rate0.3_seed35_s12-6_g18-13,35,20,0.3,random,"12,6","18,13",25.0,1.9230769230769231,0.48880597014925375,64,dense obstacles; narrow corridor; bottleneck; multiple alternative routes; maze-like,high,high,high
high_articulation,random_rate0.3_seed35_s12-6_g18-13,35,20,0.3,random,"12,6","18,13",25.0,1.9230769230769231,0.48880597014925375,64,dense obstacles; narrow corridor; bottleneck; multiple alternative routes; maze-like,high,high,high
obstacle_structured,random_rate0.4_seed35_s7-1_g5-0,35,20,0.4,random,"7,1","5,0",3.0,1.0,0.6140350877192983,74,maze-like; large obstacle block; narrow corridor; bottleneck,low,high,high
high_corridor,random_rate0.4_seed35_s7-1_g5-0,35,20,0.4,random,"7,1","5,0",3.0,1.0,0.6140350877192983,74,maze-like; large obstacle block; narrow corridor; bottleneck,low,high,high
high_articulation,random_rate0.4_seed35_s7-1_g5-0,35,20,0.4,random,"7,1","5,0",3.0,1.0,0.6140350877192983,74,maze-like; large obstacle block; narrow corridor; bottleneck,low,high,high
geometry_easy,random_rate0.1_seed36_s10-12_g8-0,36,20,0.1,random,"10,12","8,0",14.0,1.0,0.06970509383378017,3,open space; multiple alternative routes,low,low,low
obstacle_structured,random_rate0.3_seed36_s3-5_g17-10,36,20,0.3,random,"3,5","17,10",27.0,1.4210526315789473,0.3864406779661017,48,dense obstacles; narrow corridor; bottleneck; multiple alternative routes; maze-like,high,medium,medium
high_stretch,random_rate0.3_seed36_s3-5_g17-10,36,20,0.3,random,"3,5","17,10",27.0,1.4210526315789473,0.3864406779661017,48,dense obstacles; narrow corridor; bottleneck; multiple alternative routes; maze-like,high,medium,medium
obstacle_structured,random_rate0.4_seed36_s12-16_g14-11,36,20,0.4,random,"12,16","14,11",9.0,1.2857142857142858,0.5742971887550201,110,maze-like; large obstacle block; narrow corridor; bottleneck,high,high,high
high_stretch,random_rate0.4_seed36_s12-16_g14-11,36,20,0.4,random,"12,16","14,11",9.0,1.2857142857142858,0.5742971887550201,110,maze-like; large obstacle block; narrow corridor; bottleneck,high,high,high
high_corridor,random_rate0.4_seed36_s12-16_g14-11,36,20,0.4,random,"12,16","14,11",9.0,1.2857142857142858,0.5742971887550201,110,maze-like; large obstacle block; narrow corridor; bottleneck,high,high,high
high_articulation,random_rate0.4_seed36_s12-16_g14-11,36,20,0.4,random,"12,16","14,11",9.0,1.2857142857142858,0.5742971887550201,110,maze-like; large obstacle block; narrow corridor; bottleneck,high,high,high
geometry_easy,random_rate0.1_seed37_s9-7_g1-14,37,20,0.1,random,"9,7","1,14",15.0,1.0,0.1323943661971831,8,open space; multiple alternative routes,low,low,low
obstacle_structured,random_rate0.3_seed37_s9-12_g2-5,37,20,0.3,random,"9,12","2,5",24.0,1.7142857142857142,0.4781021897810219,77,dense obstacles; narrow corridor; bottleneck; multiple alternative routes; maze-like,high,high,high
high_stretch,random_rate0.3_seed37_s9-12_g2-5,37,20,0.3,random,"9,12","2,5",24.0,1.7142857142857142,0.4781021897810219,77,dense obstacles; narrow corridor; bottleneck; multiple alternative routes; maze-like,high,high,high
high_corridor,random_rate0.3_seed37_s9-12_g2-5,37,20,0.3,random,"9,12","2,5",24.0,1.7142857142857142,0.4781021897810219,77,dense obstacles; narrow corridor; bottleneck; multiple alternative routes; maze-like,high,high,high
high_articulation,random_rate0.3_seed37_s9-12_g2-5,37,20,0.3,random,"9,12","2,5",24.0,1.7142857142857142,0.4781021897810219,77,dense obstacles; narrow corridor; bottleneck; multiple alternative routes; maze-like,high,high,high
obstacle_structured,random_rate0.4_seed37_s5-13_g15-8,37,20,0.4,random,"5,13","15,8",17.0,1.1333333333333333,0.6265560165975104,104,maze-like; narrow corridor; bottleneck; multiple alternative routes,medium,high,high
high_corridor,random_rate0.4_seed37_s5-13_g15-8,37,20,0.4,random,"5,13","15,8",17.0,1.1333333333333333,0.6265560165975104,104,maze-like; narrow corridor; bottleneck; multiple alternative routes,medium,high,high
high_articulation,random_rate0.4_seed37_s5-13_g15-8,37,20,0.4,random,"5,13","15,8",17.0,1.1333333333333333,0.6265560165975104,104,maze-like; narrow corridor; bottleneck; multiple alternative routes,medium,high,high
geometry_easy,random_rate0.1_seed38_s7-7_g11-16,38,20,0.1,random,"7,7","11,16",13.0,1.0,0.12044817927170869,5,open space; multiple alternative routes,low,low,low
obstacle_structured,random_rate0.2_seed38_s16-1_g16-5,38,20,0.2,random,"16,1","16,5",4.0,1.0,0.259375,27,sparse obstacles; bottleneck,low,medium,medium
obstacle_structured,random_rate0.3_seed38_s16-3_g10-4,38,20,0.3,random,"16,3","10,4",7.0,1.0,0.5294117647058824,86,dense obstacles; narrow corridor; bottleneck; maze-like,low,high,high
high_corridor,random_rate0.3_seed38_s16-3_g10-4,38,20,0.3,random,"16,3","10,4",7.0,1.0,0.5294117647058824,86,dense obstacles; narrow corridor; bottleneck; maze-like,low,high,high
high_articulation,random_rate0.3_seed38_s16-3_g10-4,38,20,0.3,random,"16,3","10,4",7.0,1.0,0.5294117647058824,86,dense obstacles; narrow corridor; bottleneck; maze-like,low,high,high
obstacle_structured,random_rate0.4_seed38_s2-11_g13-13,38,20,0.4,random,"2,11","13,13",17.0,1.3076923076923077,0.6540084388185654,99,maze-like; narrow corridor; bottleneck,high,high,high
high_stretch,random_rate0.4_seed38_s2-11_g13-13,38,20,0.4,random,"2,11","13,13",17.0,1.3076923076923077,0.6540084388185654,99,maze-like; narrow corridor; bottleneck,high,high,high
high_corridor,random_rate0.4_seed38_s2-11_g13-13,38,20,0.4,random,"2,11","13,13",17.0,1.3076923076923077,0.6540084388185654,99,maze-like; narrow corridor; bottleneck,high,high,high
high_articulation,random_rate0.4_seed38_s2-11_g13-13,38,20,0.4,random,"2,11","13,13",17.0,1.3076923076923077,0.6540084388185654,99,maze-like; narrow corridor; bottleneck,high,high,high
geometry_easy,random_rate0.1_seed39_s3-15_g18-12,39,20,0.1,random,"3,15","18,12",18.0,1.0,0.14697406340057637,5,open space; multiple alternative routes,low,low,low
obstacle_structured,random_rate0.2_seed39_s7-0_g18-13,39,20,0.2,random,"7,0","18,13",24.0,1.0,0.30944625407166126,29,sparse obstacles; bottleneck; multiple alternative routes,low,medium,medium
obstacle_structured,random_rate0.3_seed39_s5-16_g0-1,39,20,0.3,random,"5,16","0,1",28.0,1.4,0.5503875968992248,83,maze-like; narrow corridor; bottleneck,high,high,high
high_stretch,random_rate0.3_seed39_s5-16_g0-1,39,20,0.3,random,"5,16","0,1",28.0,1.4,0.5503875968992248,83,maze-like; narrow corridor; bottleneck,high,high,high
high_corridor,random_rate0.3_seed39_s5-16_g0-1,39,20,0.3,random,"5,16","0,1",28.0,1.4,0.5503875968992248,83,maze-like; narrow corridor; bottleneck,high,high,high
high_articulation,random_rate0.3_seed39_s5-16_g0-1,39,20,0.3,random,"5,16","0,1",28.0,1.4,0.5503875968992248,83,maze-like; narrow corridor; bottleneck,high,high,high
obstacle_structured,random_rate0.4_seed39_s16-14_g14-17,39,20,0.4,random,"16,14","14,17",5.0,1.0,0.7018348623853211,99,maze-like; large obstacle block; narrow corridor; bottleneck,low,high,high
high_corridor,random_rate0.4_seed39_s16-14_g14-17,39,20,0.4,random,"16,14","14,17",5.0,1.0,0.7018348623853211,99,maze-like; large obstacle block; narrow corridor; bottleneck,low,high,high
high_articulation,random_rate0.4_seed39_s16-14_g14-17,39,20,0.4,random,"16,14","14,17",5.0,1.0,0.7018348623853211,99,maze-like; large obstacle block; narrow corridor; bottleneck,low,high,high
high_stretch,random_rate0.1_seed4_s15-6_g10-3,4,20,0.1,random,"15,6","10,3",10.0,1.25,0.10955056179775281,4,open space; multiple alternative routes,high,low,low
obstacle_structured,random_rate0.2_seed4_s7-0_g1-3,4,20,0.2,random,"7,0","1,3",9.0,1.0,0.266025641025641,33,sparse obstacles; bottleneck,low,medium,medium
obstacle_structured,random_rate0.3_seed4_s15-7_g12-10,4,20,0.3,random,"15,7","12,10",6.0,1.0,0.40217391304347827,43,dense obstacles; narrow corridor; bottleneck; multiple alternative routes; maze-like,low,medium,medium
obstacle_structured,random_rate0.4_seed4_s1-8_g0-7,4,20,0.4,random,"1,8","0,7",2.0,1.0,0.5791666666666667,88,maze-like; narrow corridor; bottleneck; multiple alternative routes,low,high,high
high_corridor,random_rate0.4_seed4_s1-8_g0-7,4,20,0.4,random,"1,8","0,7",2.0,1.0,0.5791666666666667,88,maze-like; narrow corridor; bottleneck; multiple alternative routes,low,high,high
high_articulation,random_rate0.4_seed4_s1-8_g0-7,4,20,0.4,random,"1,8","0,7",2.0,1.0,0.5791666666666667,88,maze-like; narrow corridor; bottleneck; multiple alternative routes,low,high,high
geometry_easy,random_rate0.1_seed40_s15-19_g9-9,40,20,0.1,random,"15,19","9,9",16.0,1.0,0.10704225352112676,4,open space; multiple alternative routes,low,low,low
obstacle_structured,random_rate0.3_seed40_s9-0_g8-16,40,20,0.3,random,"9,0","8,16",37.0,2.176470588235294,0.4925925925925926,58,dense obstacles; large obstacle block; narrow corridor; bottleneck; multiple alternative routes; maze-like,high,high,high
high_stretch,random_rate0.3_seed40_s9-0_g8-16,40,20,0.3,random,"9,0","8,16",37.0,2.176470588235294,0.4925925925925926,58,dense obstacles; large obstacle block; narrow corridor; bottleneck; multiple alternative routes; maze-like,high,high,high
high_corridor,random_rate0.3_seed40_s9-0_g8-16,40,20,0.3,random,"9,0","8,16",37.0,2.176470588235294,0.4925925925925926,58,dense obstacles; large obstacle block; narrow corridor; bottleneck; multiple alternative routes; maze-like,high,high,high
high_articulation,random_rate0.3_seed40_s9-0_g8-16,40,20,0.3,random,"9,0","8,16",37.0,2.176470588235294,0.4925925925925926,58,dense obstacles; large obstacle block; narrow corridor; bottleneck; multiple alternative routes; maze-like,high,high,high
obstacle_structured,random_rate0.4_seed40_s9-10_g3-10,40,20,0.4,random,"9,10","3,10",6.0,1.0,0.6566523605150214,60,maze-like; large obstacle block; narrow corridor; bottleneck,low,high,high
high_corridor,random_rate0.4_seed40_s9-10_g3-10,40,20,0.4,random,"9,10","3,10",6.0,1.0,0.6566523605150214,60,maze-like; large obstacle block; narrow corridor; bottleneck,low,high,high
high_articulation,random_rate0.4_seed40_s9-10_g3-10,40,20,0.4,random,"9,10","3,10",6.0,1.0,0.6566523605150214,60,maze-like; large obstacle block; narrow corridor; bottleneck,low,high,high
high_stretch,random_rate0.1_seed41_s16-19_g16-6,41,20,0.1,random,"16,19","16,6",17.0,1.3076923076923077,0.08767123287671233,2,open space; multiple alternative routes,high,low,low
obstacle_structured,random_rate0.3_seed41_s14-8_g12-17,41,20,0.3,random,"14,8","12,17",13.0,1.1818181818181819,0.3908450704225352,43,dense obstacles; narrow corridor; bottleneck; maze-like,high,medium,medium
high_stretch,random_rate0.3_seed41_s14-8_g12-17,41,20,0.3,random,"14,8","12,17",13.0,1.1818181818181819,0.3908450704225352,43,dense obstacles; narrow corridor; bottleneck; maze-like,high,medium,medium
obstacle_structured,random_rate0.4_seed41_s9-4_g15-16,41,20,0.4,random,"9,4","15,16",18.0,1.0,0.5381526104417671,71,maze-like; narrow corridor; bottleneck,low,high,high
high_corridor,random_rate0.4_seed41_s9-4_g15-16,41,20,0.4,random,"9,4","15,16",18.0,1.0,0.5381526104417671,71,maze-like; narrow corridor; bottleneck,low,high,high
high_articulation,random_rate0.4_seed41_s9-4_g15-16,41,20,0.4,random,"9,4","15,16",18.0,1.0,0.5381526104417671,71,maze-like; narrow corridor; bottleneck,low,high,high
geometry_easy,random_rate0.1_seed42_s11-5_g14-19,42,20,0.1,random,"11,5","14,19",17.0,1.0,0.09141274238227147,4,open space,low,low,low
geometry_easy,random_rate0.2_seed42_s14-1_g1-11,42,20,0.2,random,"14,1","1,11",23.0,1.0,0.2225609756097561,8,sparse obstacles; multiple alternative routes,low,low,low
obstacle_structured,random_rate0.3_seed42_s19-17_g14-19,42,20,0.3,random,"19,17","14,19",7.0,1.0,0.45925925925925926,71,dense obstacles; narrow corridor; bottleneck; maze-like,low,high,high
high_corridor,random_rate0.3_seed42_s19-17_g14-19,42,20,0.3,random,"19,17","14,19",7.0,1.0,0.45925925925925926,71,dense obstacles; narrow corridor; bottleneck; maze-like,low,high,high
high_articulation,random_rate0.3_seed42_s19-17_g14-19,42,20,0.3,random,"19,17","14,19",7.0,1.0,0.45925925925925926,71,dense obstacles; narrow corridor; bottleneck; maze-like,low,high,high
obstacle_structured,random_rate0.4_seed42_s2-17_g3-16,42,20,0.4,random,"2,17","3,16",2.0,1.0,0.6075949367088608,105,maze-like; large obstacle block; narrow corridor; bottleneck,low,high,high
high_corridor,random_rate0.4_seed42_s2-17_g3-16,42,20,0.4,random,"2,17","3,16",2.0,1.0,0.6075949367088608,105,maze-like; large obstacle block; narrow corridor; bottleneck,low,high,high
high_articulation,random_rate0.4_seed42_s2-17_g3-16,42,20,0.4,random,"2,17","3,16",2.0,1.0,0.6075949367088608,105,maze-like; large obstacle block; narrow corridor; bottleneck,low,high,high
geometry_easy,random_rate0.1_seed43_s6-12_g5-4,43,20,0.1,random,"6,12","5,4",9.0,1.0,0.0856353591160221,5,open space; multiple alternative routes,low,low,low
obstacle_structured,random_rate0.2_seed43_s5-8_g0-1,43,20,0.2,random,"5,8","0,1",12.0,1.0,0.24299065420560748,19,sparse obstacles; bottleneck; multiple alternative routes,low,medium,medium
obstacle_structured,random_rate0.3_seed43_s4-0_g14-7,43,20,0.3,random,"4,0","14,7",17.0,1.0,0.48188405797101447,88,dense obstacles; narrow corridor; bottleneck; multiple alternative routes; maze-like,low,high,high
high_corridor,random_rate0.3_seed43_s4-0_g14-7,43,20,0.3,random,"4,0","14,7",17.0,1.0,0.48188405797101447,88,dense obstacles; narrow corridor; bottleneck; multiple alternative routes; maze-like,low,high,high
high_articulation,random_rate0.3_seed43_s4-0_g14-7,43,20,0.3,random,"4,0","14,7",17.0,1.0,0.48188405797101447,88,dense obstacles; narrow corridor; bottleneck; multiple alternative routes; maze-like,low,high,high
obstacle_structured,random_rate0.4_seed43_s2-4_g3-3,43,20,0.4,random,"2,4","3,3",6.0,3.0,0.6329113924050633,95,maze-like; large obstacle block; narrow corridor; bottleneck,high,high,high
high_stretch,random_rate0.4_seed43_s2-4_g3-3,43,20,0.4,random,"2,4","3,3",6.0,3.0,0.6329113924050633,95,maze-like; large obstacle block; narrow corridor; bottleneck,high,high,high
high_corridor,random_rate0.4_seed43_s2-4_g3-3,43,20,0.4,random,"2,4","3,3",6.0,3.0,0.6329113924050633,95,maze-like; large obstacle block; narrow corridor; bottleneck,high,high,high
high_articulation,random_rate0.4_seed43_s2-4_g3-3,43,20,0.4,random,"2,4","3,3",6.0,3.0,0.6329113924050633,95,maze-like; large obstacle block; narrow corridor; bottleneck,high,high,high
high_stretch,random_rate0.1_seed44_s6-13_g6-1,44,20,0.1,random,"6,13","6,1",14.0,1.1666666666666667,0.12643678160919541,7,open space,high,low,low
obstacle_structured,random_rate0.3_seed44_s13-1_g17-8,44,20,0.3,random,"13,1","17,8",11.0,1.0,0.4307116104868914,70,dense obstacles; narrow corridor; bottleneck; multiple alternative routes; maze-like,low,medium,high
high_articulation,random_rate0.3_seed44_s13-1_g17-8,44,20,0.3,random,"13,1","17,8",11.0,1.0,0.4307116104868914,70,dense obstacles; narrow corridor; bottleneck; multiple alternative routes; maze-like,low,medium,high
obstacle_structured,random_rate0.4_seed44_s12-10_g6-9,44,20,0.4,random,"12,10","6,9",15.0,2.142857142857143,0.62882096069869,90,maze-like; narrow corridor; bottleneck,high,high,high
high_stretch,random_rate0.4_seed44_s12-10_g6-9,44,20,0.4,random,"12,10","6,9",15.0,2.142857142857143,0.62882096069869,90,maze-like; narrow corridor; bottleneck,high,high,high
high_corridor,random_rate0.4_seed44_s12-10_g6-9,44,20,0.4,random,"12,10","6,9",15.0,2.142857142857143,0.62882096069869,90,maze-like; narrow corridor; bottleneck,high,high,high
high_articulation,random_rate0.4_seed44_s12-10_g6-9,44,20,0.4,random,"12,10","6,9",15.0,2.142857142857143,0.62882096069869,90,maze-like; narrow corridor; bottleneck,high,high,high
geometry_easy,random_rate0.1_seed45_s15-14_g12-19,45,20,0.1,random,"15,14","12,19",8.0,1.0,0.09166666666666666,5,open space; multiple alternative routes,low,low,low
obstacle_structured,random_rate0.2_seed45_s1-11_g1-0,45,20,0.2,random,"1,11","1,0",15.0,1.3636363636363635,0.18404907975460122,6,sparse obstacles; bottleneck,high,low,low
high_stretch,random_rate0.2_seed45_s1-11_g1-0,45,20,0.2,random,"1,11","1,0",15.0,1.3636363636363635,0.18404907975460122,6,sparse obstacles; bottleneck,high,low,low
obstacle_structured,random_rate0.3_seed45_s4-14_g18-5,45,20,0.3,random,"4,14","18,5",23.0,1.0,0.2895622895622896,27,dense obstacles; bottleneck; multiple alternative routes; maze-like,low,medium,medium
obstacle_structured,random_rate0.4_seed45_s11-8_g19-4,45,20,0.4,random,"11,8","19,4",16.0,1.3333333333333333,0.4765625,64,maze-like; narrow corridor; bottleneck,high,high,high
high_stretch,random_rate0.4_seed45_s11-8_g19-4,45,20,0.4,random,"11,8","19,4",16.0,1.3333333333333333,0.4765625,64,maze-like; narrow corridor; bottleneck,high,high,high
high_corridor,random_rate0.4_seed45_s11-8_g19-4,45,20,0.4,random,"11,8","19,4",16.0,1.3333333333333333,0.4765625,64,maze-like; narrow corridor; bottleneck,high,high,high
high_articulation,random_rate0.4_seed45_s11-8_g19-4,45,20,0.4,random,"11,8","19,4",16.0,1.3333333333333333,0.4765625,64,maze-like; narrow corridor; bottleneck,high,high,high
geometry_easy,random_rate0.1_seed46_s1-16_g7-5,46,20,0.1,random,"1,16","7,5",17.0,1.0,0.11235955056179775,2,open space; multiple alternative routes,low,low,low
obstacle_structured,random_rate0.2_seed46_s18-19_g0-2,46,20,0.2,random,"18,19","0,2",35.0,1.0,0.3322475570032573,24,sparse obstacles; bottleneck; multiple alternative routes,low,medium,medium
obstacle_structured,random_rate0.3_seed46_s4-12_g5-6,46,20,0.3,random,"4,12","5,6",7.0,1.0,0.4963235294117647,63,dense obstacles; narrow corridor; bottleneck; maze-like,low,high,high
high_corridor,random_rate0.3_seed46_s4-12_g5-6,46,20,0.3,random,"4,12","5,6",7.0,1.0,0.4963235294117647,63,dense obstacles; narrow corridor; bottleneck; maze-like,low,high,high
high_articulation,random_rate0.3_seed46_s4-12_g5-6,46,20,0.3,random,"4,12","5,6",7.0,1.0,0.4963235294117647,63,dense obstacles; narrow corridor; bottleneck; maze-like,low,high,high
obstacle_structured,random_rate0.4_seed46_s17-8_g7-6,46,20,0.4,random,"17,8","7,6",16.0,1.3333333333333333,0.683982683982684,108,maze-like; large obstacle block; narrow corridor; bottleneck,high,high,high
high_stretch,random_rate0.4_seed46_s17-8_g7-6,46,20,0.4,random,"17,8","7,6",16.0,1.3333333333333333,0.683982683982684,108,maze-like; large obstacle block; narrow corridor; bottleneck,high,high,high
high_corridor,random_rate0.4_seed46_s17-8_g7-6,46,20,0.4,random,"17,8","7,6",16.0,1.3333333333333333,0.683982683982684,108,maze-like; large obstacle block; narrow corridor; bottleneck,high,high,high
high_articulation,random_rate0.4_seed46_s17-8_g7-6,46,20,0.4,random,"17,8","7,6",16.0,1.3333333333333333,0.683982683982684,108,maze-like; large obstacle block; narrow corridor; bottleneck,high,high,high
geometry_easy,random_rate0.1_seed47_s0-14_g19-15,47,20,0.1,random,"0,14","19,15",20.0,1.0,0.1282051282051282,6,open space; multiple alternative routes,low,low,low
obstacle_structured,random_rate0.3_seed47_s9-15_g10-2,47,20,0.3,random,"9,15","10,2",16.0,1.1428571428571428,0.32646048109965636,38,dense obstacles; bottleneck; maze-like,medium,medium,medium
obstacle_structured,random_rate0.4_seed47_s5-13_g18-8,47,20,0.4,random,"5,13","18,8",24.0,1.3333333333333333,0.5059760956175299,52,maze-like; narrow corridor; bottleneck; multiple alternative routes,high,high,medium
high_stretch,random_rate0.4_seed47_s5-13_g18-8,47,20,0.4,random,"5,13","18,8",24.0,1.3333333333333333,0.5059760956175299,52,maze-like; narrow corridor; bottleneck; multiple alternative routes,high,high,medium
high_corridor,random_rate0.4_seed47_s5-13_g18-8,47,20,0.4,random,"5,13","18,8",24.0,1.3333333333333333,0.5059760956175299,52,maze-like; narrow corridor; bottleneck; multiple alternative routes,high,high,medium
high_stretch,random_rate0.1_seed48_s7-3_g8-18,48,20,0.1,random,"7,3","8,18",20.0,1.25,0.1005586592178771,4,open space,high,low,low
obstacle_structured,random_rate0.3_seed48_s18-5_g14-3,48,20,0.3,random,"18,5","14,3",8.0,1.3333333333333333,0.38461538461538464,32,dense obstacles; narrow corridor; bottleneck; maze-like,high,medium,medium
high_stretch,random_rate0.3_seed48_s18-5_g14-3,48,20,0.3,random,"18,5","14,3",8.0,1.3333333333333333,0.38461538461538464,32,dense obstacles; narrow corridor; bottleneck; maze-like,high,medium,medium
obstacle_structured,random_rate0.4_seed48_s7-2_g10-19,48,20,0.4,random,"7,2","10,19",38.0,1.9,0.51171875,71,maze-like; large obstacle block; narrow corridor; bottleneck; multiple alternative routes,high,high,high
high_stretch,random_rate0.4_seed48_s7-2_g10-19,48,20,0.4,random,"7,2","10,19",38.0,1.9,0.51171875,71,maze-like; large obstacle block; narrow corridor; bottleneck; multiple alternative routes,high,high,high
high_corridor,random_rate0.4_seed48_s7-2_g10-19,48,20,0.4,random,"7,2","10,19",38.0,1.9,0.51171875,71,maze-like; large obstacle block; narrow corridor; bottleneck; multiple alternative routes,high,high,high
high_articulation,random_rate0.4_seed48_s7-2_g10-19,48,20,0.4,random,"7,2","10,19",38.0,1.9,0.51171875,71,maze-like; large obstacle block; narrow corridor; bottleneck; multiple alternative routes,high,high,high
geometry_easy,random_rate0.1_seed49_s18-2_g10-13,49,20,0.1,random,"18,2","10,13",19.0,1.0,0.09776536312849161,0,open space; multiple alternative routes,low,low,low
obstacle_structured,random_rate0.3_seed49_s17-9_g11-15,49,20,0.3,random,"17,9","11,15",12.0,1.0,0.4227941176470588,47,dense obstacles; narrow corridor; bottleneck; maze-like,low,medium,medium
obstacle_structured,random_rate0.4_seed49_s17-13_g15-11,49,20,0.4,random,"17,13","15,11",4.0,1.0,0.5333333333333333,93,maze-like; large obstacle block; narrow corridor; bottleneck,low,high,high
high_corridor,random_rate0.4_seed49_s17-13_g15-11,49,20,0.4,random,"17,13","15,11",4.0,1.0,0.5333333333333333,93,maze-like; large obstacle block; narrow corridor; bottleneck,low,high,high
high_articulation,random_rate0.4_seed49_s17-13_g15-11,49,20,0.4,random,"17,13","15,11",4.0,1.0,0.5333333333333333,93,maze-like; large obstacle block; narrow corridor; bottleneck,low,high,high
geometry_easy,random_rate0.1_seed5_s13-1_g2-1,5,20,0.1,random,"13,1","2,1",11.0,1.0,0.09141274238227147,6,open space,low,low,low
high_stretch,random_rate0.2_seed5_s16-15_g19-8,5,20,0.2,random,"16,15","19,8",12.0,1.2,0.240625,16,sparse obstacles; multiple alternative routes,high,medium,medium
obstacle_structured,random_rate0.3_seed5_s6-4_g5-14,5,20,0.3,random,"6,4","5,14",15.0,1.3636363636363635,0.43617021276595747,30,dense obstacles; narrow corridor; bottleneck; maze-like,high,medium,medium
high_stretch,random_rate0.3_seed5_s6-4_g5-14,5,20,0.3,random,"6,4","5,14",15.0,1.3636363636363635,0.43617021276595747,30,dense obstacles; narrow corridor; bottleneck; maze-like,high,medium,medium
obstacle_structured,random_rate0.4_seed5_s9-10_g6-16,5,20,0.4,random,"9,10","6,16",9.0,1.0,0.5755102040816327,76,maze-like; large obstacle block; narrow corridor; bottleneck; multiple alternative routes,low,high,high
high_corridor,random_rate0.4_seed5_s9-10_g6-16,5,20,0.4,random,"9,10","6,16",9.0,1.0,0.5755102040816327,76,maze-like; large obstacle block; narrow corridor; bottleneck; multiple alternative routes,low,high,high
high_articulation,random_rate0.4_seed5_s9-10_g6-16,5,20,0.4,random,"9,10","6,16",9.0,1.0,0.5755102040816327,76,maze-like; large obstacle block; narrow corridor; bottleneck; multiple alternative routes,low,high,high
geometry_easy,random_rate0.2_seed50_s0-1_g10-3,50,20,0.2,random,"0,1","10,3",12.0,1.0,0.1702127659574468,7,sparse obstacles; multiple alternative routes,low,low,low
obstacle_structured,random_rate0.3_seed50_s12-6_g10-2,50,20,0.3,random,"12,6","10,2",8.0,1.3333333333333333,0.375,42,dense obstacles; narrow corridor; bottleneck; maze-like,high,medium,medium
high_stretch,random_rate0.3_seed50_s12-6_g10-2,50,20,0.3,random,"12,6","10,2",8.0,1.3333333333333333,0.375,42,dense obstacles; narrow corridor; bottleneck; maze-like,high,medium,medium
obstacle_structured,random_rate0.4_seed50_s8-11_g19-3,50,20,0.4,random,"8,11","19,3",45.0,2.3684210526315788,0.5916666666666667,98,maze-like; narrow corridor; bottleneck,high,high,high
high_stretch,random_rate0.4_seed50_s8-11_g19-3,50,20,0.4,random,"8,11","19,3",45.0,2.3684210526315788,0.5916666666666667,98,maze-like; narrow corridor; bottleneck,high,high,high
high_corridor,random_rate0.4_seed50_s8-11_g19-3,50,20,0.4,random,"8,11","19,3",45.0,2.3684210526315788,0.5916666666666667,98,maze-like; narrow corridor; bottleneck,high,high,high
high_articulation,random_rate0.4_seed50_s8-11_g19-3,50,20,0.4,random,"8,11","19,3",45.0,2.3684210526315788,0.5916666666666667,98,maze-like; narrow corridor; bottleneck,high,high,high
high_stretch,random_rate0.1_seed51_s8-17_g6-10,51,20,0.1,random,"8,17","6,10",11.0,1.2222222222222223,0.09641873278236915,3,open space; multiple alternative routes,high,low,low
obstacle_structured,random_rate0.2_seed51_s3-0_g1-7,51,20,0.2,random,"3,0","1,7",9.0,1.0,0.24148606811145512,10,sparse obstacles; bottleneck; multiple alternative routes,low,medium,low
obstacle_structured,random_rate0.3_seed51_s1-18_g7-8,51,20,0.3,random,"1,18","7,8",28.0,1.75,0.3626760563380282,52,dense obstacles; narrow corridor; bottleneck; multiple alternative routes; maze-like,high,medium,medium
high_stretch,random_rate0.3_seed51_s1-18_g7-8,51,20,0.3,random,"1,18","7,8",28.0,1.75,0.3626760563380282,52,dense obstacles; narrow corridor; bottleneck; multiple alternative routes; maze-like,high,medium,medium
obstacle_structured,random_rate0.4_seed51_s0-16_g6-17,51,20,0.4,random,"0,16","6,17",13.0,1.8571428571428572,0.53125,66,maze-like; narrow corridor; bottleneck; multiple alternative routes,high,high,high
high_stretch,random_rate0.4_seed51_s0-16_g6-17,51,20,0.4,random,"0,16","6,17",13.0,1.8571428571428572,0.53125,66,maze-like; narrow corridor; bottleneck; multiple alternative routes,high,high,high
high_corridor,random_rate0.4_seed51_s0-16_g6-17,51,20,0.4,random,"0,16","6,17",13.0,1.8571428571428572,0.53125,66,maze-like; narrow corridor; bottleneck; multiple alternative routes,high,high,high
high_articulation,random_rate0.4_seed51_s0-16_g6-17,51,20,0.4,random,"0,16","6,17",13.0,1.8571428571428572,0.53125,66,maze-like; narrow corridor; bottleneck; multiple alternative routes,high,high,high
geometry_easy,random_rate0.1_seed52_s11-17_g12-15,52,20,0.1,random,"11,17","12,15",3.0,1.0,0.10277777777777777,3,open space,low,low,low
high_stretch,random_rate0.2_seed52_s7-13_g5-3,52,20,0.2,random,"7,13","5,3",16.0,1.3333333333333333,0.2523961661341853,13,sparse obstacles; multiple alternative routes,high,medium,low
obstacle_structured,random_rate0.3_seed52_s10-15_g12-13,52,20,0.3,random,"10,15","12,13",4.0,1.0,0.4057971014492754,59,dense obstacles; narrow corridor; bottleneck; multiple alternative routes; maze-like,low,medium,high
high_articulation,random_rate0.3_seed52_s10-15_g12-13,52,20,0.3,random,"10,15","12,13",4.0,1.0,0.4057971014492754,59,dense obstacles; narrow corridor; bottleneck; multiple alternative routes; maze-like,low,medium,high
obstacle_structured,random_rate0.4_seed52_s18-3_g17-3,52,20,0.4,random,"18,3","17,3",1.0,1.0,0.5483870967741935,92,maze-like; large obstacle block; narrow corridor; bottleneck,low,high,high
high_corridor,random_rate0.4_seed52_s18-3_g17-3,52,20,0.4,random,"18,3","17,3",1.0,1.0,0.5483870967741935,92,maze-like; large obstacle block; narrow corridor; bottleneck,low,high,high
high_articulation,random_rate0.4_seed52_s18-3_g17-3,52,20,0.4,random,"18,3","17,3",1.0,1.0,0.5483870967741935,92,maze-like; large obstacle block; narrow corridor; bottleneck,low,high,high
geometry_easy,random_rate0.1_seed53_s15-9_g4-19,53,20,0.1,random,"15,9","4,19",21.0,1.0,0.09264305177111716,3,open space; multiple alternative routes,low,low,low
obstacle_structured,random_rate0.2_seed53_s3-3_g3-18,53,20,0.2,random,"3,3","3,18",21.0,1.4,0.2043343653250774,12,sparse obstacles; bottleneck,high,low,low
high_stretch,random_rate0.2_seed53_s3-3_g3-18,53,20,0.2,random,"3,3","3,18",21.0,1.4,0.2043343653250774,12,sparse obstacles; bottleneck,high,low,low
obstacle_structured,random_rate0.3_seed53_s7-8_g9-12,53,20,0.3,random,"7,8","9,12",6.0,1.0,0.3458904109589041,25,dense obstacles; bottleneck; maze-like,low,medium,medium
obstacle_structured,random_rate0.4_seed53_s7-11_g16-5,53,20,0.4,random,"7,11","16,5",25.0,1.6666666666666667,0.5,82,maze-like; large obstacle block; narrow corridor; bottleneck,high,high,high
high_stretch,random_rate0.4_seed53_s7-11_g16-5,53,20,0.4,random,"7,11","16,5",25.0,1.6666666666666667,0.5,82,maze-like; large obstacle block; narrow corridor; bottleneck,high,high,high
high_corridor,random_rate0.4_seed53_s7-11_g16-5,53,20,0.4,random,"7,11","16,5",25.0,1.6666666666666667,0.5,82,maze-like; large obstacle block; narrow corridor; bottleneck,high,high,high
high_articulation,random_rate0.4_seed53_s7-11_g16-5,53,20,0.4,random,"7,11","16,5",25.0,1.6666666666666667,0.5,82,maze-like; large obstacle block; narrow corridor; bottleneck,high,high,high
geometry_easy,random_rate0.1_seed54_s3-18_g6-13,54,20,0.1,random,"3,18","6,13",8.0,1.0,0.0856353591160221,4,open space,low,low,low
geometry_easy,random_rate0.2_seed54_s0-8_g6-18,54,20,0.2,random,"0,8","6,18",16.0,1.0,0.209375,14,sparse obstacles; multiple alternative routes,low,low,low
obstacle_structured,random_rate0.3_seed54_s19-11_g0-4,54,20,0.3,random,"19,11","0,4",26.0,1.0,0.40942028985507245,34,dense obstacles; narrow corridor; bottleneck; maze-like,low,medium,medium
obstacle_structured,random_rate0.4_seed54_s11-3_g11-4,54,20,0.4,random,"11,3","11,4",1.0,1.0,0.6200873362445415,96,maze-like; large obstacle block; narrow corridor; bottleneck,low,high,high
high_corridor,random_rate0.4_seed54_s11-3_g11-4,54,20,0.4,random,"11,3","11,4",1.0,1.0,0.6200873362445415,96,maze-like; large obstacle block; narrow corridor; bottleneck,low,high,high
high_articulation,random_rate0.4_seed54_s11-3_g11-4,54,20,0.4,random,"11,3","11,4",1.0,1.0,0.6200873362445415,96,maze-like; large obstacle block; narrow corridor; bottleneck,low,high,high
geometry_easy,random_rate0.1_seed55_s0-9_g19-15,55,20,0.1,random,"0,9","19,15",25.0,1.0,0.0684931506849315,4,open space; multiple alternative routes,low,low,low
geometry_easy,random_rate0.2_seed55_s2-10_g13-19,55,20,0.2,random,"2,10","13,19",20.0,1.0,0.1791044776119403,7,sparse obstacles; multiple alternative routes,low,low,low
obstacle_structured,random_rate0.3_seed55_s17-8_g1-18,55,20,0.3,random,"17,8","1,18",26.0,1.0,0.37282229965156793,35,dense obstacles; narrow corridor; bottleneck; multiple alternative routes; maze-like,low,medium,medium
obstacle_structured,random_rate0.4_seed55_s19-10_g12-12,55,20,0.4,random,"19,10","12,12",13.0,1.4444444444444444,0.5375494071146245,81,maze-like; narrow corridor; bottleneck; multiple alternative routes,high,high,high
high_stretch,random_rate0.4_seed55_s19-10_g12-12,55,20,0.4,random,"19,10","12,12",13.0,1.4444444444444444,0.5375494071146245,81,maze-like; narrow corridor; bottleneck; multiple alternative routes,high,high,high
high_corridor,random_rate0.4_seed55_s19-10_g12-12,55,20,0.4,random,"19,10","12,12",13.0,1.4444444444444444,0.5375494071146245,81,maze-like; narrow corridor; bottleneck; multiple alternative routes,high,high,high
high_articulation,random_rate0.4_seed55_s19-10_g12-12,55,20,0.4,random,"19,10","12,12",13.0,1.4444444444444444,0.5375494071146245,81,maze-like; narrow corridor; bottleneck; multiple alternative routes,high,high,high
geometry_easy,random_rate0.1_seed56_s14-16_g11-3,56,20,0.1,random,"14,16","11,3",16.0,1.0,0.09264305177111716,3,open space; multiple alternative routes,low,low,low
obstacle_structured,random_rate0.3_seed56_s9-19_g19-13,56,20,0.3,random,"9,19","19,13",16.0,1.0,0.42028985507246375,46,dense obstacles; narrow corridor; bottleneck; multiple alternative routes; maze-like,low,medium,medium
obstacle_structured,random_rate0.4_seed56_s5-15_g19-1,56,20,0.4,random,"5,15","19,1",36.0,1.2857142857142858,0.572,123,maze-like; narrow corridor; bottleneck,high,high,high
high_stretch,random_rate0.4_seed56_s5-15_g19-1,56,20,0.4,random,"5,15","19,1",36.0,1.2857142857142858,0.572,123,maze-like; narrow corridor; bottleneck,high,high,high
high_corridor,random_rate0.4_seed56_s5-15_g19-1,56,20,0.4,random,"5,15","19,1",36.0,1.2857142857142858,0.572,123,maze-like; narrow corridor; bottleneck,high,high,high
high_articulation,random_rate0.4_seed56_s5-15_g19-1,56,20,0.4,random,"5,15","19,1",36.0,1.2857142857142858,0.572,123,maze-like; narrow corridor; bottleneck,high,high,high
geometry_easy,random_rate0.1_seed57_s7-1_g17-1,57,20,0.1,random,"7,1","17,1",10.0,1.0,0.08264462809917356,3,open space,low,low,low
obstacle_structured,random_rate0.3_seed57_s12-5_g0-14,57,20,0.3,random,"12,5","0,14",27.0,1.2857142857142858,0.4632352941176471,39,dense obstacles; narrow corridor; bottleneck; multiple alternative routes; maze-like,high,high,medium
high_stretch,random_rate0.3_seed57_s12-5_g0-14,57,20,0.3,random,"12,5","0,14",27.0,1.2857142857142858,0.4632352941176471,39,dense obstacles; narrow corridor; bottleneck; multiple alternative routes; maze-like,high,high,medium
high_corridor,random_rate0.3_seed57_s12-5_g0-14,57,20,0.3,random,"12,5","0,14",27.0,1.2857142857142858,0.4632352941176471,39,dense obstacles; narrow corridor; bottleneck; multiple alternative routes; maze-like,high,high,medium
obstacle_structured,random_rate0.4_seed57_s13-4_g14-7,57,20,0.4,random,"13,4","14,7",4.0,1.0,0.6506550218340611,106,maze-like; large obstacle block; narrow corridor; bottleneck,low,high,high
high_corridor,random_rate0.4_seed57_s13-4_g14-7,57,20,0.4,random,"13,4","14,7",4.0,1.0,0.6506550218340611,106,maze-like; large obstacle block; narrow corridor; bottleneck,low,high,high
high_articulation,random_rate0.4_seed57_s13-4_g14-7,57,20,0.4,random,"13,4","14,7",4.0,1.0,0.6506550218340611,106,maze-like; large obstacle block; narrow corridor; bottleneck,low,high,high
geometry_easy,random_rate0.1_seed58_s16-15_g19-5,58,20,0.1,random,"16,15","19,5",13.0,1.0,0.06486486486486487,2,open space; multiple alternative routes,low,low,low
obstacle_structured,random_rate0.3_seed58_s3-9_g18-1,58,20,0.3,random,"3,9","18,1",31.0,1.3478260869565217,0.3811188811188811,47,dense obstacles; narrow corridor; bottleneck; multiple alternative routes; maze-like,high,medium,medium
high_stretch,random_rate0.3_seed58_s3-9_g18-1,58,20,0.3,random,"3,9","18,1",31.0,1.3478260869565217,0.3811188811188811,47,dense obstacles; narrow corridor; bottleneck; multiple alternative routes; maze-like,high,medium,medium
obstacle_structured,random_rate0.4_seed58_s16-19_g16-11,58,20,0.4,random,"16,19","16,11",12.0,1.5,0.5269709543568465,81,maze-like; large obstacle block; narrow corridor; bottleneck; multiple alternative routes,high,high,high
high_stretch,random_rate0.4_seed58_s16-19_g16-11,58,20,0.4,random,"16,19","16,11",12.0,1.5,0.5269709543568465,81,maze-like; large obstacle block; narrow corridor; bottleneck; multiple alternative routes,high,high,high
high_corridor,random_rate0.4_seed58_s16-19_g16-11,58,20,0.4,random,"16,19","16,11",12.0,1.5,0.5269709543568465,81,maze-like; large obstacle block; narrow corridor; bottleneck; multiple alternative routes,high,high,high
high_articulation,random_rate0.4_seed58_s16-19_g16-11,58,20,0.4,random,"16,19","16,11",12.0,1.5,0.5269709543568465,81,maze-like; large obstacle block; narrow corridor; bottleneck; multiple alternative routes,high,high,high
geometry_easy,random_rate0.1_seed59_s10-17_g2-15,59,20,0.1,random,"10,17","2,15",10.0,1.0,0.07734806629834254,1,open space,low,low,low
obstacle_structured,random_rate0.3_seed59_s0-8_g11-5,59,20,0.3,random,"0,8","11,5",20.0,1.4285714285714286,0.4343065693430657,34,dense obstacles; narrow corridor; bottleneck; multiple alternative routes; maze-like,high,medium,medium
high_stretch,random_rate0.3_seed59_s0-8_g11-5,59,20,0.3,random,"0,8","11,5",20.0,1.4285714285714286,0.4343065693430657,34,dense obstacles; narrow corridor; bottleneck; multiple alternative routes; maze-like,high,medium,medium
obstacle_structured,random_rate0.4_seed59_s10-8_g3-4,59,20,0.4,random,"10,8","3,4",21.0,1.9090909090909092,0.5606694560669456,65,maze-like; large obstacle block; narrow corridor; bottleneck,high,high,high
high_stretch,random_rate0.4_seed59_s10-8_g3-4,59,20,0.4,random,"10,8","3,4",21.0,1.9090909090909092,0.5606694560669456,65,maze-like; large obstacle block; narrow corridor; bottleneck,high,high,high
high_corridor,random_rate0.4_seed59_s10-8_g3-4,59,20,0.4,random,"10,8","3,4",21.0,1.9090909090909092,0.5606694560669456,65,maze-like; large obstacle block; narrow corridor; bottleneck,high,high,high
high_articulation,random_rate0.4_seed59_s10-8_g3-4,59,20,0.4,random,"10,8","3,4",21.0,1.9090909090909092,0.5606694560669456,65,maze-like; large obstacle block; narrow corridor; bottleneck,high,high,high
geometry_easy,random_rate0.1_seed6_s19-8_g16-7,6,20,0.1,random,"19,8","16,7",4.0,1.0,0.10364145658263306,2,open space,low,low,low
obstacle_structured,random_rate0.2_seed6_s4-1_g13-15,6,20,0.2,random,"4,1","13,15",35.0,1.5217391304347827,0.3365695792880259,32,sparse obstacles; bottleneck; multiple alternative routes,high,medium,medium
high_stretch,random_rate0.2_seed6_s4-1_g13-15,6,20,0.2,random,"4,1","13,15",35.0,1.5217391304347827,0.3365695792880259,32,sparse obstacles; bottleneck; multiple alternative routes,high,medium,medium
obstacle_structured,random_rate0.3_seed6_s18-7_g4-13,6,20,0.3,random,"18,7","4,13",20.0,1.0,0.47330960854092524,52,dense obstacles; narrow corridor; bottleneck; maze-like,low,high,medium
high_corridor,random_rate0.3_seed6_s18-7_g4-13,6,20,0.3,random,"18,7","4,13",20.0,1.0,0.47330960854092524,52,dense obstacles; narrow corridor; bottleneck; maze-like,low,high,medium
obstacle_structured,random_rate0.4_seed6_s17-19_g13-18,6,20,0.4,random,"17,19","13,18",9.0,1.8,0.5785123966942148,95,maze-like; large obstacle block; narrow corridor; bottleneck,high,high,high
high_stretch,random_rate0.4_seed6_s17-19_g13-18,6,20,0.4,random,"17,19","13,18",9.0,1.8,0.5785123966942148,95,maze-like; large obstacle block; narrow corridor; bottleneck,high,high,high
high_corridor,random_rate0.4_seed6_s17-19_g13-18,6,20,0.4,random,"17,19","13,18",9.0,1.8,0.5785123966942148,95,maze-like; large obstacle block; narrow corridor; bottleneck,high,high,high
high_articulation,random_rate0.4_seed6_s17-19_g13-18,6,20,0.4,random,"17,19","13,18",9.0,1.8,0.5785123966942148,95,maze-like; large obstacle block; narrow corridor; bottleneck,high,high,high
geometry_easy,random_rate0.1_seed60_s17-7_g2-3,60,20,0.1,random,"17,7","2,3",19.0,1.0,0.0881542699724518,1,open space; multiple alternative routes,low,low,low
obstacle_structured,random_rate0.3_seed60_s17-16_g19-7,60,20,0.3,random,"17,16","19,7",11.0,1.0,0.4169611307420495,35,dense obstacles; narrow corridor; bottleneck; maze-like,low,medium,medium
obstacle_structured,random_rate0.4_seed60_s6-4_g4-5,60,20,0.4,random,"6,4","4,5",3.0,1.0,0.5390946502057613,69,maze-like; large obstacle block; narrow corridor; bottleneck,low,high,high
high_corridor,random_rate0.4_seed60_s6-4_g4-5,60,20,0.4,random,"6,4","4,5",3.0,1.0,0.5390946502057613,69,maze-like; large obstacle block; narrow corridor; bottleneck,low,high,high
high_articulation,random_rate0.4_seed60_s6-4_g4-5,60,20,0.4,random,"6,4","4,5",3.0,1.0,0.5390946502057613,69,maze-like; large obstacle block; narrow corridor; bottleneck,low,high,high
geometry_easy,random_rate0.1_seed61_s5-9_g0-9,61,20,0.1,random,"5,9","0,9",5.0,1.0,0.08611111111111111,5,open space,low,low,low
obstacle_structured,random_rate0.2_seed61_s17-10_g2-14,61,20,0.2,random,"17,10","2,14",21.0,1.105263157894737,0.25796178343949044,34,sparse obstacles; bottleneck,medium,medium,medium
obstacle_structured,random_rate0.3_seed61_s10-9_g9-7,61,20,0.3,random,"10,9","9,7",3.0,1.0,0.4646840148698885,52,dense obstacles; narrow corridor; bottleneck; multiple alternative routes; maze-like,low,high,medium
high_corridor,random_rate0.3_seed61_s10-9_g9-7,61,20,0.3,random,"10,9","9,7",3.0,1.0,0.4646840148698885,52,dense obstacles; narrow corridor; bottleneck; multiple alternative routes; maze-like,low,high,medium
obstacle_structured,random_rate0.4_seed61_s8-15_g13-13,61,20,0.4,random,"8,15","13,13",7.0,1.0,0.6228070175438597,84,maze-like; large obstacle block; narrow corridor; bottleneck,low,high,high
high_corridor,random_rate0.4_seed61_s8-15_g13-13,61,20,0.4,random,"8,15","13,13",7.0,1.0,0.6228070175438597,84,maze-like; large obstacle block; narrow corridor; bottleneck,low,high,high
high_articulation,random_rate0.4_seed61_s8-15_g13-13,61,20,0.4,random,"8,15","13,13",7.0,1.0,0.6228070175438597,84,maze-like; large obstacle block; narrow corridor; bottleneck,low,high,high
geometry_easy,random_rate0.1_seed62_s0-10_g3-3,62,20,0.1,random,"0,10","3,3",10.0,1.0,0.12394366197183099,8,open space; multiple alternative routes,low,low,low
obstacle_structured,random_rate0.2_seed62_s18-16_g14-17,62,20,0.2,random,"18,16","14,17",5.0,1.0,0.234375,19,sparse obstacles; bottleneck,low,medium,medium
obstacle_structured,random_rate0.3_seed62_s13-14_g12-3,62,20,0.3,random,"13,14","12,3",14.0,1.1666666666666667,0.3837638376383764,61,dense obstacles; narrow corridor; bottleneck; multiple alternative routes; maze-like,high,medium,high
high_stretch,random_rate0.3_seed62_s13-14_g12-3,62,20,0.3,random,"13,14","12,3",14.0,1.1666666666666667,0.3837638376383764,61,dense obstacles; narrow corridor; bottleneck; multiple alternative routes; maze-like,high,medium,high
high_articulation,random_rate0.3_seed62_s13-14_g12-3,62,20,0.3,random,"13,14","12,3",14.0,1.1666666666666667,0.3837638376383764,61,dense obstacles; narrow corridor; bottleneck; multiple alternative routes; maze-like,high,medium,high
obstacle_structured,random_rate0.4_seed62_s16-6_g12-9,62,20,0.4,random,"16,6","12,9",7.0,1.0,0.6473214285714286,89,maze-like; narrow corridor; bottleneck; multiple alternative routes,low,high,high
high_corridor,random_rate0.4_seed62_s16-6_g12-9,62,20,0.4,random,"16,6","12,9",7.0,1.0,0.6473214285714286,89,maze-like; narrow corridor; bottleneck; multiple alternative routes,low,high,high
high_articulation,random_rate0.4_seed62_s16-6_g12-9,62,20,0.4,random,"16,6","12,9",7.0,1.0,0.6473214285714286,89,maze-like; narrow corridor; bottleneck; multiple alternative routes,low,high,high
geometry_easy,random_rate0.1_seed63_s14-19_g16-10,63,20,0.1,random,"14,19","16,10",11.0,1.0,0.08767123287671233,4,open space; multiple alternative routes,low,low,low
geometry_easy,random_rate0.2_seed63_s9-9_g12-5,63,20,0.2,random,"9,9","12,5",7.0,1.0,0.20303030303030303,10,sparse obstacles,low,low,low
obstacle_structured,random_rate0.3_seed63_s0-0_g1-16,63,20,0.3,random,"0,0","1,16",25.0,1.4705882352941178,0.42105263157894735,42,dense obstacles; narrow corridor; bottleneck; maze-like,high,medium,medium
high_stretch,random_rate0.3_seed63_s0-0_g1-16,63,20,0.3,random,"0,0","1,16",25.0,1.4705882352941178,0.42105263157894735,42,dense obstacles; narrow corridor; bottleneck; maze-like,high,medium,medium
obstacle_structured,random_rate0.4_seed63_s16-1_g13-13,63,20,0.4,random,"16,1","13,13",17.0,1.1333333333333333,0.6443514644351465,97,maze-like; large obstacle block; narrow corridor; bottleneck,medium,high,high
high_corridor,random_rate0.4_seed63_s16-1_g13-13,63,20,0.4,random,"16,1","13,13",17.0,1.1333333333333333,0.6443514644351465,97,maze-like; large obstacle block; narrow corridor; bottleneck,medium,high,high
high_articulation,random_rate0.4_seed63_s16-1_g13-13,63,20,0.4,random,"16,1","13,13",17.0,1.1333333333333333,0.6443514644351465,97,maze-like; large obstacle block; narrow corridor; bottleneck,medium,high,high
geometry_easy,random_rate0.1_seed64_s3-10_g12-8,64,20,0.1,random,"3,10","12,8",11.0,1.0,0.10674157303370786,3,open space; multiple alternative routes,low,low,low
obstacle_structured,random_rate0.2_seed64_s19-9_g8-14,64,20,0.2,random,"19,9","8,14",20.0,1.25,0.21904761904761905,29,sparse obstacles; bottleneck; multiple alternative routes,high,low,medium
high_stretch,random_rate0.2_seed64_s19-9_g8-14,64,20,0.2,random,"19,9","8,14",20.0,1.25,0.21904761904761905,29,sparse obstacles; bottleneck; multiple alternative routes,high,low,medium
obstacle_structured,random_rate0.3_seed64_s8-0_g7-1,64,20,0.3,random,"8,0","7,1",2.0,1.0,0.35144927536231885,48,dense obstacles; narrow corridor; bottleneck; maze-like,low,medium,medium
obstacle_structured,random_rate0.4_seed64_s12-16_g15-16,64,20,0.4,random,"12,16","15,16",5.0,1.6666666666666667,0.5021097046413502,78,maze-like; large obstacle block; narrow corridor; bottleneck; multiple alternative routes,high,high,high
high_stretch,random_rate0.4_seed64_s12-16_g15-16,64,20,0.4,random,"12,16","15,16",5.0,1.6666666666666667,0.5021097046413502,78,maze-like; large obstacle block; narrow corridor; bottleneck; multiple alternative routes,high,high,high
high_corridor,random_rate0.4_seed64_s12-16_g15-16,64,20,0.4,random,"12,16","15,16",5.0,1.6666666666666667,0.5021097046413502,78,maze-like; large obstacle block; narrow corridor; bottleneck; multiple alternative routes,high,high,high
high_articulation,random_rate0.4_seed64_s12-16_g15-16,64,20,0.4,random,"12,16","15,16",5.0,1.6666666666666667,0.5021097046413502,78,maze-like; large obstacle block; narrow corridor; bottleneck; multiple alternative routes,high,high,high
geometry_easy,random_rate0.1_seed65_s9-5_g10-3,65,20,0.1,random,"9,5","10,3",3.0,1.0,0.10277777777777777,6,open space; multiple alternative routes,low,low,low
obstacle_structured,random_rate0.3_seed65_s10-4_g2-3,65,20,0.3,random,"10,4","2,3",11.0,1.2222222222222223,0.39492753623188404,51,dense obstacles; narrow corridor; bottleneck; maze-like,high,medium,medium
high_stretch,random_rate0.3_seed65_s10-4_g2-3,65,20,0.3,random,"10,4","2,3",11.0,1.2222222222222223,0.39492753623188404,51,dense obstacles; narrow corridor; bottleneck; maze-like,high,medium,medium
obstacle_structured,random_rate0.4_seed65_s14-1_g11-2,65,20,0.4,random,"14,1","11,2",4.0,1.0,0.5102040816326531,62,maze-like; narrow corridor; bottleneck,low,high,high
high_corridor,random_rate0.4_seed65_s14-1_g11-2,65,20,0.4,random,"14,1","11,2",4.0,1.0,0.5102040816326531,62,maze-like; narrow corridor; bottleneck,low,high,high
high_articulation,random_rate0.4_seed65_s14-1_g11-2,65,20,0.4,random,"14,1","11,2",4.0,1.0,0.5102040816326531,62,maze-like; narrow corridor; bottleneck,low,high,high
geometry_easy,random_rate0.1_seed66_s10-12_g11-17,66,20,0.1,random,"10,12","11,17",6.0,1.0,0.09749303621169916,7,open space,low,low,low
obstacle_structured,random_rate0.3_seed66_s14-14_g17-1,66,20,0.3,random,"14,14","17,1",20.0,1.25,0.4562043795620438,50,dense obstacles; narrow corridor; bottleneck; maze-like,high,high,medium
high_stretch,random_rate0.3_seed66_s14-14_g17-1,66,20,0.3,random,"14,14","17,1",20.0,1.25,0.4562043795620438,50,dense obstacles; narrow corridor; bottleneck; maze-like,high,high,medium
high_corridor,random_rate0.3_seed66_s14-14_g17-1,66,20,0.3,random,"14,14","17,1",20.0,1.25,0.4562043795620438,50,dense obstacles; narrow corridor; bottleneck; maze-like,high,high,medium
obstacle_structured,random_rate0.4_seed66_s0-6_g7-7,66,20,0.4,random,"0,6","7,7",12.0,1.5,0.625,66,maze-like; large obstacle block; narrow corridor; bottleneck,high,high,high
high_stretch,random_rate0.4_seed66_s0-6_g7-7,66,20,0.4,random,"0,6","7,7",12.0,1.5,0.625,66,maze-like; large obstacle block; narrow corridor; bottleneck,high,high,high
high_corridor,random_rate0.4_seed66_s0-6_g7-7,66,20,0.4,random,"0,6","7,7",12.0,1.5,0.625,66,maze-like; large obstacle block; narrow corridor; bottleneck,high,high,high
high_articulation,random_rate0.4_seed66_s0-6_g7-7,66,20,0.4,random,"0,6","7,7",12.0,1.5,0.625,66,maze-like; large obstacle block; narrow corridor; bottleneck,high,high,high
geometry_easy,random_rate0.1_seed67_s6-13_g16-5,67,20,0.1,random,"6,13","16,5",18.0,1.0,0.14857142857142858,6,open space; multiple alternative routes,low,low,low
obstacle_structured,random_rate0.3_seed67_s15-6_g14-18,67,20,0.3,random,"15,6","14,18",17.0,1.3076923076923077,0.4128113879003559,29,dense obstacles; narrow corridor; bottleneck; multiple alternative routes; maze-like,high,medium,medium
high_stretch,random_rate0.3_seed67_s15-6_g14-18,67,20,0.3,random,"15,6","14,18",17.0,1.3076923076923077,0.4128113879003559,29,dense obstacles; narrow corridor; bottleneck; multiple alternative routes; maze-like,high,medium,medium
obstacle_structured,random_rate0.4_seed67_s1-0_g10-2,67,20,0.4,random,"1,0","10,2",21.0,1.9090909090909092,0.5899581589958159,103,maze-like; large obstacle block; narrow corridor; bottleneck; multiple alternative routes,high,high,high
high_stretch,random_rate0.4_seed67_s1-0_g10-2,67,20,0.4,random,"1,0","10,2",21.0,1.9090909090909092,0.5899581589958159,103,maze-like; large obstacle block; narrow corridor; bottleneck; multiple alternative routes,high,high,high
high_corridor,random_rate0.4_seed67_s1-0_g10-2,67,20,0.4,random,"1,0","10,2",21.0,1.9090909090909092,0.5899581589958159,103,maze-like; large obstacle block; narrow corridor; bottleneck; multiple alternative routes,high,high,high
high_articulation,random_rate0.4_seed67_s1-0_g10-2,67,20,0.4,random,"1,0","10,2",21.0,1.9090909090909092,0.5899581589958159,103,maze-like; large obstacle block; narrow corridor; bottleneck; multiple alternative routes,high,high,high
geometry_easy,random_rate0.1_seed68_s16-10_g12-15,68,20,0.1,random,"16,10","12,15",9.0,1.0,0.11420612813370473,10,open space; multiple alternative routes,low,low,low
obstacle_structured,random_rate0.2_seed68_s4-13_g9-12,68,20,0.2,random,"4,13","9,12",6.0,1.0,0.259375,33,sparse obstacles; bottleneck; multiple alternative routes,low,medium,medium
obstacle_structured,random_rate0.3_seed68_s18-7_g0-16,68,20,0.3,random,"18,7","0,16",31.0,1.1481481481481481,0.4693140794223827,54,dense obstacles; narrow corridor; bottleneck; multiple alternative routes; maze-like,medium,high,high
high_corridor,random_rate0.3_seed68_s18-7_g0-16,68,20,0.3,random,"18,7","0,16",31.0,1.1481481481481481,0.4693140794223827,54,dense obstacles; narrow corridor; bottleneck; multiple alternative routes; maze-like,medium,high,high
high_articulation,random_rate0.3_seed68_s18-7_g0-16,68,20,0.3,random,"18,7","0,16",31.0,1.1481481481481481,0.4693140794223827,54,dense obstacles; narrow corridor; bottleneck; multiple alternative routes; maze-like,medium,high,high
obstacle_structured,random_rate0.4_seed68_s7-8_g0-0,68,20,0.4,random,"7,8","0,0",15.0,1.0,0.6141078838174274,95,maze-like; large obstacle block; narrow corridor; bottleneck,low,high,high
high_corridor,random_rate0.4_seed68_s7-8_g0-0,68,20,0.4,random,"7,8","0,0",15.0,1.0,0.6141078838174274,95,maze-like; large obstacle block; narrow corridor; bottleneck,low,high,high
high_articulation,random_rate0.4_seed68_s7-8_g0-0,68,20,0.4,random,"7,8","0,0",15.0,1.0,0.6141078838174274,95,maze-like; large obstacle block; narrow corridor; bottleneck,low,high,high
geometry_easy,random_rate0.1_seed69_s3-16_g15-9,69,20,0.1,random,"3,16","15,9",19.0,1.0,0.10277777777777777,3,open space; multiple alternative routes,low,low,low
obstacle_structured,random_rate0.2_seed69_s17-18_g3-12,69,20,0.2,random,"17,18","3,12",24.0,1.2,0.2733118971061093,29,sparse obstacles; bottleneck,high,medium,medium
high_stretch,random_rate0.2_seed69_s17-18_g3-12,69,20,0.2,random,"17,18","3,12",24.0,1.2,0.2733118971061093,29,sparse obstacles; bottleneck,high,medium,medium
obstacle_structured,random_rate0.3_seed69_s10-16_g8-13,69,20,0.3,random,"10,16","8,13",7.0,1.4,0.42435424354243545,80,dense obstacles; narrow corridor; bottleneck; maze-like,high,medium,high
high_stretch,random_rate0.3_seed69_s10-16_g8-13,69,20,0.3,random,"10,16","8,13",7.0,1.4,0.42435424354243545,80,dense obstacles; narrow corridor; bottleneck; maze-like,high,medium,high
high_articulation,random_rate0.3_seed69_s10-16_g8-13,69,20,0.3,random,"10,16","8,13",7.0,1.4,0.42435424354243545,80,dense obstacles; narrow corridor; bottleneck; maze-like,high,medium,high
obstacle_structured,random_rate0.4_seed69_s5-5_g12-0,69,20,0.4,random,"5,5","12,0",12.0,1.0,0.5818965517241379,88,maze-like; large obstacle block; narrow corridor; bottleneck,low,high,high
high_corridor,random_rate0.4_seed69_s5-5_g12-0,69,20,0.4,random,"5,5","12,0",12.0,1.0,0.5818965517241379,88,maze-like; large obstacle block; narrow corridor; bottleneck,low,high,high
high_articulation,random_rate0.4_seed69_s5-5_g12-0,69,20,0.4,random,"5,5","12,0",12.0,1.0,0.5818965517241379,88,maze-like; large obstacle block; narrow corridor; bottleneck,low,high,high
geometry_easy,random_rate0.1_seed7_s6-3_g13-12,7,20,0.1,random,"6,3","13,12",16.0,1.0,0.10955056179775281,6,open space; multiple alternative routes,low,low,low
obstacle_structured,random_rate0.3_seed7_s10-10_g10-3,7,20,0.3,random,"10,10","10,3",9.0,1.2857142857142858,0.45112781954887216,71,dense obstacles; narrow corridor; bottleneck; multiple alternative routes; maze-like,high,high,high
high_stretch,random_rate0.3_seed7_s10-10_g10-3,7,20,0.3,random,"10,10","10,3",9.0,1.2857142857142858,0.45112781954887216,71,dense obstacles; narrow corridor; bottleneck; multiple alternative routes; maze-like,high,high,high
high_corridor,random_rate0.3_seed7_s10-10_g10-3,7,20,0.3,random,"10,10","10,3",9.0,1.2857142857142858,0.45112781954887216,71,dense obstacles; narrow corridor; bottleneck; multiple alternative routes; maze-like,high,high,high
high_articulation,random_rate0.3_seed7_s10-10_g10-3,7,20,0.3,random,"10,10","10,3",9.0,1.2857142857142858,0.45112781954887216,71,dense obstacles; narrow corridor; bottleneck; multiple alternative routes; maze-like,high,high,high
obstacle_structured,random_rate0.4_seed7_s11-19_g14-18,7,20,0.4,random,"11,19","14,18",4.0,1.0,0.5657894736842105,86,maze-like; large obstacle block; narrow corridor; bottleneck,low,high,high
high_corridor,random_rate0.4_seed7_s11-19_g14-18,7,20,0.4,random,"11,19","14,18",4.0,1.0,0.5657894736842105,86,maze-like; large obstacle block; narrow corridor; bottleneck,low,high,high
high_articulation,random_rate0.4_seed7_s11-19_g14-18,7,20,0.4,random,"11,19","14,18",4.0,1.0,0.5657894736842105,86,maze-like; large obstacle block; narrow corridor; bottleneck,low,high,high
geometry_easy,random_rate0.1_seed70_s19-16_g8-6,70,20,0.1,random,"19,16","8,6",21.0,1.0,0.08991825613079019,3,open space; multiple alternative routes,low,low,low
obstacle_structured,random_rate0.3_seed70_s5-11_g1-9,70,20,0.3,random,"5,11","1,9",6.0,1.0,0.4105263157894737,51,dense obstacles; narrow corridor; bottleneck; maze-like,low,medium,medium
obstacle_structured,random_rate0.4_seed70_s15-10_g11-13,70,20,0.4,random,"15,10","11,13",21.0,3.0,0.5925925925925926,106,maze-like; narrow corridor; bottleneck,high,high,high
high_stretch,random_rate0.4_seed70_s15-10_g11-13,70,20,0.4,random,"15,10","11,13",21.0,3.0,0.5925925925925926,106,maze-like; narrow corridor; bottleneck,high,high,high
high_corridor,random_rate0.4_seed70_s15-10_g11-13,70,20,0.4,random,"15,10","11,13",21.0,3.0,0.5925925925925926,106,maze-like; narrow corridor; bottleneck,high,high,high
high_articulation,random_rate0.4_seed70_s15-10_g11-13,70,20,0.4,random,"15,10","11,13",21.0,3.0,0.5925925925925926,106,maze-like; narrow corridor; bottleneck,high,high,high
geometry_easy,random_rate0.1_seed71_s11-19_g6-6,71,20,0.1,random,"11,19","6,6",18.0,1.0,0.12044817927170869,6,open space; multiple alternative routes,low,low,low
obstacle_structured,random_rate0.3_seed71_s4-16_g17-2,71,20,0.3,random,"4,16","17,2",31.0,1.1481481481481481,0.43223443223443225,61,dense obstacles; narrow corridor; bottleneck; multiple alternative routes; maze-like,medium,medium,high
high_articulation,random_rate0.3_seed71_s4-16_g17-2,71,20,0.3,random,"4,16","17,2",31.0,1.1481481481481481,0.43223443223443225,61,dense obstacles; narrow corridor; bottleneck; multiple alternative routes; maze-like,medium,medium,high
obstacle_structured,random_rate0.4_seed71_s19-11_g15-15,71,20,0.4,random,"19,11","15,15",8.0,1.0,0.5523012552301255,87,maze-like; large obstacle block; narrow corridor; bottleneck,low,high,high
high_corridor,random_rate0.4_seed71_s19-11_g15-15,71,20,0.4,random,"19,11","15,15",8.0,1.0,0.5523012552301255,87,maze-like; large obstacle block; narrow corridor; bottleneck,low,high,high
high_articulation,random_rate0.4_seed71_s19-11_g15-15,71,20,0.4,random,"19,11","15,15",8.0,1.0,0.5523012552301255,87,maze-like; large obstacle block; narrow corridor; bottleneck,low,high,high
geometry_easy,random_rate0.1_seed72_s9-16_g0-9,72,20,0.1,random,"9,16","0,9",16.0,1.0,0.06887052341597796,4,open space; multiple alternative routes,low,low,low
obstacle_structured,random_rate0.3_seed72_s19-0_g7-7,72,20,0.3,random,"19,0","7,7",19.0,1.0,0.375,42,dense obstacles; narrow corridor; bottleneck; multiple alternative routes; maze-like,low,medium,medium
obstacle_structured,random_rate0.4_seed72_s11-12_g13-17,72,20,0.4,random,"11,12","13,17",7.0,1.0,0.5219123505976095,58,maze-like; large obstacle block; narrow corridor; bottleneck,low,high,high
high_corridor,random_rate0.4_seed72_s11-12_g13-17,72,20,0.4,random,"11,12","13,17",7.0,1.0,0.5219123505976095,58,maze-like; large obstacle block; narrow corridor; bottleneck,low,high,high
high_articulation,random_rate0.4_seed72_s11-12_g13-17,72,20,0.4,random,"11,12","13,17",7.0,1.0,0.5219123505976095,58,maze-like; large obstacle block; narrow corridor; bottleneck,low,high,high
geometry_easy,random_rate0.1_seed73_s12-5_g1-4,73,20,0.1,random,"12,5","1,4",12.0,1.0,0.10164835164835165,3,open space,low,low,low
high_stretch,random_rate0.2_seed73_s6-15_g12-15,73,20,0.2,random,"6,15","12,15",8.0,1.3333333333333333,0.2553846153846154,18,sparse obstacles; multiple alternative routes,high,medium,medium
obstacle_structured,random_rate0.3_seed73_s16-3_g5-17,73,20,0.3,random,"16,3","5,17",31.0,1.24,0.39501779359430605,51,dense obstacles; narrow corridor; bottleneck; multiple alternative routes; maze-like,high,medium,medium
high_stretch,random_rate0.3_seed73_s16-3_g5-17,73,20,0.3,random,"16,3","5,17",31.0,1.24,0.39501779359430605,51,dense obstacles; narrow corridor; bottleneck; multiple alternative routes; maze-like,high,medium,medium
obstacle_structured,random_rate0.4_seed73_s11-12_g18-13,73,20,0.4,random,"11,12","18,13",16.0,2.0,0.602510460251046,110,maze-like; narrow corridor; bottleneck; multiple alternative routes,high,high,high
high_stretch,random_rate0.4_seed73_s11-12_g18-13,73,20,0.4,random,"11,12","18,13",16.0,2.0,0.602510460251046,110,maze-like; narrow corridor; bottleneck; multiple alternative routes,high,high,high
high_corridor,random_rate0.4_seed73_s11-12_g18-13,73,20,0.4,random,"11,12","18,13",16.0,2.0,0.602510460251046,110,maze-like; narrow corridor; bottleneck; multiple alternative routes,high,high,high
high_articulation,random_rate0.4_seed73_s11-12_g18-13,73,20,0.4,random,"11,12","18,13",16.0,2.0,0.602510460251046,110,maze-like; narrow corridor; bottleneck; multiple alternative routes,high,high,high
geometry_easy,random_rate0.1_seed74_s1-10_g8-8,74,20,0.1,random,"1,10","8,8",9.0,1.0,0.07901907356948229,2,open space; multiple alternative routes,low,low,low
obstacle_structured,random_rate0.3_seed74_s5-3_g10-12,74,20,0.3,random,"5,3","10,12",14.0,1.0,0.43109540636042404,43,dense obstacles; narrow corridor; bottleneck; multiple alternative routes; maze-like,low,medium,medium
obstacle_structured,random_rate0.4_seed74_s6-6_g16-1,74,20,0.4,random,"6,6","16,1",19.0,1.2666666666666666,0.576,92,maze-like; large obstacle block; narrow corridor; bottleneck; multiple alternative routes,high,high,high
high_stretch,random_rate0.4_seed74_s6-6_g16-1,74,20,0.4,random,"6,6","16,1",19.0,1.2666666666666666,0.576,92,maze-like; large obstacle block; narrow corridor; bottleneck; multiple alternative routes,high,high,high
high_corridor,random_rate0.4_seed74_s6-6_g16-1,74,20,0.4,random,"6,6","16,1",19.0,1.2666666666666666,0.576,92,maze-like; large obstacle block; narrow corridor; bottleneck; multiple alternative routes,high,high,high
high_articulation,random_rate0.4_seed74_s6-6_g16-1,74,20,0.4,random,"6,6","16,1",19.0,1.2666666666666666,0.576,92,maze-like; large obstacle block; narrow corridor; bottleneck; multiple alternative routes,high,high,high
geometry_easy,random_rate0.1_seed75_s16-7_g16-8,75,20,0.1,random,"16,7","16,8",1.0,1.0,0.08635097493036212,4,open space,low,low,low
obstacle_structured,random_rate0.3_seed75_s7-5_g11-18,75,20,0.3,random,"7,5","11,18",25.0,1.4705882352941178,0.42704626334519574,41,dense obstacles; narrow corridor; bottleneck; multiple alternative routes; maze-like,high,medium,medium
high_stretch,random_rate0.3_seed75_s7-5_g11-18,75,20,0.3,random,"7,5","11,18",25.0,1.4705882352941178,0.42704626334519574,41,dense obstacles; narrow corridor; bottleneck; multiple alternative routes; maze-like,high,medium,medium
obstacle_structured,random_rate0.4_seed75_s9-19_g7-14,75,20,0.4,random,"9,19","7,14",15.0,2.142857142857143,0.6452991452991453,98,maze-like; narrow corridor; bottleneck; multiple alternative routes,high,high,high
high_stretch,random_rate0.4_seed75_s9-19_g7-14,75,20,0.4,random,"9,19","7,14",15.0,2.142857142857143,0.6452991452991453,98,maze-like; narrow corridor; bottleneck; multiple alternative routes,high,high,high
high_corridor,random_rate0.4_seed75_s9-19_g7-14,75,20,0.4,random,"9,19","7,14",15.0,2.142857142857143,0.6452991452991453,98,maze-like; narrow corridor; bottleneck; multiple alternative routes,high,high,high
high_articulation,random_rate0.4_seed75_s9-19_g7-14,75,20,0.4,random,"9,19","7,14",15.0,2.142857142857143,0.6452991452991453,98,maze-like; narrow corridor; bottleneck; multiple alternative routes,high,high,high
geometry_easy,random_rate0.1_seed76_s6-2_g6-7,76,20,0.1,random,"6,2","6,7",5.0,1.0,0.09917355371900827,1,open space,low,low,low
high_stretch,random_rate0.2_seed76_s11-9_g7-9,76,20,0.2,random,"11,9","7,9",6.0,1.5,0.23076923076923078,14,sparse obstacles; multiple alternative routes,high,medium,low
obstacle_structured,random_rate0.3_seed76_s15-0_g11-1,76,20,0.3,random,"15,0","11,1",5.0,1.0,0.36054421768707484,46,dense obstacles; narrow corridor; bottleneck; maze-like,low,medium,medium
obstacle_structured,random_rate0.4_seed76_s16-12_g9-1,76,20,0.4,random,"16,12","9,1",20.0,1.1111111111111112,0.53515625,80,maze-like; narrow corridor; bottleneck,medium,high,high
high_corridor,random_rate0.4_seed76_s16-12_g9-1,76,20,0.4,random,"16,12","9,1",20.0,1.1111111111111112,0.53515625,80,maze-like; narrow corridor; bottleneck,medium,high,high
high_articulation,random_rate0.4_seed76_s16-12_g9-1,76,20,0.4,random,"16,12","9,1",20.0,1.1111111111111112,0.53515625,80,maze-like; narrow corridor; bottleneck,medium,high,high
geometry_easy,random_rate0.1_seed77_s8-6_g7-4,77,20,0.1,random,"8,6","7,4",3.0,1.0,0.13256484149855907,7,open space,low,low,low
obstacle_structured,random_rate0.2_seed77_s3-0_g14-15,77,20,0.2,random,"3,0","14,15",26.0,1.0,0.28938906752411575,18,sparse obstacles; bottleneck; multiple alternative routes,low,medium,medium
obstacle_structured,random_rate0.3_seed77_s9-17_g8-18,77,20,0.3,random,"9,17","8,18",2.0,1.0,0.4607142857142857,70,dense obstacles; narrow corridor; bottleneck; maze-like,low,high,high
high_corridor,random_rate0.3_seed77_s9-17_g8-18,77,20,0.3,random,"9,17","8,18",2.0,1.0,0.4607142857142857,70,dense obstacles; narrow corridor; bottleneck; maze-like,low,high,high
high_articulation,random_rate0.3_seed77_s9-17_g8-18,77,20,0.3,random,"9,17","8,18",2.0,1.0,0.4607142857142857,70,dense obstacles; narrow corridor; bottleneck; maze-like,low,high,high
obstacle_structured,random_rate0.4_seed77_s17-6_g17-12,77,20,0.4,random,"17,6","17,12",8.0,1.3333333333333333,0.5737051792828686,80,maze-like; narrow corridor; bottleneck; multiple alternative routes,high,high,high
high_stretch,random_rate0.4_seed77_s17-6_g17-12,77,20,0.4,random,"17,6","17,12",8.0,1.3333333333333333,0.5737051792828686,80,maze-like; narrow corridor; bottleneck; multiple alternative routes,high,high,high
high_corridor,random_rate0.4_seed77_s17-6_g17-12,77,20,0.4,random,"17,6","17,12",8.0,1.3333333333333333,0.5737051792828686,80,maze-like; narrow corridor; bottleneck; multiple alternative routes,high,high,high
high_articulation,random_rate0.4_seed77_s17-6_g17-12,77,20,0.4,random,"17,6","17,12",8.0,1.3333333333333333,0.5737051792828686,80,maze-like; narrow corridor; bottleneck; multiple alternative routes,high,high,high
geometry_easy,random_rate0.1_seed78_s5-14_g15-3,78,20,0.1,random,"5,14","15,3",21.0,1.0,0.09776536312849161,5,open space; multiple alternative routes,low,low,low
high_stretch,random_rate0.2_seed78_s4-7_g1-2,78,20,0.2,random,"4,7","1,2",10.0,1.25,0.2634920634920635,14,sparse obstacles,high,medium,low
obstacle_structured,random_rate0.3_seed78_s9-11_g12-0,78,20,0.3,random,"9,11","12,0",18.0,1.2857142857142858,0.4199288256227758,50,dense obstacles; narrow corridor; bottleneck; multiple alternative routes; maze-like,high,medium,medium
high_stretch,random_rate0.3_seed78_s9-11_g12-0,78,20,0.3,random,"9,11","12,0",18.0,1.2857142857142858,0.4199288256227758,50,dense obstacles; narrow corridor; bottleneck; multiple alternative routes; maze-like,high,medium,medium
obstacle_structured,random_rate0.4_seed78_s15-4_g16-13,78,20,0.4,random,"15,4","16,13",42.0,4.2,0.5720164609053497,93,maze-like; large obstacle block; narrow corridor; bottleneck; multiple alternative routes,high,high,high
high_stretch,random_rate0.4_seed78_s15-4_g16-13,78,20,0.4,random,"15,4","16,13",42.0,4.2,0.5720164609053497,93,maze-like; large obstacle block; narrow corridor; bottleneck; multiple alternative routes,high,high,high
high_corridor,random_rate0.4_seed78_s15-4_g16-13,78,20,0.4,random,"15,4","16,13",42.0,4.2,0.5720164609053497,93,maze-like; large obstacle block; narrow corridor; bottleneck; multiple alternative routes,high,high,high
high_articulation,random_rate0.4_seed78_s15-4_g16-13,78,20,0.4,random,"15,4","16,13",42.0,4.2,0.5720164609053497,93,maze-like; large obstacle block; narrow corridor; bottleneck; multiple alternative routes,high,high,high
geometry_easy,random_rate0.1_seed79_s5-4_g14-16,79,20,0.1,random,"5,4","14,16",21.0,1.0,0.05929919137466307,1,open space; multiple alternative routes,low,low,low
obstacle_structured,random_rate0.3_seed79_s15-6_g9-19,79,20,0.3,random,"15,6","9,19",19.0,1.0,0.4542124542124542,54,dense obstacles; narrow corridor; bottleneck; multiple alternative routes; maze-like,low,high,high
high_corridor,random_rate0.3_seed79_s15-6_g9-19,79,20,0.3,random,"15,6","9,19",19.0,1.0,0.4542124542124542,54,dense obstacles; narrow corridor; bottleneck; multiple alternative routes; maze-like,low,high,high
high_articulation,random_rate0.3_seed79_s15-6_g9-19,79,20,0.3,random,"15,6","9,19",19.0,1.0,0.4542124542124542,54,dense obstacles; narrow corridor; bottleneck; multiple alternative routes; maze-like,low,high,high
obstacle_structured,random_rate0.4_seed79_s8-14_g16-10,79,20,0.4,random,"8,14","16,10",14.0,1.1666666666666667,0.6283185840707964,96,maze-like; large obstacle block; narrow corridor; bottleneck; multiple alternative routes,high,high,high
high_stretch,random_rate0.4_seed79_s8-14_g16-10,79,20,0.4,random,"8,14","16,10",14.0,1.1666666666666667,0.6283185840707964,96,maze-like; large obstacle block; narrow corridor; bottleneck; multiple alternative routes,high,high,high
high_corridor,random_rate0.4_seed79_s8-14_g16-10,79,20,0.4,random,"8,14","16,10",14.0,1.1666666666666667,0.6283185840707964,96,maze-like; large obstacle block; narrow corridor; bottleneck; multiple alternative routes,high,high,high
high_articulation,random_rate0.4_seed79_s8-14_g16-10,79,20,0.4,random,"8,14","16,10",14.0,1.1666666666666667,0.6283185840707964,96,maze-like; large obstacle block; narrow corridor; bottleneck; multiple alternative routes,high,high,high
geometry_easy,random_rate0.1_seed8_s19-2_g8-1,8,20,0.1,random,"19,2","8,1",12.0,1.0,0.07629427792915532,2,open space,low,low,low
obstacle_structured,random_rate0.3_seed8_s19-16_g2-4,8,20,0.3,random,"19,16","2,4",29.0,1.0,0.34146341463414637,35,dense obstacles; bottleneck; multiple alternative routes; maze-like,low,medium,medium
obstacle_structured,random_rate0.4_seed8_s13-12_g10-17,8,20,0.4,random,"13,12","10,17",8.0,1.0,0.5756302521008403,75,maze-like; narrow corridor; bottleneck,low,high,high
high_corridor,random_rate0.4_seed8_s13-12_g10-17,8,20,0.4,random,"13,12","10,17",8.0,1.0,0.5756302521008403,75,maze-like; narrow corridor; bottleneck,low,high,high
high_articulation,random_rate0.4_seed8_s13-12_g10-17,8,20,0.4,random,"13,12","10,17",8.0,1.0,0.5756302521008403,75,maze-like; narrow corridor; bottleneck,low,high,high
geometry_easy,random_rate0.1_seed80_s10-5_g18-8,80,20,0.1,random,"10,5","18,8",11.0,1.0,0.09392265193370165,3,open space; multiple alternative routes,low,low,low
high_stretch,random_rate0.2_seed80_s14-10_g6-15,80,20,0.2,random,"14,10","6,15",15.0,1.1538461538461537,0.2715654952076677,20,sparse obstacles,high,medium,medium
obstacle_structured,random_rate0.3_seed80_s9-14_g11-5,80,20,0.3,random,"9,14","11,5",17.0,1.5454545454545454,0.4752851711026616,60,maze-like; large obstacle block; narrow corridor; bottleneck; multiple alternative routes,high,high,high
high_stretch,random_rate0.3_seed80_s9-14_g11-5,80,20,0.3,random,"9,14","11,5",17.0,1.5454545454545454,0.4752851711026616,60,maze-like; large obstacle block; narrow corridor; bottleneck; multiple alternative routes,high,high,high
high_corridor,random_rate0.3_seed80_s9-14_g11-5,80,20,0.3,random,"9,14","11,5",17.0,1.5454545454545454,0.4752851711026616,60,maze-like; large obstacle block; narrow corridor; bottleneck; multiple alternative routes,high,high,high
high_articulation,random_rate0.3_seed80_s9-14_g11-5,80,20,0.3,random,"9,14","11,5",17.0,1.5454545454545454,0.4752851711026616,60,maze-like; large obstacle block; narrow corridor; bottleneck; multiple alternative routes,high,high,high
obstacle_structured,random_rate0.4_seed80_s6-18_g19-18,80,20,0.4,random,"6,18","19,18",19.0,1.4615384615384615,0.639269406392694,72,maze-like; large obstacle block; narrow corridor; bottleneck; multiple alternative routes,high,high,high
high_stretch,random_rate0.4_seed80_s6-18_g19-18,80,20,0.4,random,"6,18","19,18",19.0,1.4615384615384615,0.639269406392694,72,maze-like; large obstacle block; narrow corridor; bottleneck; multiple alternative routes,high,high,high
high_corridor,random_rate0.4_seed80_s6-18_g19-18,80,20,0.4,random,"6,18","19,18",19.0,1.4615384615384615,0.639269406392694,72,maze-like; large obstacle block; narrow corridor; bottleneck; multiple alternative routes,high,high,high
high_articulation,random_rate0.4_seed80_s6-18_g19-18,80,20,0.4,random,"6,18","19,18",19.0,1.4615384615384615,0.639269406392694,72,maze-like; large obstacle block; narrow corridor; bottleneck; multiple alternative routes,high,high,high
geometry_easy,random_rate0.1_seed81_s18-5_g5-9,81,20,0.1,random,"18,5","5,9",17.0,1.0,0.1151685393258427,5,open space; multiple alternative routes,low,low,low
obstacle_structured,random_rate0.3_seed81_s7-13_g13-14,81,20,0.3,random,"7,13","13,14",7.0,1.0,0.4664310954063604,37,dense obstacles; narrow corridor; bottleneck; maze-like,low,high,medium
high_corridor,random_rate0.3_seed81_s7-13_g13-14,81,20,0.3,random,"7,13","13,14",7.0,1.0,0.4664310954063604,37,dense obstacles; narrow corridor; bottleneck; maze-like,low,high,medium
obstacle_structured,random_rate0.4_seed81_s8-3_g7-10,81,20,0.4,random,"8,3","7,10",16.0,2.0,0.6652360515021459,97,maze-like; large obstacle block; narrow corridor; bottleneck,high,high,high
high_stretch,random_rate0.4_seed81_s8-3_g7-10,81,20,0.4,random,"8,3","7,10",16.0,2.0,0.6652360515021459,97,maze-like; large obstacle block; narrow corridor; bottleneck,high,high,high
high_corridor,random_rate0.4_seed81_s8-3_g7-10,81,20,0.4,random,"8,3","7,10",16.0,2.0,0.6652360515021459,97,maze-like; large obstacle block; narrow corridor; bottleneck,high,high,high
high_articulation,random_rate0.4_seed81_s8-3_g7-10,81,20,0.4,random,"8,3","7,10",16.0,2.0,0.6652360515021459,97,maze-like; large obstacle block; narrow corridor; bottleneck,high,high,high
geometry_easy,random_rate0.1_seed82_s13-3_g16-18,82,20,0.1,random,"13,3","16,18",18.0,1.0,0.09041095890410959,7,open space,low,low,low
high_stretch,random_rate0.2_seed82_s15-13_g12-13,82,20,0.2,random,"15,13","12,13",5.0,1.6666666666666667,0.1661631419939577,13,sparse obstacles,high,low,low
obstacle_structured,random_rate0.3_seed82_s13-0_g14-8,82,20,0.3,random,"13,0","14,8",11.0,1.2222222222222223,0.3519163763066202,45,dense obstacles; narrow corridor; bottleneck; maze-like,high,medium,medium
high_stretch,random_rate0.3_seed82_s13-0_g14-8,82,20,0.3,random,"13,0","14,8",11.0,1.2222222222222223,0.3519163763066202,45,dense obstacles; narrow corridor; bottleneck; maze-like,high,medium,medium
obstacle_structured,random_rate0.4_seed82_s7-10_g10-12,82,20,0.4,random,"7,10","10,12",17.0,3.4,0.5261044176706827,66,maze-like; large obstacle block; narrow corridor; bottleneck,high,high,high
high_stretch,random_rate0.4_seed82_s7-10_g10-12,82,20,0.4,random,"7,10","10,12",17.0,3.4,0.5261044176706827,66,maze-like; large obstacle block; narrow corridor; bottleneck,high,high,high
high_corridor,random_rate0.4_seed82_s7-10_g10-12,82,20,0.4,random,"7,10","10,12",17.0,3.4,0.5261044176706827,66,maze-like; large obstacle block; narrow corridor; bottleneck,high,high,high
high_articulation,random_rate0.4_seed82_s7-10_g10-12,82,20,0.4,random,"7,10","10,12",17.0,3.4,0.5261044176706827,66,maze-like; large obstacle block; narrow corridor; bottleneck,high,high,high
geometry_easy,random_rate0.1_seed83_s11-12_g15-4,83,20,0.1,random,"11,12","15,4",12.0,1.0,0.10497237569060773,4,open space; multiple alternative routes,low,low,low
geometry_easy,random_rate0.2_seed83_s2-9_g9-5,83,20,0.2,random,"2,9","9,5",11.0,1.0,0.1831831831831832,13,sparse obstacles; multiple alternative routes,low,low,low
obstacle_structured,random_rate0.3_seed83_s8-3_g18-17,83,20,0.3,random,"8,3","18,17",24.0,1.0,0.33221476510067116,25,dense obstacles; bottleneck; multiple alternative routes; maze-like,low,medium,medium
obstacle_structured,random_rate0.4_seed83_s5-3_g10-6,83,20,0.4,random,"5,3","10,6",8.0,1.0,0.49416342412451364,69,maze-like; narrow corridor; bottleneck; multiple alternative routes,low,high,high
high_corridor,random_rate0.4_seed83_s5-3_g10-6,83,20,0.4,random,"5,3","10,6",8.0,1.0,0.49416342412451364,69,maze-like; narrow corridor; bottleneck; multiple alternative routes,low,high,high
high_articulation,random_rate0.4_seed83_s5-3_g10-6,83,20,0.4,random,"5,3","10,6",8.0,1.0,0.49416342412451364,69,maze-like; narrow corridor; bottleneck; multiple alternative routes,low,high,high
geometry_easy,random_rate0.1_seed84_s9-12_g3-4,84,20,0.1,random,"9,12","3,4",14.0,1.0,0.11570247933884298,2,open space; multiple alternative routes,low,low,low
obstacle_structured,random_rate0.3_seed84_s15-11_g15-0,84,20,0.3,random,"15,11","15,0",17.0,1.5454545454545454,0.378839590443686,34,dense obstacles; narrow corridor; bottleneck; maze-like,high,medium,medium
high_stretch,random_rate0.3_seed84_s15-11_g15-0,84,20,0.3,random,"15,11","15,0",17.0,1.5454545454545454,0.378839590443686,34,dense obstacles; narrow corridor; bottleneck; maze-like,high,medium,medium
obstacle_structured,random_rate0.4_seed84_s7-12_g3-9,84,20,0.4,random,"7,12","3,9",7.0,1.0,0.5772357723577236,89,maze-like; large obstacle block; narrow corridor; bottleneck; multiple alternative routes,low,high,high
high_corridor,random_rate0.4_seed84_s7-12_g3-9,84,20,0.4,random,"7,12","3,9",7.0,1.0,0.5772357723577236,89,maze-like; large obstacle block; narrow corridor; bottleneck; multiple alternative routes,low,high,high
high_articulation,random_rate0.4_seed84_s7-12_g3-9,84,20,0.4,random,"7,12","3,9",7.0,1.0,0.5772357723577236,89,maze-like; large obstacle block; narrow corridor; bottleneck; multiple alternative routes,low,high,high
geometry_easy,random_rate0.1_seed85_s11-0_g19-3,85,20,0.1,random,"11,0","19,3",11.0,1.0,0.05929919137466307,0,open space; multiple alternative routes,low,low,low
geometry_easy,random_rate0.2_seed85_s1-5_g12-8,85,20,0.2,random,"1,5","12,8",14.0,1.0,0.2073170731707317,10,sparse obstacles,low,low,low
obstacle_structured,random_rate0.3_seed85_s10-9_g12-4,85,20,0.3,random,"10,9","12,4",23.0,3.2857142857142856,0.3873239436619718,44,dense obstacles; narrow corridor; bottleneck; multiple alternative routes; maze-like,high,medium,medium
high_stretch,random_rate0.3_seed85_s10-9_g12-4,85,20,0.3,random,"10,9","12,4",23.0,3.2857142857142856,0.3873239436619718,44,dense obstacles; narrow corridor; bottleneck; multiple alternative routes; maze-like,high,medium,medium
obstacle_structured,random_rate0.4_seed85_s3-13_g0-19,85,20,0.4,random,"3,13","0,19",9.0,1.0,0.6293103448275862,82,maze-like; large obstacle block; narrow corridor; bottleneck; multiple alternative routes,low,high,high
high_corridor,random_rate0.4_seed85_s3-13_g0-19,85,20,0.4,random,"3,13","0,19",9.0,1.0,0.6293103448275862,82,maze-like; large obstacle block; narrow corridor; bottleneck; multiple alternative routes,low,high,high
high_articulation,random_rate0.4_seed85_s3-13_g0-19,85,20,0.4,random,"3,13","0,19",9.0,1.0,0.6293103448275862,82,maze-like; large obstacle block; narrow corridor; bottleneck; multiple alternative routes,low,high,high
geometry_easy,random_rate0.1_seed86_s4-13_g1-18,86,20,0.1,random,"4,13","1,18",8.0,1.0,0.0821917808219178,4,open space; multiple alternative routes,low,low,low
obstacle_structured,random_rate0.2_seed86_s17-9_g16-3,86,20,0.2,random,"17,9","16,3",7.0,1.0,0.24610591900311526,27,sparse obstacles; bottleneck,low,medium,medium
obstacle_structured,random_rate0.3_seed86_s2-3_g0-14,86,20,0.3,random,"2,3","0,14",15.0,1.1538461538461537,0.41843971631205673,41,dense obstacles; narrow corridor; bottleneck; maze-like,high,medium,medium
high_stretch,random_rate0.3_seed86_s2-3_g0-14,86,20,0.3,random,"2,3","0,14",15.0,1.1538461538461537,0.41843971631205673,41,dense obstacles; narrow corridor; bottleneck; maze-like,high,medium,medium
obstacle_structured,random_rate0.4_seed86_s1-8_g2-5,86,20,0.4,random,"1,8","2,5",4.0,1.0,0.6367521367521367,102,maze-like; large obstacle block; narrow corridor; bottleneck; multiple alternative routes,low,high,high
high_corridor,random_rate0.4_seed86_s1-8_g2-5,86,20,0.4,random,"1,8","2,5",4.0,1.0,0.6367521367521367,102,maze-like; large obstacle block; narrow corridor; bottleneck; multiple alternative routes,low,high,high
high_articulation,random_rate0.4_seed86_s1-8_g2-5,86,20,0.4,random,"1,8","2,5",4.0,1.0,0.6367521367521367,102,maze-like; large obstacle block; narrow corridor; bottleneck; multiple alternative routes,low,high,high
high_stretch,random_rate0.1_seed87_s3-8_g4-14,87,20,0.1,random,"3,8","4,14",9.0,1.2857142857142858,0.09392265193370165,2,open space; multiple alternative routes,high,low,low
obstacle_structured,random_rate0.3_seed87_s2-17_g6-4,87,20,0.3,random,"2,17","6,4",25.0,1.4705882352941178,0.41544117647058826,72,dense obstacles; narrow corridor; bottleneck; maze-like,high,medium,high
high_stretch,random_rate0.3_seed87_s2-17_g6-4,87,20,0.3,random,"2,17","6,4",25.0,1.4705882352941178,0.41544117647058826,72,dense obstacles; narrow corridor; bottleneck; maze-like,high,medium,high
high_articulation,random_rate0.3_seed87_s2-17_g6-4,87,20,0.3,random,"2,17","6,4",25.0,1.4705882352941178,0.41544117647058826,72,dense obstacles; narrow corridor; bottleneck; maze-like,high,medium,high
obstacle_structured,random_rate0.4_seed87_s14-3_g11-14,87,20,0.4,random,"14,3","11,14",16.0,1.1428571428571428,0.5608695652173913,76,maze-like; large obstacle block; narrow corridor; bottleneck; multiple alternative routes,medium,high,high
high_corridor,random_rate0.4_seed87_s14-3_g11-14,87,20,0.4,random,"14,3","11,14",16.0,1.1428571428571428,0.5608695652173913,76,maze-like; large obstacle block; narrow corridor; bottleneck; multiple alternative routes,medium,high,high
high_articulation,random_rate0.4_seed87_s14-3_g11-14,87,20,0.4,random,"14,3","11,14",16.0,1.1428571428571428,0.5608695652173913,76,maze-like; large obstacle block; narrow corridor; bottleneck; multiple alternative routes,medium,high,high
geometry_easy,random_rate0.1_seed88_s6-8_g17-7,88,20,0.1,random,"6,8","17,7",12.0,1.0,0.08516483516483517,5,open space,low,low,low
obstacle_structured,random_rate0.3_seed88_s12-6_g4-0,88,20,0.3,random,"12,6","4,0",14.0,1.0,0.4098939929328622,57,dense obstacles; narrow corridor; bottleneck; maze-like,low,medium,high
high_articulation,random_rate0.3_seed88_s12-6_g4-0,88,20,0.3,random,"12,6","4,0",14.0,1.0,0.4098939929328622,57,dense obstacles; narrow corridor; bottleneck; maze-like,low,medium,high
obstacle_structured,random_rate0.4_seed88_s13-8_g13-18,88,20,0.4,random,"13,8","13,18",16.0,1.6,0.6363636363636364,89,maze-like; large obstacle block; narrow corridor; bottleneck,high,high,high
high_stretch,random_rate0.4_seed88_s13-8_g13-18,88,20,0.4,random,"13,8","13,18",16.0,1.6,0.6363636363636364,89,maze-like; large obstacle block; narrow corridor; bottleneck,high,high,high
high_corridor,random_rate0.4_seed88_s13-8_g13-18,88,20,0.4,random,"13,8","13,18",16.0,1.6,0.6363636363636364,89,maze-like; large obstacle block; narrow corridor; bottleneck,high,high,high
high_articulation,random_rate0.4_seed88_s13-8_g13-18,88,20,0.4,random,"13,8","13,18",16.0,1.6,0.6363636363636364,89,maze-like; large obstacle block; narrow corridor; bottleneck,high,high,high
geometry_easy,random_rate0.1_seed89_s5-13_g15-17,89,20,0.1,random,"5,13","15,17",14.0,1.0,0.10306406685236769,6,open space; multiple alternative routes,low,low,low
obstacle_structured,random_rate0.3_seed89_s10-17_g16-3,89,20,0.3,random,"10,17","16,3",22.0,1.1,0.3835125448028674,50,dense obstacles; narrow corridor; bottleneck; maze-like,medium,medium,medium
obstacle_structured,random_rate0.4_seed89_s12-15_g10-16,89,20,0.4,random,"12,15","10,16",3.0,1.0,0.5409836065573771,89,maze-like; large obstacle block; narrow corridor; bottleneck,low,high,high
high_corridor,random_rate0.4_seed89_s12-15_g10-16,89,20,0.4,random,"12,15","10,16",3.0,1.0,0.5409836065573771,89,maze-like; large obstacle block; narrow corridor; bottleneck,low,high,high
high_articulation,random_rate0.4_seed89_s12-15_g10-16,89,20,0.4,random,"12,15","10,16",3.0,1.0,0.5409836065573771,89,maze-like; large obstacle block; narrow corridor; bottleneck,low,high,high
geometry_easy,random_rate0.1_seed9_s4-4_g15-14,9,20,0.1,random,"4,4","15,14",21.0,1.0,0.15273775216138327,9,open space; multiple alternative routes,low,low,low
obstacle_structured,random_rate0.2_seed9_s1-8_g14-7,9,20,0.2,random,"1,8","14,7",14.0,1.0,0.3211920529801324,28,dense obstacles; bottleneck,low,medium,medium
obstacle_structured,random_rate0.3_seed9_s11-16_g14-18,9,20,0.3,random,"11,16","14,18",13.0,2.6,0.4398496240601504,56,dense obstacles; narrow corridor; bottleneck; maze-like,high,high,high
high_stretch,random_rate0.3_seed9_s11-16_g14-18,9,20,0.3,random,"11,16","14,18",13.0,2.6,0.4398496240601504,56,dense obstacles; narrow corridor; bottleneck; maze-like,high,high,high
high_corridor,random_rate0.3_seed9_s11-16_g14-18,9,20,0.3,random,"11,16","14,18",13.0,2.6,0.4398496240601504,56,dense obstacles; narrow corridor; bottleneck; maze-like,high,high,high
high_articulation,random_rate0.3_seed9_s11-16_g14-18,9,20,0.3,random,"11,16","14,18",13.0,2.6,0.4398496240601504,56,dense obstacles; narrow corridor; bottleneck; maze-like,high,high,high
obstacle_structured,random_rate0.4_seed9_s18-12_g3-19,9,20,0.4,random,"18,12","3,19",24.0,1.0909090909090908,0.6710526315789473,111,maze-like; large obstacle block; narrow corridor; bottleneck,medium,high,high
high_corridor,random_rate0.4_seed9_s18-12_g3-19,9,20,0.4,random,"18,12","3,19",24.0,1.0909090909090908,0.6710526315789473,111,maze-like; large obstacle block; narrow corridor; bottleneck,medium,high,high
high_articulation,random_rate0.4_seed9_s18-12_g3-19,9,20,0.4,random,"18,12","3,19",24.0,1.0909090909090908,0.6710526315789473,111,maze-like; large obstacle block; narrow corridor; bottleneck,medium,high,high
geometry_easy,random_rate0.1_seed90_s1-4_g13-11,90,20,0.1,random,"1,4","13,11",19.0,1.0,0.1295774647887324,8,open space; multiple alternative routes,low,low,low
obstacle_structured,random_rate0.2_seed90_s11-4_g12-11,90,20,0.2,random,"11,4","12,11",8.0,1.0,0.24922118380062305,27,sparse obstacles; bottleneck,low,medium,medium
obstacle_structured,random_rate0.3_seed90_s17-8_g8-16,90,20,0.3,random,"17,8","8,16",21.0,1.2352941176470589,0.43462897526501765,40,dense obstacles; narrow corridor; bottleneck; multiple alternative routes; maze-like,high,medium,medium
high_stretch,random_rate0.3_seed90_s17-8_g8-16,90,20,0.3,random,"17,8","8,16",21.0,1.2352941176470589,0.43462897526501765,40,dense obstacles; narrow corridor; bottleneck; multiple alternative routes; maze-like,high,medium,medium
obstacle_structured,random_rate0.4_seed90_s15-9_g8-2,90,20,0.4,random,"15,9","8,2",14.0,1.0,0.6320346320346321,88,maze-like; narrow corridor; bottleneck; multiple alternative routes,low,high,high
high_corridor,random_rate0.4_seed90_s15-9_g8-2,90,20,0.4,random,"15,9","8,2",14.0,1.0,0.6320346320346321,88,maze-like; narrow corridor; bottleneck; multiple alternative routes,low,high,high
high_articulation,random_rate0.4_seed90_s15-9_g8-2,90,20,0.4,random,"15,9","8,2",14.0,1.0,0.6320346320346321,88,maze-like; narrow corridor; bottleneck; multiple alternative routes,low,high,high
geometry_easy,random_rate0.1_seed91_s18-3_g10-3,91,20,0.1,random,"18,3","10,3",8.0,1.0,0.10192837465564739,7,open space,low,low,low
high_stretch,random_rate0.2_seed91_s7-12_g6-18,91,20,0.2,random,"7,12","6,18",9.0,1.2857142857142858,0.22935779816513763,20,sparse obstacles; multiple alternative routes,high,low,medium
obstacle_structured,random_rate0.3_seed91_s2-12_g2-6,91,20,0.3,random,"2,12","2,6",6.0,1.0,0.36013986013986016,40,dense obstacles; narrow corridor; bottleneck; maze-like,low,medium,medium
obstacle_structured,random_rate0.4_seed91_s1-14_g17-15,91,20,0.4,random,"1,14","17,15",29.0,1.7058823529411764,0.5020080321285141,75,maze-like; narrow corridor; bottleneck,high,high,high
high_stretch,random_rate0.4_seed91_s1-14_g17-15,91,20,0.4,random,"1,14","17,15",29.0,1.7058823529411764,0.5020080321285141,75,maze-like; narrow corridor; bottleneck,high,high,high
high_corridor,random_rate0.4_seed91_s1-14_g17-15,91,20,0.4,random,"1,14","17,15",29.0,1.7058823529411764,0.5020080321285141,75,maze-like; narrow corridor; bottleneck,high,high,high
high_articulation,random_rate0.4_seed91_s1-14_g17-15,91,20,0.4,random,"1,14","17,15",29.0,1.7058823529411764,0.5020080321285141,75,maze-like; narrow corridor; bottleneck,high,high,high
geometry_easy,random_rate0.1_seed92_s16-1_g0-2,92,20,0.1,random,"16,1","0,2",17.0,1.0,0.08086253369272237,5,open space,low,low,low
high_stretch,random_rate0.2_seed92_s12-11_g4-9,92,20,0.2,random,"12,11","4,9",12.0,1.2,0.20118343195266272,12,sparse obstacles,high,low,low
obstacle_structured,random_rate0.3_seed92_s7-6_g4-12,92,20,0.3,random,"7,6","4,12",9.0,1.0,0.37542662116040953,36,dense obstacles; narrow corridor; bottleneck; maze-like,low,medium,medium
obstacle_structured,random_rate0.4_seed92_s13-15_g3-4,92,20,0.4,random,"13,15","3,4",21.0,1.0,0.5742971887550201,79,maze-like; narrow corridor; bottleneck,low,high,high
high_corridor,random_rate0.4_seed92_s13-15_g3-4,92,20,0.4,random,"13,15","3,4",21.0,1.0,0.5742971887550201,79,maze-like; narrow corridor; bottleneck,low,high,high
high_articulation,random_rate0.4_seed92_s13-15_g3-4,92,20,0.4,random,"13,15","3,4",21.0,1.0,0.5742971887550201,79,maze-like; narrow corridor; bottleneck,low,high,high
geometry_easy,random_rate0.1_seed93_s6-8_g2-11,93,20,0.1,random,"6,8","2,11",7.0,1.0,0.10674157303370786,5,open space; multiple alternative routes,low,low,low
obstacle_structured,random_rate0.3_seed93_s13-6_g1-12,93,20,0.3,random,"13,6","1,12",20.0,1.1111111111111112,0.5111111111111111,66,dense obstacles; narrow corridor; bottleneck; maze-like,medium,high,high
high_corridor,random_rate0.3_seed93_s13-6_g1-12,93,20,0.3,random,"13,6","1,12",20.0,1.1111111111111112,0.5111111111111111,66,dense obstacles; narrow corridor; bottleneck; maze-like,medium,high,high
high_articulation,random_rate0.3_seed93_s13-6_g1-12,93,20,0.3,random,"13,6","1,12",20.0,1.1111111111111112,0.5111111111111111,66,dense obstacles; narrow corridor; bottleneck; maze-like,medium,high,high
obstacle_structured,random_rate0.4_seed93_s11-13_g7-9,93,20,0.4,random,"11,13","7,9",20.0,2.5,0.6681034482758621,114,maze-like; narrow corridor; bottleneck,high,high,high
high_stretch,random_rate0.4_seed93_s11-13_g7-9,93,20,0.4,random,"11,13","7,9",20.0,2.5,0.6681034482758621,114,maze-like; narrow corridor; bottleneck,high,high,high
high_corridor,random_rate0.4_seed93_s11-13_g7-9,93,20,0.4,random,"11,13","7,9",20.0,2.5,0.6681034482758621,114,maze-like; narrow corridor; bottleneck,high,high,high
high_articulation,random_rate0.4_seed93_s11-13_g7-9,93,20,0.4,random,"11,13","7,9",20.0,2.5,0.6681034482758621,114,maze-like; narrow corridor; bottleneck,high,high,high
geometry_easy,random_rate0.1_seed94_s18-9_g4-1,94,20,0.1,random,"18,9","4,1",22.0,1.0,0.09562841530054644,1,open space; multiple alternative routes,low,low,low
geometry_easy,random_rate0.2_seed94_s18-16_g17-9,94,20,0.2,random,"18,16","17,9",8.0,1.0,0.20606060606060606,9,sparse obstacles; multiple alternative routes,low,low,low
obstacle_structured,random_rate0.3_seed94_s6-3_g2-9,94,20,0.3,random,"6,3","2,9",16.0,1.6,0.4097222222222222,48,dense obstacles; narrow corridor; bottleneck; multiple alternative routes; maze-like,high,medium,medium
high_stretch,random_rate0.3_seed94_s6-3_g2-9,94,20,0.3,random,"6,3","2,9",16.0,1.6,0.4097222222222222,48,dense obstacles; narrow corridor; bottleneck; multiple alternative routes; maze-like,high,medium,medium
obstacle_structured,random_rate0.4_seed94_s9-18_g9-5,94,20,0.4,random,"9,18","9,5",25.0,1.9230769230769231,0.5708661417322834,63,maze-like; narrow corridor; bottleneck; multiple alternative routes,high,high,high
high_stretch,random_rate0.4_seed94_s9-18_g9-5,94,20,0.4,random,"9,18","9,5",25.0,1.9230769230769231,0.5708661417322834,63,maze-like; narrow corridor; bottleneck; multiple alternative routes,high,high,high
high_corridor,random_rate0.4_seed94_s9-18_g9-5,94,20,0.4,random,"9,18","9,5",25.0,1.9230769230769231,0.5708661417322834,63,maze-like; narrow corridor; bottleneck; multiple alternative routes,high,high,high
high_articulation,random_rate0.4_seed94_s9-18_g9-5,94,20,0.4,random,"9,18","9,5",25.0,1.9230769230769231,0.5708661417322834,63,maze-like; narrow corridor; bottleneck; multiple alternative routes,high,high,high
geometry_easy,random_rate0.1_seed95_s11-10_g19-2,95,20,0.1,random,"11,10","19,2",16.0,1.0,0.09090909090909091,1,open space; multiple alternative routes,low,low,low
obstacle_structured,random_rate0.3_seed95_s8-17_g18-19,95,20,0.3,random,"8,17","18,19",12.0,1.0,0.41605839416058393,43,dense obstacles; narrow corridor; bottleneck; multiple alternative routes; maze-like,low,medium,medium
obstacle_structured,random_rate0.4_seed95_s7-19_g17-10,95,20,0.4,random,"7,19","17,10",29.0,1.5263157894736843,0.5573770491803278,79,maze-like; large obstacle block; narrow corridor; bottleneck,high,high,high
high_stretch,random_rate0.4_seed95_s7-19_g17-10,95,20,0.4,random,"7,19","17,10",29.0,1.5263157894736843,0.5573770491803278,79,maze-like; large obstacle block; narrow corridor; bottleneck,high,high,high
high_corridor,random_rate0.4_seed95_s7-19_g17-10,95,20,0.4,random,"7,19","17,10",29.0,1.5263157894736843,0.5573770491803278,79,maze-like; large obstacle block; narrow corridor; bottleneck,high,high,high
high_articulation,random_rate0.4_seed95_s7-19_g17-10,95,20,0.4,random,"7,19","17,10",29.0,1.5263157894736843,0.5573770491803278,79,maze-like; large obstacle block; narrow corridor; bottleneck,high,high,high
geometry_easy,random_rate0.1_seed96_s17-16_g1-10,96,20,0.1,random,"17,16","1,10",22.0,1.0,0.08991825613079019,2,open space; multiple alternative routes,low,low,low
geometry_easy,random_rate0.2_seed96_s0-13_g19-1,96,20,0.2,random,"0,13","19,1",31.0,1.0,0.22560975609756098,14,sparse obstacles; multiple alternative routes,low,low,low
obstacle_structured,random_rate0.3_seed96_s15-12_g17-7,96,20,0.3,random,"15,12","17,7",17.0,2.4285714285714284,0.4218181818181818,71,dense obstacles; narrow corridor; bottleneck; maze-like,high,medium,high
high_stretch,random_rate0.3_seed96_s15-12_g17-7,96,20,0.3,random,"15,12","17,7",17.0,2.4285714285714284,0.4218181818181818,71,dense obstacles; narrow corridor; bottleneck; maze-like,high,medium,high
high_articulation,random_rate0.3_seed96_s15-12_g17-7,96,20,0.3,random,"15,12","17,7",17.0,2.4285714285714284,0.4218181818181818,71,dense obstacles; narrow corridor; bottleneck; maze-like,high,medium,high
obstacle_structured,random_rate0.4_seed96_s17-2_g16-0,96,20,0.4,random,"17,2","16,0",3.0,1.0,0.5695652173913044,82,maze-like; large obstacle block; narrow corridor; bottleneck,low,high,high
high_corridor,random_rate0.4_seed96_s17-2_g16-0,96,20,0.4,random,"17,2","16,0",3.0,1.0,0.5695652173913044,82,maze-like; large obstacle block; narrow corridor; bottleneck,low,high,high
high_articulation,random_rate0.4_seed96_s17-2_g16-0,96,20,0.4,random,"17,2","16,0",3.0,1.0,0.5695652173913044,82,maze-like; large obstacle block; narrow corridor; bottleneck,low,high,high
high_stretch,random_rate0.1_seed97_s11-2_g17-3,97,20,0.1,random,"11,2","17,3",9.0,1.2857142857142858,0.09090909090909091,4,open space; multiple alternative routes,high,low,low
obstacle_structured,random_rate0.3_seed97_s2-12_g19-4,97,20,0.3,random,"2,12","19,4",33.0,1.32,0.47232472324723246,81,dense obstacles; narrow corridor; bottleneck; multiple alternative routes; maze-like,high,high,high
high_stretch,random_rate0.3_seed97_s2-12_g19-4,97,20,0.3,random,"2,12","19,4",33.0,1.32,0.47232472324723246,81,dense obstacles; narrow corridor; bottleneck; multiple alternative routes; maze-like,high,high,high
high_corridor,random_rate0.3_seed97_s2-12_g19-4,97,20,0.3,random,"2,12","19,4",33.0,1.32,0.47232472324723246,81,dense obstacles; narrow corridor; bottleneck; multiple alternative routes; maze-like,high,high,high
high_articulation,random_rate0.3_seed97_s2-12_g19-4,97,20,0.3,random,"2,12","19,4",33.0,1.32,0.47232472324723246,81,dense obstacles; narrow corridor; bottleneck; multiple alternative routes; maze-like,high,high,high
obstacle_structured,random_rate0.4_seed97_s2-2_g8-17,97,20,0.4,random,"2,2","8,17",29.0,1.380952380952381,0.556910569105691,106,maze-like; narrow corridor; bottleneck,high,high,high
high_stretch,random_rate0.4_seed97_s2-2_g8-17,97,20,0.4,random,"2,2","8,17",29.0,1.380952380952381,0.556910569105691,106,maze-like; narrow corridor; bottleneck,high,high,high
high_corridor,random_rate0.4_seed97_s2-2_g8-17,97,20,0.4,random,"2,2","8,17",29.0,1.380952380952381,0.556910569105691,106,maze-like; narrow corridor; bottleneck,high,high,high
high_articulation,random_rate0.4_seed97_s2-2_g8-17,97,20,0.4,random,"2,2","8,17",29.0,1.380952380952381,0.556910569105691,106,maze-like; narrow corridor; bottleneck,high,high,high
geometry_easy,random_rate0.1_seed98_s17-4_g5-4,98,20,0.1,random,"17,4","5,4",12.0,1.0,0.11797752808988764,6,open space,low,low,low
obstacle_structured,random_rate0.2_seed98_s8-5_g12-17,98,20,0.2,random,"8,5","12,17",16.0,1.0,0.33554817275747506,30,dense obstacles; bottleneck,low,medium,medium
obstacle_structured,random_rate0.3_seed98_s18-9_g16-12,98,20,0.3,random,"18,9","16,12",21.0,4.2,0.4721189591078067,44,dense obstacles; narrow corridor; bottleneck; maze-like,high,high,medium
high_stretch,random_rate0.3_seed98_s18-9_g16-12,98,20,0.3,random,"18,9","16,12",21.0,4.2,0.4721189591078067,44,dense obstacles; narrow corridor; bottleneck; maze-like,high,high,medium
high_corridor,random_rate0.3_seed98_s18-9_g16-12,98,20,0.3,random,"18,9","16,12",21.0,4.2,0.4721189591078067,44,dense obstacles; narrow corridor; bottleneck; maze-like,high,high,medium
obstacle_structured,random_rate0.4_seed98_s7-6_g1-5,98,20,0.4,random,"7,6","1,5",7.0,1.0,0.5957446808510638,94,maze-like; large obstacle block; narrow corridor; bottleneck,low,high,high
high_corridor,random_rate0.4_seed98_s7-6_g1-5,98,20,0.4,random,"7,6","1,5",7.0,1.0,0.5957446808510638,94,maze-like; large obstacle block; narrow corridor; bottleneck,low,high,high
high_articulation,random_rate0.4_seed98_s7-6_g1-5,98,20,0.4,random,"7,6","1,5",7.0,1.0,0.5957446808510638,94,maze-like; large obstacle block; narrow corridor; bottleneck,low,high,high
high_stretch,random_rate0.1_seed99_s10-12_g12-1,99,20,0.1,random,"10,12","12,1",15.0,1.1538461538461537,0.09418282548476455,5,open space; multiple alternative routes,high,low,low
obstacle_structured,random_rate0.2_seed99_s13-10_g12-14,99,20,0.2,random,"13,10","12,14",5.0,1.0,0.225,20,sparse obstacles; bottleneck; multiple alternative routes,low,low,medium
obstacle_structured,random_rate0.3_seed99_s12-15_g14-1,99,20,0.3,random,"12,15","14,1",30.0,1.875,0.4612546125461255,50,dense obstacles; narrow corridor; bottleneck; maze-like,high,high,medium
high_stretch,random_rate0.3_seed99_s12-15_g14-1,99,20,0.3,random,"12,15","14,1",30.0,1.875,0.4612546125461255,50,dense obstacles; narrow corridor; bottleneck; maze-like,high,high,medium
high_corridor,random_rate0.3_seed99_s12-15_g14-1,99,20,0.3,random,"12,15","14,1",30.0,1.875,0.4612546125461255,50,dense obstacles; narrow corridor; bottleneck; maze-like,high,high,medium
obstacle_structured,random_rate0.4_seed99_s10-4_g4-3,99,20,0.4,random,"10,4","4,3",11.0,1.5714285714285714,0.672645739910314,94,maze-like; narrow corridor; bottleneck,high,high,high
high_stretch,random_rate0.4_seed99_s10-4_g4-3,99,20,0.4,random,"10,4","4,3",11.0,1.5714285714285714,0.672645739910314,94,maze-like; narrow corridor; bottleneck,high,high,high
high_corridor,random_rate0.4_seed99_s10-4_g4-3,99,20,0.4,random,"10,4","4,3",11.0,1.5714285714285714,0.672645739910314,94,maze-like; narrow corridor; bottleneck,high,high,high
high_articulation,random_rate0.4_seed99_s10-4_g4-3,99,20,0.4,random,"10,4","4,3",11.0,1.5714285714285714,0.672645739910314,94,maze-like; narrow corridor; bottleneck,high,high,high
