case_id,seed,map_size,obstacle_rate,start_goal_mode,start,goal,optimal_cost,obstacle_density,largest_obstacle_block_rate,corridor_rate,path_corridor_rate,articulation_count,articulation_rate,path_articulation_count,path_articulation_rate,manhattan_optimal_path_overlap,unet_optimal_path_overlap,manhattan_distance,path_stretch,structure_labels,optimal_cost_bin,obstacle_density_bin,path_stretch_bin,corridor_rate_bin,articulation_count_bin,manhattan_expanded_nodes,manhattan_runtime_seconds,manhattan_optimal,manhattan_path_length,manhattan_overestimate_rate,mlp_table_expanded_nodes,mlp_table_runtime_seconds,mlp_table_optimal,mlp_table_path_length,mlp_table_overestimate_rate,unet_expanded_nodes,unet_runtime_seconds,unet_optimal,unet_path_length,unet_overestimate_rate
random_rate0.1_seed0_s6-19_g7-3,0,20,0.1,random,"6,19","7,3",21.0,0.1,0.01,0.075,0.0,2,0.005555555555555556,0,0.0,0.6923076923076923,0.29411764705882354,17,1.2352941176470589,open space; multiple alternative routes,high,low,high,low,low,88,0.00021750000087195076,True,21,0.0,41,0.00028616700001293793,True,21,0.9444444444444444,59,0.0003557500003807945,True,21,0.5444444444444444
random_rate0.2_seed0_s12-12_g7-11,0,20,0.2,random,"12,12","7,11",6.0,0.1825,0.01,0.18960244648318042,0.0,8,0.024464831804281346,0,0.0,1.0,1.0,6,1.0,sparse obstacles,low,low,low,low,low,10,4.4333000914775766e-05,True,6,0.0,7,5.9083000451209955e-05,True,6,0.7737003058103975,7,5.574999886448495e-05,True,6,0.8073394495412844
random_rate0.3_seed0_s3-2_g17-7,0,20,0.3,random,"3,2","17,7",23.0,0.2725,0.02,0.3745704467353952,0.25,18,0.061855670103092786,1,0.041666666666666664,0.7142857142857143,0.6551724137931034,19,1.2105263157894737,dense obstacles; narrow corridor; multiple alternative routes; maze-like,high,medium,high,medium,medium,102,0.00026870799956668634,True,23,0.0,88,0.0004603750003298046,True,23,0.5189003436426117,74,0.0003772919990296941,True,23,0.5910652920962199
random_rate0.4_seed0_s6-0_g2-11,0,20,0.4,random,"6,0","2,11",19.0,0.3775,0.0625,0.5742971887550201,0.45,114,0.4578313253012048,11,0.55,0.9047619047619048,0.6666666666666666,15,1.2666666666666666,maze-like; large obstacle block; narrow corridor; bottleneck; multiple alternative routes,high,high,high,high,high,56,0.0001212089991895482,True,19,0.0,50,0.0002510410013201181,True,19,0.0898876404494382,53,0.0002545000006648479,True,19,0.2247191011235955
random_rate0.1_seed1_s19-11_g8-9,1,20,0.1,random,"19,11","8,9",13.0,0.1125,0.0075,0.12394366197183099,0.0,12,0.03380281690140845,0,0.0,1.0,0.5555555555555556,13,1.0,open space; multiple alternative routes,medium,low,low,low,low,35,9.258300087822136e-05,True,13,0.0,14,0.00013954199857835192,True,13,0.9605633802816902,24,0.0001679580000200076,True,13,0.5633802816901409
random_rate0.2_seed1_s2-8_g10-9,1,20,0.2,random,"2,8","10,9",9.0,0.1975,0.015,0.22118380062305296,0.0,19,0.059190031152647975,0,0.0,1.0,0.5384615384615384,9,1.0,sparse obstacles; multiple alternative routes,low,medium,low,low,medium,13,3.825000021606684e-05,True,9,0.0,10,8.324999907927122e-05,True,9,0.9404388714733543,13,9.466699884796981e-05,True,9,0.6896551724137931
random_rate0.3_seed1_s2-5_g9-3,1,20,0.3,random,"2,5","9,3",11.0,0.32,0.04,0.40441176470588236,0.25,42,0.15441176470588236,1,0.08333333333333333,0.6,0.5,9,1.2222222222222223,dense obstacles; narrow corridor; bottleneck; multiple alternative routes; maze-like,medium,high,high,medium,medium,31,7.35829999030102e-05,True,11,0.0,18,0.00010195899994869251,True,11,0.26848249027237353,24,0.00012762500045937486,True,11,0.867704280155642
random_rate0.4_seed1_s3-14_g5-17,1,20,0.4,random,"3,14","5,17",5.0,0.42,0.05,0.5991379310344828,0.0,93,0.40086206896551724,1,0.16666666666666666,1.0,0.7142857142857143,5,1.0,maze-like; large obstacle block; narrow corridor; bottleneck; multiple alternative routes,low,high,low,high,high,9,2.2959000489208847e-05,True,5,0.0,6,4.6332999772857875e-05,True,5,0.7777777777777778,8,4.9416999900131486e-05,True,5,0.8703703703703703
random_rate0.1_seed10_s18-5_g12-8,10,20,0.1,random,"18,5","12,8",9.0,0.11,0.0175,0.0898876404494382,0.0,4,0.011235955056179775,0,0.0,1.0,0.5384615384615384,9,1.0,open space; multiple alternative routes,low,low,low,low,low,22,5.8166000599157996e-05,True,9,0.0,10,7.833299969206564e-05,True,9,0.9154929577464789,14,9.245900037058163e-05,True,9,0.6366197183098592
random_rate0.2_seed10_s16-19_g4-10,10,20,0.2,random,"16,19","4,10",21.0,0.2175,0.0175,0.2939297124600639,0.09090909090909091,21,0.0670926517571885,1,0.045454545454545456,1.0,0.4666666666666667,21,1.0,sparse obstacles; multiple alternative routes,high,medium,low,medium,medium,69,0.00016350000078091398,True,21,0.0,27,0.0001765830002113944,True,21,0.6334405144694534,46,0.0002647500004968606,True,21,0.5305466237942122
random_rate0.3_seed10_s2-14_g11-17,10,20,0.3,random,"2,14","11,17",18.0,0.2825,0.0225,0.3797909407665505,0.15789473684210525,35,0.12195121951219512,4,0.21052631578947367,1.0,0.26666666666666666,12,1.5,dense obstacles; narrow corridor; bottleneck; multiple alternative routes; maze-like,medium,medium,high,medium,medium,48,0.00012533399967651349,True,18,0.0,24,0.00015070799963723402,True,18,0.631768953068592,36,0.00020824999955948442,True,18,0.7364620938628159
random_rate0.4_seed10_s8-18_g4-6,10,20,0.4,random,"8,18","4,6",16.0,0.38,0.0275,0.5120967741935484,0.0,80,0.3225806451612903,3,0.17647058823529413,1.0,0.21428571428571427,16,1.0,maze-like; narrow corridor; bottleneck; multiple alternative routes,medium,high,low,high,high,46,0.00014679199921374675,True,16,0.0,17,0.00012837500071327668,True,16,0.4397905759162304,17,0.00012595800035342108,True,16,0.5863874345549738
random_rate0.1_seed11_s14-19_g10-4,11,20,0.1,random,"14,19","10,4",19.0,0.1,0.005,0.1,0.1,3,0.008333333333333333,0,0.0,1.0,0.14285714285714285,19,1.0,open space; multiple alternative routes,high,low,low,low,low,74,0.00017762500101525802,True,19,0.0,20,0.00016191699978662655,True,19,0.6361111111111111,42,0.0002675420000741724,True,19,0.325
random_rate0.2_seed11_s19-9_g13-13,11,20,0.2,random,"19,9","13,13",10.0,0.2,0.01,0.25625,0.09090909090909091,24,0.075,0,0.0,1.0,0.29411764705882354,10,1.0,sparse obstacles; multiple alternative routes,low,medium,low,medium,medium,27,6.4208001276711e-05,True,10,0.0,17,0.00011029099914594553,True,10,0.703125,18,0.00011466700016171671,True,10,0.603125
random_rate0.3_seed11_s11-2_g18-2,11,20,0.3,random,"11,2","18,2",11.0,0.3,0.025,0.4035714285714286,0.08333333333333333,52,0.18571428571428572,0,0.0,1.0,1.0,7,1.5714285714285714,dense obstacles; narrow corridor; bottleneck; maze-like,medium,medium,high,medium,medium,24,5.69160001759883e-05,True,11,0.0,16,0.00010237500100629404,True,11,0.5,12,8.191699998860713e-05,True,11,0.6410256410256411
random_rate0.4_seed11_s16-13_g17-5,11,20,0.4,random,"16,13","17,5",19.0,0.3825,0.0325,0.5748987854251012,0.35,78,0.3157894736842105,7,0.35,0.7391304347826086,0.6666666666666666,9,2.111111111111111,maze-like; narrow corridor; bottleneck; multiple alternative routes,high,high,high,high,high,30,6.720800047332887e-05,True,19,0.0,28,0.0001348329988104524,True,19,0.35106382978723405,27,0.00013083400153846014,True,19,0.6063829787234043
random_rate0.1_seed12_s6-9_g17-17,12,20,0.1,random,"6,9","17,17",19.0,0.08,0.01,0.07608695652173914,0.0,2,0.005434782608695652,0,0.0,1.0,0.1111111111111111,19,1.0,open space; multiple alternative routes,high,low,low,low,low,103,0.0002885000012611272,True,19,0.0,50,0.0003264999995735707,True,19,0.989100817438692,85,0.0005303749985614559,True,19,0.45231607629427795
random_rate0.2_seed12_s19-2_g7-12,12,20,0.2,random,"19,2","7,12",22.0,0.175,0.0175,0.17575757575757575,0.08695652173913043,7,0.021212121212121213,0,0.0,1.0,0.045454545454545456,22,1.0,sparse obstacles; multiple alternative routes,high,low,low,low,low,79,0.00018708399875322357,True,22,0.0,42,0.00023700000019744039,True,22,0.9542682926829268,39,0.00023254200095834676,True,22,0.6463414634146342
random_rate0.3_seed12_s8-19_g16-13,12,20,0.3,random,"8,19","16,13",14.0,0.2875,0.025,0.38596491228070173,0.13333333333333333,33,0.11578947368421053,0,0.0,1.0,0.25,14,1.0,dense obstacles; narrow corridor; bottleneck; multiple alternative routes; maze-like,medium,medium,low,medium,medium,39,9.216600119543727e-05,True,14,0.0,18,0.00011033400005544536,True,14,0.6964285714285714,27,0.00015716599955339916,True,14,0.7392857142857143
random_rate0.4_seed12_s14-19_g18-12,12,20,0.4,random,"14,19","18,12",11.0,0.425,0.0725,0.5565217391304348,0.25,91,0.39565217391304347,3,0.25,1.0,1.0,11,1.0,maze-like; large obstacle block; narrow corridor; bottleneck,medium,high,low,high,high,19,4.758300019602757e-05,True,11,0.0,12,8.345899914274924e-05,True,11,0.3142857142857143,12,8.554200030630454e-05,True,11,0.9714285714285714
random_rate0.1_seed13_s6-8_g0-11,13,20,0.1,random,"6,8","0,11",9.0,0.0975,0.0175,0.10803324099722991,0.0,4,0.0110803324099723,0,0.0,1.0,0.42857142857142855,9,1.0,open space; multiple alternative routes,low,low,low,low,low,22,5.716699888580479e-05,True,9,0.0,10,8.766599967202637e-05,True,9,0.9944444444444445,28,0.00016929200137383305,True,9,0.26666666666666666
random_rate0.2_seed13_s5-3_g2-10,13,20,0.2,random,"5,3","2,10",10.0,0.2125,0.02,0.25396825396825395,0.18181818181818182,21,0.06666666666666667,0,0.0,1.0,0.5714285714285714,10,1.0,sparse obstacles; multiple alternative routes,low,medium,low,medium,medium,19,4.8208999942289665e-05,True,10,0.0,13,9.812499956751708e-05,True,10,0.8013468013468014,12,8.012500074983109e-05,True,10,0.7811447811447811
random_rate0.3_seed13_s14-8_g1-14,13,20,0.3,random,"14,8","1,14",25.0,0.3425,0.035,0.5247148288973384,0.4230769230769231,88,0.33460076045627374,11,0.4230769230769231,1.0,0.8571428571428571,19,1.3157894736842106,maze-like; narrow corridor; bottleneck,high,high,high,high,high,97,0.0002172920012526447,True,25,0.0,98,0.00047212500066962093,True,25,0.33905579399141633,200,0.0009122499996010447,True,25,0.6051502145922747
random_rate0.4_seed13_s10-1_g7-2,13,20,0.4,random,"10,1","7,2",6.0,0.4325,0.16,0.6079295154185022,0.2857142857142857,97,0.42731277533039647,5,0.7142857142857143,1.0,1.0,4,1.5,maze-like; large obstacle block; narrow corridor; bottleneck,low,high,high,high,high,13,2.9041999368928373e-05,True,6,0.0,11,7.14999987394549e-05,True,6,0.6307692307692307,10,5.4292000640998594e-05,True,6,0.9384615384615385
random_rate0.1_seed14_s6-9_g12-14,14,20,0.1,random,"6,9","12,14",11.0,0.085,0.005,0.08196721311475409,0.0,5,0.01366120218579235,1,0.08333333333333333,1.0,0.7142857142857143,11,1.0,open space; bottleneck; multiple alternative routes,medium,low,low,low,low,37,9.591600064595696e-05,True,11,0.0,13,0.00010333399950468447,True,11,0.9098360655737705,27,0.00017491700054961257,True,11,0.4972677595628415
random_rate0.2_seed14_s14-3_g11-14,14,20,0.2,random,"14,3","11,14",16.0,0.1875,0.01,0.2246153846153846,0.11764705882352941,13,0.04,1,0.058823529411764705,0.8888888888888888,0.7894736842105263,14,1.1428571428571428,sparse obstacles,medium,low,medium,low,low,35,8.679100028530229e-05,True,16,0.0,28,0.00017654200019023847,True,16,0.7089783281733746,25,0.0001711249988147756,True,16,0.6408668730650154
random_rate0.3_seed14_s0-3_g10-3,14,20,0.3,random,"0,3","10,3",14.0,0.31,0.0175,0.4528985507246377,0.4,65,0.23550724637681159,12,0.8,1.0,1.0,10,1.4,dense obstacles; narrow corridor; bottleneck; maze-like,medium,medium,high,high,high,20,4.629199975170195e-05,True,14,0.0,17,0.00010462500176799949,True,14,0.12639405204460966,21,0.00011204099973838311,True,14,0.4684014869888476
random_rate0.4_seed14_s15-9_g1-1,14,20,0.4,random,"15,9","1,1",22.0,0.415,0.04,0.6452991452991453,0.30434782608695654,111,0.47435897435897434,19,0.8260869565217391,1.0,0.9166666666666666,22,1.0,maze-like; narrow corridor; bottleneck,high,high,low,high,high,40,9.795799996936694e-05,True,22,0.0,37,0.0002071250000881264,True,22,0.49079754601226994,39,0.000217415999941295,True,22,0.6932515337423313
random_rate0.1_seed15_s16-0_g3-12,15,20,0.1,random,"16,0","3,12",25.0,0.075,0.0075,0.07567567567567568,0.11538461538461539,1,0.002702702702702703,0,0.0,1.0,0.18181818181818182,25,1.0,open space; multiple alternative routes,high,low,low,low,low,148,0.00039150000156951137,True,25,0.0,75,0.0004166670005361084,True,25,0.9756756756756757,116,0.0006507500002044253,True,25,0.5864864864864865
random_rate0.2_seed15_s7-12_g4-0,15,20,0.2,random,"7,12","4,0",19.0,0.175,0.015,0.19090909090909092,0.2,13,0.03939393939393939,0,0.0,1.0,1.0,15,1.2666666666666666,sparse obstacles,high,low,high,low,low,81,0.00018966700008604676,True,19,0.0,28,0.00034679100099310745,True,19,0.6899696048632219,65,0.0003803749987127958,True,19,0.6990881458966566
random_rate0.3_seed15_s15-19_g5-11,15,20,0.3,random,"15,19","5,11",18.0,0.255,0.0175,0.33221476510067116,0.21052631578947367,34,0.11409395973154363,3,0.15789473684210525,1.0,0.52,18,1.0,dense obstacles; bottleneck; multiple alternative routes; maze-like,medium,medium,low,medium,medium,55,0.00012904100003652275,True,18,0.0,25,0.00014891699902364053,True,18,0.27586206896551724,23,0.0001544579990877537,True,18,0.42758620689655175
random_rate0.4_seed15_s7-10_g11-11,15,20,0.4,random,"7,10","11,11",7.0,0.37,0.03,0.5396825396825397,0.375,67,0.26587301587301587,3,0.375,1.0,1.0,5,1.4,maze-like; narrow corridor; bottleneck,low,high,high,high,high,9,2.204200063715689e-05,True,7,0.0,9,5.58339997951407e-05,True,7,0.6717557251908397,8,4.929200076730922e-05,True,7,0.8931297709923665
random_rate0.1_seed16_s16-14_g8-3,16,20,0.1,random,"16,14","8,3",19.0,0.1175,0.0175,0.11614730878186968,0.05,3,0.0084985835694051,0,0.0,1.0,0.08108108108108109,19,1.0,open space; multiple alternative routes,high,low,low,low,low,85,0.00020737500017276034,True,19,0.0,25,0.00017558299987285864,True,19,0.9575070821529745,54,0.00032545800058869645,True,19,0.45609065155807366
random_rate0.2_seed16_s9-2_g11-4,16,20,0.2,random,"9,2","11,4",6.0,0.23,0.025,0.2597402597402597,0.14285714285714285,18,0.05844155844155844,0,0.0,1.0,1.0,4,1.5,sparse obstacles,low,medium,high,medium,medium,10,2.720800148381386e-05,True,6,0.0,10,7.029100015643053e-05,True,6,0.34415584415584416,8,5.5540998801006936e-05,True,6,0.42207792207792205
random_rate0.3_seed16_s14-8_g10-9,16,20,0.3,random,"14,8","10,9",5.0,0.3275,0.0325,0.4349442379182156,0.16666666666666666,77,0.2862453531598513,0,0.0,1.0,1.0,5,1.0,dense obstacles; narrow corridor; bottleneck; maze-like,low,high,low,medium,high,7,1.970899938896764e-05,True,5,0.0,6,4.666700078814756e-05,True,5,0.4660633484162896,6,4.2499999835854396e-05,True,5,0.7058823529411765
random_rate0.4_seed16_s17-17_g10-13,16,20,0.4,random,"17,17","10,13",15.0,0.415,0.045,0.6196581196581197,0.4375,92,0.39316239316239315,11,0.6875,1.0,0.8823529411764706,11,1.3636363636363635,maze-like; narrow corridor; bottleneck,medium,high,high,high,high,37,8.32919995445991e-05,True,15,0.0,36,0.00017879200095194392,True,15,0.26595744680851063,19,0.00010941599975922145,True,15,1.0
random_rate0.1_seed17_s6-8_g5-15,17,20,0.1,random,"6,8","5,15",8.0,0.0975,0.0075,0.08310249307479224,0.0,6,0.01662049861495845,0,0.0,1.0,0.125,8,1.0,open space; multiple alternative routes,low,low,low,low,low,16,4.450000051292591e-05,True,8,0.0,9,8.437500036961865e-05,True,8,0.9695290858725761,10,8.404100117331836e-05,True,8,0.4487534626038781
random_rate0.2_seed17_s18-15_g0-5,17,20,0.2,random,"18,15","0,5",28.0,0.1825,0.0175,0.2324159021406728,0.06896551724137931,23,0.07033639143730887,0,0.0,1.0,0.3488372093023256,28,1.0,sparse obstacles; multiple alternative routes,high,low,low,medium,medium,137,0.0003270410015829839,True,28,0.0,38,0.0002504170006432105,True,28,0.8073394495412844,102,0.000577875000089989,True,28,0.3211009174311927
random_rate0.3_seed17_s6-19_g11-13,17,20,0.3,random,"6,19","11,13",11.0,0.295,0.0275,0.4078014184397163,0.08333333333333333,42,0.14893617021276595,1,0.08333333333333333,1.0,0.8461538461538461,11,1.0,dense obstacles; narrow corridor; bottleneck; maze-like,medium,medium,low,medium,medium,22,6.475000009231735e-05,True,11,0.0,15,9.287499960919376e-05,True,11,0.706959706959707,13,9.629200030758511e-05,True,11,0.7765567765567766
random_rate0.4_seed17_s1-16_g10-8,17,20,0.4,random,"1,16","10,8",21.0,0.4125,0.035,0.6170212765957447,0.3181818181818182,87,0.3702127659574468,12,0.5454545454545454,0.9130434782608695,0.5714285714285714,17,1.2352941176470589,maze-like; narrow corridor; bottleneck; multiple alternative routes,high,high,high,high,high,63,0.00013720900096814148,True,21,0.0,59,0.0002776670007733628,True,21,0.12025316455696203,50,0.00025054199977603275,True,21,0.5316455696202531
random_rate0.1_seed18_s18-0_g15-7,18,20,0.1,random,"18,0","15,7",10.0,0.08,0.0075,0.059782608695652176,0.0,5,0.01358695652173913,0,0.0,1.0,0.1,10,1.0,open space; multiple alternative routes,low,low,low,low,low,27,6.883300011395477e-05,True,10,0.0,11,9.05840006453218e-05,True,10,0.970108695652174,25,0.0001467910005885642,True,10,0.38315217391304346
random_rate0.2_seed18_s6-14_g13-8,18,20,0.2,random,"6,14","13,8",13.0,0.1925,0.015,0.19814241486068113,0.0,14,0.043343653250773995,1,0.07142857142857142,1.0,0.3333333333333333,13,1.0,sparse obstacles; multiple alternative routes,medium,medium,low,low,low,35,0.00012475000039557926,True,13,0.0,17,0.00012029099889332429,True,13,0.7515527950310559,23,0.00015770899881317746,True,13,0.6366459627329193
random_rate0.3_seed18_s1-13_g12-18,18,20,0.3,random,"1,13","12,18",48.0,0.305,0.0375,0.420863309352518,0.24489795918367346,72,0.2589928057553957,17,0.3469387755102041,0.8490566037735849,0.75,16,3.0,dense obstacles; narrow corridor; bottleneck; maze-like,high,medium,high,medium,high,204,0.00045279200094228145,True,48,0.0,192,0.0008891659999790136,True,48,0.2777777777777778,204,0.0009857910008577164,True,48,0.2777777777777778
random_rate0.4_seed18_s8-13_g1-9,18,20,0.4,random,"8,13","1,9",11.0,0.3875,0.05,0.5428571428571428,0.16666666666666666,82,0.3346938775510204,3,0.25,1.0,0.8461538461538461,11,1.0,maze-like; large obstacle block; narrow corridor; bottleneck,medium,high,low,high,high,21,5.03330011270009e-05,True,11,0.0,12,0.0001487500012444798,True,11,0.656,16,9.395800043421332e-05,True,11,0.992
random_rate0.1_seed19_s8-4_g9-18,19,20,0.1,random,"8,4","9,18",17.0,0.105,0.005,0.09497206703910614,0.0,3,0.008379888268156424,0,0.0,0.8947368421052632,0.058823529411764705,15,1.1333333333333333,open space; multiple alternative routes,medium,low,medium,low,low,51,0.00012770799912686925,True,17,0.0,18,0.00015574999997625127,True,17,0.9664804469273743,18,0.00013441599912766833,True,17,0.36312849162011174
random_rate0.2_seed19_s3-8_g1-10,19,20,0.2,random,"3,8","1,10",4.0,0.205,0.0175,0.22955974842767296,0.0,15,0.04716981132075472,0,0.0,1.0,0.25,4,1.0,sparse obstacles; multiple alternative routes,low,medium,low,medium,medium,8,2.1374999050749466e-05,True,4,0.0,5,4.0499999158782884e-05,True,4,0.8643533123028391,8,5.5290998716372997e-05,True,4,0.4921135646687697
random_rate0.3_seed19_s4-11_g11-15,19,20,0.3,random,"4,11","11,15",11.0,0.3225,0.05,0.43911439114391143,0.16666666666666666,39,0.14391143911439114,0,0.0,1.0,0.3333333333333333,11,1.0,dense obstacles; large obstacle block; narrow corridor; bottleneck; multiple alternative routes; maze-like,medium,high,low,high,medium,29,7.066700163704809e-05,True,11,0.0,13,9.26669999898877e-05,True,11,0.5225563909774437,18,0.00011233400073251687,True,11,0.6879699248120301
random_rate0.4_seed19_s18-0_g18-2,19,20,0.4,random,"18,0","18,2",4.0,0.43,0.11,0.6359649122807017,0.6,83,0.36403508771929827,4,0.8,1.0,1.0,2,2.0,maze-like; large obstacle block; narrow corridor; bottleneck,low,high,high,high,high,6,1.17090003186604e-05,True,4,0.0,5,2.7584001145442016e-05,True,4,0.7931034482758621,6,2.6084000637638383e-05,True,4,0.7241379310344828
random_rate0.1_seed2_s4-3_g6-10,2,20,0.1,random,"4,3","6,10",9.0,0.1075,0.0125,0.1092436974789916,0.2,6,0.01680672268907563,1,0.1,1.0,1.0,9,1.0,open space; bottleneck,low,low,low,low,low,13,3.8209000194910914e-05,True,9,0.0,12,9.066699931281619e-05,True,9,0.9126760563380282,16,0.00010745799954747781,True,9,0.6619718309859155
random_rate0.2_seed2_s5-5_g7-17,2,20,0.2,random,"5,5","7,17",14.0,0.1975,0.0225,0.23052959501557632,0.4,18,0.056074766355140186,3,0.2,1.0,1.0,14,1.0,sparse obstacles; bottleneck,medium,medium,low,medium,medium,19,4.7416999223059975e-05,True,14,0.0,15,9.241599946108181e-05,True,14,0.39184952978056425,21,0.00012287499885133002,True,14,0.3949843260188088
random_rate0.3_seed2_s7-1_g10-2,2,20,0.3,random,"7,1","10,2",4.0,0.285,0.025,0.3811188811188811,0.4,51,0.17832167832167833,4,0.8,1.0,1.0,4,1.0,dense obstacles; narrow corridor; bottleneck; maze-like,low,medium,low,medium,medium,6,1.5584000720991753e-05,True,4,0.0,5,3.7583999073831365e-05,True,4,0.4397905759162304,5,3.479100087133702e-05,True,4,0.5968586387434555
random_rate0.4_seed2_s7-7_g14-7,2,20,0.4,random,"7,7","14,7",11.0,0.3725,0.0325,0.5378486055776892,0.25,71,0.28286852589641437,5,0.4166666666666667,0.8461538461538461,0.6,7,1.5714285714285714,maze-like; narrow corridor; bottleneck; multiple alternative routes,medium,high,high,high,high,23,5.5958998927962966e-05,True,11,0.0,14,0.00010062500041385647,True,11,0.6224489795918368,19,0.00012687500020547304,True,11,0.8775510204081632
random_rate0.1_seed20_s10-15_g15-19,20,20,0.1,random,"10,15","15,19",9.0,0.12,0.01,0.13068181818181818,0.0,5,0.014204545454545454,0,0.0,1.0,0.1111111111111111,9,1.0,open space; multiple alternative routes,low,low,low,low,low,29,7.341599848587066e-05,True,9,0.0,13,0.00010541700066823978,True,9,0.9829545454545454,31,0.00017425000078219455,True,9,0.4005681818181818
random_rate0.2_seed20_s9-9_g8-13,20,20,0.2,random,"9,9","8,13",7.0,0.2325,0.0175,0.32247557003257327,0.125,25,0.08143322475570032,1,0.125,1.0,0.14285714285714285,5,1.4,sparse obstacles; bottleneck; multiple alternative routes,low,medium,high,medium,medium,16,3.991599987784866e-05,True,7,0.0,10,5.720899935113266e-05,True,7,0.696969696969697,9,5.03330011270009e-05,True,7,0.7643097643097643
random_rate0.3_seed20_s11-14_g10-19,20,20,0.3,random,"11,14","10,19",8.0,0.34,0.045,0.4810606060606061,0.2222222222222222,74,0.2803030303030303,3,0.3333333333333333,1.0,0.8,6,1.3333333333333333,maze-like; narrow corridor; bottleneck,low,high,high,high,high,14,3.52080005541211e-05,True,8,0.0,10,6.774999928893521e-05,True,8,0.6741573033707865,13,7.833400013623759e-05,True,8,0.8202247191011236
random_rate0.4_seed20_s5-10_g7-10,20,20,0.4,random,"5,10","7,10",2.0,0.4425,0.1075,0.6188340807174888,0.3333333333333333,85,0.3811659192825112,2,0.6666666666666666,1.0,1.0,2,1.0,maze-like; large obstacle block; narrow corridor; bottleneck,low,high,low,high,high,3,8.709001122042537e-06,True,2,0.0,3,2.537500040489249e-05,True,2,0.8205128205128205,3,2.2750000425730832e-05,True,2,1.0
random_rate0.1_seed21_s13-3_g12-1,21,20,0.1,random,"13,3","12,1",3.0,0.12,0.01,0.125,0.0,1,0.002840909090909091,0,0.0,1.0,0.6,3,1.0,open space; multiple alternative routes,low,low,low,low,low,5,1.4833000022917986e-05,True,3,0.0,4,3.3666001399978995e-05,True,3,0.9289772727272727,5,3.812500108324457e-05,True,3,0.4772727272727273
random_rate0.2_seed21_s5-16_g12-0,21,20,0.2,random,"5,16","12,0",23.0,0.2075,0.015,0.24921135646687698,0.125,14,0.04416403785488959,0,0.0,1.0,0.8461538461538461,23,1.0,sparse obstacles,high,medium,low,medium,low,91,0.00021695900068152696,True,23,0.0,34,0.0003160839987685904,True,23,0.7531645569620253,59,0.0003479999995761318,True,23,0.6170886075949367
random_rate0.3_seed21_s1-18_g17-16,21,20,0.3,random,"1,18","17,16",24.0,0.2975,0.0225,0.4234875444839858,0.36,40,0.1423487544483986,5,0.2,0.8518518518518519,0.7241379310344828,18,1.3333333333333333,dense obstacles; narrow corridor; bottleneck; multiple alternative routes; maze-like,high,medium,high,medium,medium,75,0.00016675000006216578,True,24,0.0,61,0.0003081249997194391,True,24,0.5884476534296029,71,0.0003412909991311608,True,24,0.8447653429602888
random_rate0.4_seed21_s0-6_g11-14,21,20,0.4,random,"0,6","11,14",21.0,0.4025,0.04,0.5732217573221757,0.45454545454545453,56,0.23430962343096234,7,0.3181818181818182,1.0,0.8333333333333334,19,1.105263157894737,maze-like; narrow corridor; bottleneck,high,high,medium,high,high,46,0.00010037500032922253,True,21,0.0,46,0.00022454200006905012,True,21,0.5230769230769231,49,0.00023258300097950269,True,21,0.9461538461538461
random_rate0.1_seed22_s6-1_g1-10,22,20,0.1,random,"6,1","1,10",14.0,0.105,0.0075,0.12011173184357542,0.06666666666666667,5,0.013966480446927373,0,0.0,1.0,0.1111111111111111,14,1.0,open space; multiple alternative routes,medium,low,low,low,low,43,0.00010395800018159207,True,14,0.0,15,0.0001150839998445008,True,14,0.9804469273743017,40,0.0002222500006610062,True,14,0.39664804469273746
random_rate0.2_seed22_s0-6_g9-1,22,20,0.2,random,"0,6","9,1",14.0,0.2125,0.0175,0.25396825396825395,0.13333333333333333,28,0.08888888888888889,4,0.26666666666666666,1.0,0.36363636363636365,14,1.0,sparse obstacles; bottleneck; multiple alternative routes,medium,medium,low,medium,medium,41,9.695800144982059e-05,True,14,0.0,33,0.00019958300072175916,True,14,0.3102310231023102,26,0.00015749999874969944,True,14,0.31683168316831684
random_rate0.3_seed22_s5-2_g17-17,22,20,0.3,random,"5,2","17,17",27.0,0.305,0.0275,0.38848920863309355,0.21428571428571427,36,0.12949640287769784,2,0.07142857142857142,1.0,0.6,27,1.0,dense obstacles; narrow corridor; bottleneck; multiple alternative routes; maze-like,high,medium,low,medium,medium,66,0.000158582999574719,True,27,0.0,39,0.00022241699844016694,True,27,0.4846153846153846,47,0.0002964159994007787,True,27,0.7230769230769231
random_rate0.4_seed22_s17-5_g10-15,22,20,0.4,random,"17,5","10,15",17.0,0.4225,0.0675,0.5974025974025974,0.5555555555555556,89,0.3852813852813853,11,0.6111111111111112,1.0,0.8947368421052632,17,1.0,maze-like; large obstacle block; narrow corridor; bottleneck,medium,high,low,high,high,22,6.879200009279884e-05,True,17,0.0,22,0.00012116700054320972,True,17,0.611764705882353,24,0.00012137499834352639,True,17,0.9411764705882353
random_rate0.1_seed23_s6-18_g15-6,23,20,0.1,random,"6,18","15,6",21.0,0.09,0.005,0.09615384615384616,0.045454545454545456,1,0.0027472527472527475,0,0.0,1.0,0.2571428571428571,21,1.0,open space; multiple alternative routes,high,low,low,low,low,106,0.0002606250000098953,True,21,0.0,35,0.00023891599994385615,True,21,0.9505494505494505,81,0.0005121249996591359,True,21,0.44505494505494503
random_rate0.2_seed23_s6-15_g10-7,23,20,0.2,random,"6,15","10,7",12.0,0.1875,0.0125,0.23076923076923078,0.15384615384615385,12,0.036923076923076927,0,0.0,1.0,0.4444444444444444,12,1.0,sparse obstacles; multiple alternative routes,medium,low,low,medium,low,31,7.604199890920427e-05,True,12,0.0,16,0.00010954100071103312,True,12,0.7716049382716049,19,0.00012354200043773744,True,12,0.5987654320987654
random_rate0.3_seed23_s1-6_g17-5,23,20,0.3,random,"1,6","17,5",25.0,0.2775,0.025,0.35294117647058826,0.038461538461538464,26,0.08996539792387544,1,0.038461538461538464,0.7931034482758621,0.7931034482758621,17,1.4705882352941178,dense obstacles; narrow corridor; bottleneck; maze-like,high,medium,high,medium,medium,65,0.0001570839995110873,True,25,0.0,42,0.00024270900030387565,True,25,0.49825783972125437,43,0.00024979200134112034,True,25,0.5818815331010453
random_rate0.4_seed23_s18-19_g5-7,23,20,0.4,random,"18,19","5,7",27.0,0.37,0.0375,0.49206349206349204,0.32142857142857145,74,0.29365079365079366,13,0.4642857142857143,1.0,0.8666666666666667,25,1.08,maze-like; narrow corridor; bottleneck,high,high,medium,high,high,69,0.00014591699982702266,True,27,0.0,64,0.00034683400008361787,True,27,0.2647058823529412,62,0.0002913749995059334,True,27,0.8319327731092437
random_rate0.1_seed24_s4-4_g19-1,24,20,0.1,random,"4,4","19,1",18.0,0.0775,0.005,0.07588075880758807,0.0,0,0.0,0,0.0,1.0,0.08571428571428572,18,1.0,open space; multiple alternative routes,medium,low,low,low,low,58,0.0001761250005074544,True,18,0.0,19,0.0001712910016067326,True,18,0.9566395663956639,41,0.0002600419993541436,True,18,0.3956639566395664
random_rate0.2_seed24_s14-2_g10-14,24,20,0.2,random,"14,2","10,14",22.0,0.19,0.0125,0.21604938271604937,0.17391304347826086,19,0.05864197530864197,1,0.043478260869565216,0.5333333333333333,0.2777777777777778,16,1.375,sparse obstacles; multiple alternative routes,high,low,high,low,medium,66,0.00026016599986178335,True,22,0.0,38,0.00023337499987974297,True,22,0.7801857585139319,46,0.0002557500010880176,True,22,0.47058823529411764
random_rate0.3_seed24_s9-9_g8-13,24,20,0.3,random,"9,9","8,13",15.0,0.285,0.035,0.38461538461538464,0.125,35,0.12237762237762238,6,0.375,1.0,0.7777777777777778,5,3.0,dense obstacles; narrow corridor; bottleneck; maze-like,medium,medium,high,medium,medium,26,5.929199869569857e-05,True,15,0.0,24,0.00012908300050185062,True,15,0.5454545454545454,23,0.00012099999912607018,True,15,0.5127272727272727
random_rate0.4_seed24_s11-6_g5-17,24,20,0.4,random,"11,6","5,17",23.0,0.3725,0.075,0.5298804780876494,0.2916666666666667,85,0.3386454183266932,15,0.625,1.0,0.92,17,1.3529411764705883,maze-like; large obstacle block; narrow corridor; bottleneck,high,high,high,high,high,57,0.00012766599866154138,True,23,0.0,32,0.0001870420001068851,True,23,0.3130841121495327,86,0.0004168329996900866,True,23,0.705607476635514
random_rate0.1_seed25_s16-2_g0-17,25,20,0.1,random,"16,2","0,17",31.0,0.1075,0.01,0.10084033613445378,0.09375,3,0.008403361344537815,1,0.03125,1.0,0.04918032786885246,31,1.0,open space; multiple alternative routes,high,low,low,low,low,212,0.0005817500004923204,True,31,0.0,102,0.0005800420003652107,True,31,0.927170868347339,169,0.0009453749989916105,True,31,0.35014005602240894
random_rate0.2_seed25_s12-11_g18-12,25,20,0.2,random,"12,11","18,12",7.0,0.205,0.0125,0.24528301886792453,0.125,28,0.0880503144654088,1,0.125,1.0,1.0,7,1.0,sparse obstacles; bottleneck,low,medium,low,medium,medium,8,2.1458999981405213e-05,True,7,0.0,8,5.8000001445179805e-05,True,7,0.8412698412698413,8,5.424999835668132e-05,True,7,0.48253968253968255
random_rate0.3_seed25_s14-9_g3-17,25,20,0.3,random,"14,9","3,17",25.0,0.3075,0.0525,0.4151624548736462,0.19230769230769232,58,0.20938628158844766,2,0.07692307692307693,1.0,0.8571428571428571,19,1.3157894736842106,dense obstacles; large obstacle block; narrow corridor; bottleneck; maze-like,high,medium,high,medium,high,78,0.00018291600099473726,True,25,0.0,74,0.00039074999949662015,True,25,0.3308550185873606,69,0.0003678339999169111,True,25,0.4163568773234201
random_rate0.4_seed25_s6-10_g0-18,25,20,0.4,random,"6,10","0,18",16.0,0.395,0.07,0.5454545454545454,0.6470588235294118,97,0.40082644628099173,14,0.8235294117647058,1.0,0.7,14,1.1428571428571428,maze-like; large obstacle block; narrow corridor; bottleneck; multiple alternative routes,medium,high,medium,high,high,24,4.787500074598938e-05,True,16,0.0,21,9.841700011747889e-05,True,16,0.1810344827586207,59,0.00024862499958544504,True,16,0.6551724137931034
random_rate0.1_seed26_s13-2_g6-11,26,20,0.1,random,"13,2","6,11",18.0,0.1475,0.01,0.17302052785923755,0.10526315789473684,5,0.01466275659824047,0,0.0,1.0,0.26666666666666666,16,1.125,sparse obstacles; multiple alternative routes,medium,low,medium,low,low,74,0.00017545899936521892,True,18,0.0,52,0.00028037499942001887,True,18,0.6,48,0.0002752920008788351,True,18,0.3911764705882353
random_rate0.2_seed26_s15-12_g13-2,26,20,0.2,random,"15,12","13,2",12.0,0.22,0.015,0.27564102564102566,0.15384615384615385,15,0.04807692307692308,0,0.0,1.0,1.0,12,1.0,sparse obstacles,medium,medium,low,medium,medium,14,3.812500108324457e-05,True,12,0.0,13,9.999999929277692e-05,True,12,0.639871382636656,13,9.662499905971345e-05,True,12,0.5401929260450161
random_rate0.3_seed26_s6-14_g4-11,26,20,0.3,random,"6,14","4,11",9.0,0.3275,0.0375,0.4721189591078067,0.3,53,0.1970260223048327,2,0.2,1.0,1.0,5,1.8,dense obstacles; narrow corridor; bottleneck; maze-like,low,high,high,high,high,15,4.6749999455641955e-05,True,9,0.0,14,9.954199958883692e-05,True,9,0.3614457831325301,12,7.000000005064066e-05,True,9,0.891566265060241
random_rate0.4_seed26_s4-18_g8-19,26,20,0.4,random,"4,18","8,19",5.0,0.4225,0.045,0.6277056277056277,0.5,79,0.341991341991342,3,0.5,1.0,0.5,5,1.0,maze-like; narrow corridor; bottleneck; multiple alternative routes,low,high,low,high,high,8,1.833300120779313e-05,True,5,0.0,6,3.554199975042138e-05,True,5,0.5,6,3.312499939056579e-05,True,5,1.0
random_rate0.1_seed27_s9-11_g6-1,27,20,0.1,random,"9,11","6,1",13.0,0.09,0.005,0.08516483516483517,0.0,1,0.0027472527472527475,0,0.0,1.0,0.12,13,1.0,open space; multiple alternative routes,medium,low,low,low,low,38,9.545799912302755e-05,True,13,0.0,14,0.00011033400005544536,True,13,0.9587912087912088,24,0.000156083000547369,True,13,0.40934065934065933
random_rate0.2_seed27_s0-6_g6-3,27,20,0.2,random,"0,6","6,3",11.0,0.1875,0.015,0.24923076923076923,0.4166666666666667,23,0.07076923076923076,2,0.16666666666666666,1.0,0.09090909090909091,9,1.2222222222222223,sparse obstacles; bottleneck; multiple alternative routes,medium,low,high,medium,medium,35,8.020800123631489e-05,True,11,0.0,21,0.00011687500045809429,True,11,0.6984615384615385,21,0.00015529200027231127,True,11,0.7384615384615385
random_rate0.3_seed27_s7-15_g19-16,27,20,0.3,random,"7,15","19,16",15.0,0.2625,0.0175,0.36610169491525424,0.0625,52,0.17627118644067796,3,0.1875,0.5238095238095238,0.6842105263157895,13,1.1538461538461537,dense obstacles; narrow corridor; bottleneck; multiple alternative routes; maze-like,medium,medium,high,medium,medium,35,8.508300015819259e-05,True,15,0.0,16,0.00012312500075495336,True,15,0.693950177935943,21,0.0001425419995939592,True,15,0.7437722419928826
random_rate0.4_seed27_s18-12_g1-18,27,20,0.4,random,"18,12","1,18",31.0,0.3525,0.04,0.5328185328185329,0.375,80,0.3088803088803089,12,0.375,1.0,0.8823529411764706,23,1.3478260869565217,maze-like; narrow corridor; bottleneck,high,high,high,high,high,101,0.0002192920001107268,True,31,0.0,92,0.00041733299985935446,True,31,0.013761467889908258,166,0.0007041669996397104,True,31,0.6100917431192661
random_rate0.1_seed28_s11-6_g17-0,28,20,0.1,random,"11,6","17,0",12.0,0.105,0.01,0.13128491620111732,0.15384615384615385,4,0.0111731843575419,0,0.0,1.0,0.13043478260869565,12,1.0,open space; multiple alternative routes,medium,low,low,low,low,40,9.745800161908846e-05,True,12,0.0,16,0.00010891700003412552,True,12,0.9635854341736695,38,0.0002336249999643769,True,12,0.3865546218487395
random_rate0.2_seed28_s14-13_g18-19,28,20,0.2,random,"14,13","18,19",10.0,0.235,0.0225,0.27450980392156865,0.36363636363636365,26,0.08496732026143791,5,0.45454545454545453,1.0,1.0,10,1.0,sparse obstacles; bottleneck,low,medium,low,medium,medium,21,5.0874999942607246e-05,True,10,0.0,18,0.00010562500028754584,True,10,0.6423841059602649,38,0.0001985830003832234,True,10,0.9834437086092715
random_rate0.3_seed28_s4-2_g13-14,28,20,0.3,random,"4,2","13,14",23.0,0.345,0.035,0.44656488549618323,0.125,68,0.2595419847328244,2,0.08333333333333333,0.92,0.8461538461538461,21,1.0952380952380953,maze-like; narrow corridor; bottleneck,high,high,medium,high,high,74,0.0001702919998933794,True,23,0.0,65,0.000335750000886037,True,23,0.42677824267782427,47,0.0002562079989729682,True,23,0.6652719665271967
random_rate0.4_seed28_s15-3_g19-13,28,20,0.4,random,"15,3","19,13",16.0,0.45,0.0525,0.6409090909090909,0.29411764705882354,83,0.37727272727272726,8,0.47058823529411764,1.0,0.8888888888888888,14,1.1428571428571428,maze-like; large obstacle block; narrow corridor; bottleneck,medium,high,medium,high,high,39,8.770800013735425e-05,True,16,0.0,33,0.00016687500101397745,True,16,0.10526315789473684,23,0.00014241699864214752,True,16,1.0
random_rate0.1_seed29_s3-13_g2-8,29,20,0.1,random,"3,13","2,8",6.0,0.0775,0.0075,0.06504065040650407,0.0,3,0.008130081300813009,0,0.0,1.0,0.75,6,1.0,open space,low,low,low,low,low,8,2.5167000785586424e-05,True,6,0.0,7,6.24999993306119e-05,True,6,0.986449864498645,9,7.016700146778021e-05,True,6,0.3794037940379404
random_rate0.2_seed29_s5-13_g6-1,29,20,0.2,random,"5,13","6,1",13.0,0.1725,0.0175,0.1691842900302115,0.14285714285714285,14,0.04229607250755287,1,0.07142857142857142,1.0,0.75,13,1.0,sparse obstacles,medium,low,low,low,low,20,5.2457999117905274e-05,True,13,0.0,14,0.00010250000013911631,True,13,0.7832817337461301,17,0.00011466700016171671,True,13,0.5046439628482973
random_rate0.3_seed29_s13-10_g11-6,29,20,0.3,random,"13,10","11,6",6.0,0.31,0.035,0.4601449275362319,0.14285714285714285,42,0.15217391304347827,0,0.0,1.0,1.0,6,1.0,dense obstacles; narrow corridor; bottleneck; maze-like,low,medium,low,high,medium,8,2.191600106016267e-05,True,6,0.0,7,5.091599996376317e-05,True,6,0.39285714285714285,7,4.787500074598938e-05,True,6,0.44841269841269843
random_rate0.4_seed29_s0-12_g4-17,29,20,0.4,random,"0,12","4,17",9.0,0.4475,0.07,0.669683257918552,0.1,75,0.3393665158371041,3,0.3,1.0,1.0,9,1.0,maze-like; large obstacle block; narrow corridor; bottleneck,low,high,low,high,high,17,3.8209000194910914e-05,True,9,0.0,14,8.029200034798123e-05,True,9,0.4807692307692308,15,8.508399878337514e-05,True,9,0.9807692307692307
random_rate0.1_seed3_s11-0_g0-19,3,20,0.1,random,"11,0","0,19",30.0,0.1,0.01,0.10555555555555556,0.1935483870967742,0,0.0,0,0.0,1.0,0.08771929824561403,30,1.0,open space; multiple alternative routes,high,low,low,low,low,210,0.00048791699919092935,True,30,0.0,64,0.0003840000008494826,True,30,0.9527777777777777,140,0.0008277910001197597,True,30,0.48333333333333334
random_rate0.2_seed3_s3-7_g19-1,3,20,0.2,random,"3,7","19,1",22.0,0.1875,0.02,0.21846153846153846,0.21739130434782608,8,0.024615384615384615,5,0.21739130434782608,1.0,0.4838709677419355,22,1.0,sparse obstacles; bottleneck; multiple alternative routes,high,low,low,low,low,37,0.0001199589987663785,True,22,0.0,28,0.00018908399943029508,True,22,0.7784615384615384,43,0.00026362499920651317,True,22,0.9076923076923077
random_rate0.3_seed3_s9-17_g7-10,3,20,0.3,random,"9,17","7,10",11.0,0.2725,0.02,0.3539518900343643,0.4166666666666667,30,0.10309278350515463,3,0.25,1.0,0.7142857142857143,9,1.2222222222222223,dense obstacles; narrow corridor; bottleneck; multiple alternative routes; maze-like,medium,medium,high,medium,medium,16,3.7292000342858955e-05,True,11,0.0,12,7.000000005064066e-05,True,11,0.532871972318339,12,6.754199966962915e-05,True,11,0.6920415224913494
random_rate0.4_seed3_s11-12_g5-5,3,20,0.4,random,"11,12","5,5",41.0,0.3875,0.03,0.5591836734693878,0.40476190476190477,106,0.4326530612244898,31,0.7380952380952381,1.0,0.9090909090909091,13,3.1538461538461537,maze-like; narrow corridor; bottleneck,high,high,high,high,high,140,0.0002889579991460778,True,41,0.0,138,0.0006162499994388781,True,41,0.24892703862660945,127,0.0005685840005753562,True,41,0.5150214592274678
random_rate0.1_seed30_s1-10_g2-2,30,20,0.1,random,"1,10","2,2",9.0,0.1025,0.0075,0.12534818941504178,0.0,6,0.016713091922005572,0,0.0,1.0,0.3333333333333333,9,1.0,open space; multiple alternative routes,low,low,low,low,low,16,4.429200089361984e-05,True,9,0.0,10,8.712499948160257e-05,True,9,0.9776536312849162,11,8.795800022198819e-05,True,9,0.3575418994413408
random_rate0.2_seed30_s6-16_g14-18,30,20,0.2,random,"6,16","14,18",10.0,0.215,0.0175,0.27070063694267515,0.09090909090909091,17,0.054140127388535034,1,0.09090909090909091,1.0,0.15789473684210525,10,1.0,sparse obstacles; bottleneck; multiple alternative routes,low,medium,low,medium,medium,19,4.8874999265535735e-05,True,10,0.0,11,8.333300138474442e-05,True,10,0.5290322580645161,13,9.737500113260467e-05,True,10,0.7451612903225806
random_rate0.3_seed30_s2-0_g4-2,30,20,0.3,random,"2,0","4,2",4.0,0.3,0.05,0.4,0.0,50,0.17857142857142858,1,0.2,1.0,0.42857142857142855,4,1.0,dense obstacles; large obstacle block; narrow corridor; bottleneck; multiple alternative routes; maze-like,low,medium,low,medium,medium,9,2.1916999685345218e-05,True,4,0.0,5,3.9582999306730926e-05,True,4,0.2427536231884058,7,5.145799877936952e-05,True,4,0.30434782608695654
random_rate0.4_seed30_s4-10_g1-8,30,20,0.4,random,"4,10","1,8",5.0,0.4,0.06,0.625,0.16666666666666666,100,0.4166666666666667,3,0.5,1.0,1.0,5,1.0,maze-like; large obstacle block; narrow corridor; bottleneck,low,high,low,high,high,8,2.0125000446569175e-05,True,5,0.0,6,4.07090010412503e-05,True,5,0.43243243243243246,8,4.704200000560377e-05,True,5,0.668918918918919
random_rate0.1_seed31_s4-14_g11-7,31,20,0.1,random,"4,14","11,7",14.0,0.095,0.0075,0.06906077348066299,0.0,1,0.0027624309392265192,0,0.0,1.0,0.1111111111111111,14,1.0,open space; multiple alternative routes,medium,low,low,low,low,51,0.00012895799955003895,True,14,0.0,18,0.0001323750002484303,True,14,0.9834254143646409,46,0.0002950409998447867,True,14,0.4116022099447514
random_rate0.2_seed31_s7-12_g11-11,31,20,0.2,random,"7,12","11,11",5.0,0.2225,0.015,0.26366559485530544,0.0,14,0.04501607717041801,0,0.0,1.0,0.5,5,1.0,sparse obstacles; multiple alternative routes,low,medium,low,medium,low,8,2.0542000129353255e-05,True,5,0.0,6,4.362499930721242e-05,True,5,0.9150326797385621,6,4.158299998380244e-05,True,5,0.7254901960784313
random_rate0.3_seed31_s0-14_g5-7,31,20,0.3,random,"0,14","5,7",12.0,0.31,0.02,0.44565217391304346,0.23076923076923078,45,0.16304347826086957,2,0.15384615384615385,1.0,0.7333333333333333,12,1.0,dense obstacles; narrow corridor; bottleneck; multiple alternative routes; maze-like,medium,medium,low,high,medium,22,5.270899964671116e-05,True,12,0.0,18,0.00010695899982238188,True,12,0.6292134831460674,14,8.70000003487803e-05,True,12,0.9438202247191011
random_rate0.4_seed31_s15-5_g1-17,31,20,0.4,random,"15,5","1,17",38.0,0.4225,0.045,0.6147186147186147,0.41025641025641024,94,0.4069264069264069,28,0.717948717948718,0.95,0.9024390243902439,26,1.4615384615384615,maze-like; narrow corridor; bottleneck,high,high,high,high,high,127,0.000275791000603931,True,38,0.0,112,0.0005367499998101266,True,38,0.05291005291005291,141,0.0006235410000954289,True,38,0.38095238095238093
random_rate0.1_seed32_s14-7_g0-11,32,20,0.1,random,"14,7","0,11",18.0,0.1375,0.01,0.15072463768115943,0.05263157894736842,1,0.002898550724637681,0,0.0,1.0,0.8095238095238095,18,1.0,open space,medium,low,low,low,low,52,0.00013070800014247652,True,18,0.0,19,0.00015404099940496963,True,18,0.9739130434782609,38,0.0002663329996721586,True,18,0.37681159420289856
random_rate0.2_seed32_s5-16_g15-19,32,20,0.2,random,"5,16","15,19",13.0,0.255,0.0175,0.348993288590604,0.0,30,0.10067114093959731,1,0.07142857142857142,1.0,0.75,13,1.0,dense obstacles; bottleneck,medium,medium,low,medium,medium,29,6.904200017743278e-05,True,13,0.0,14,0.00010900000052060932,True,13,0.48148148148148145,17,0.00011520900079631247,True,13,0.6599326599326599
random_rate0.3_seed32_s2-16_g9-4,32,20,0.3,random,"2,16","9,4",25.0,0.3425,0.0575,0.49429657794676807,0.3076923076923077,63,0.23954372623574144,9,0.34615384615384615,1.0,0.5757575757575758,19,1.3157894736842106,maze-like; large obstacle block; narrow corridor; bottleneck; multiple alternative routes,high,high,high,high,high,74,0.0001655000014579855,True,25,0.0,58,0.00028779200147255324,True,25,0.152,65,0.00031908399978419766,True,25,0.508
random_rate0.4_seed32_s5-17_g9-14,32,20,0.4,random,"5,17","9,14",7.0,0.4325,0.085,0.6123348017621145,0.375,100,0.44052863436123346,4,0.5,1.0,0.6,7,1.0,maze-like; large obstacle block; narrow corridor; bottleneck; multiple alternative routes,low,high,low,high,high,10,2.350000067963265e-05,True,7,0.0,8,4.9500000386615284e-05,True,7,0.3308270676691729,8,4.662500032281969e-05,True,7,0.6240601503759399
random_rate0.1_seed33_s15-6_g5-7,33,20,0.1,random,"15,6","5,7",15.0,0.0975,0.0075,0.08587257617728532,0.0,4,0.0110803324099723,0,0.0,1.0,0.10344827586206896,11,1.3636363636363635,open space; multiple alternative routes,medium,low,high,low,low,65,0.00016204200073843822,True,15,0.0,35,0.0002396669988229405,True,15,0.8781163434903048,40,0.0002597500006231712,True,15,0.5761772853185596
random_rate0.2_seed33_s17-12_g14-8,33,20,0.2,random,"17,12","14,8",7.0,0.2025,0.02,0.23510971786833856,0.125,25,0.07836990595611286,0,0.0,1.0,0.14285714285714285,7,1.0,sparse obstacles; multiple alternative routes,low,medium,low,medium,medium,18,4.74579992442159e-05,True,7,0.0,8,6.800000119255856e-05,True,7,0.8557993730407524,14,0.00011637500028882641,True,7,0.6144200626959248
random_rate0.3_seed33_s17-6_g16-1,33,20,0.3,random,"17,6","16,1",8.0,0.305,0.045,0.37050359712230213,0.3333333333333333,48,0.17266187050359713,3,0.3333333333333333,1.0,1.0,6,1.3333333333333333,dense obstacles; narrow corridor; bottleneck; maze-like,low,medium,high,medium,medium,17,5.066599987912923e-05,True,8,0.0,11,6.437500087486114e-05,True,8,0.1640625,14,7.64579999668058e-05,True,8,0.25
random_rate0.4_seed33_s10-3_g18-10,33,20,0.4,random,"10,3","18,10",35.0,0.43,0.13,0.5657894736842105,0.3055555555555556,101,0.44298245614035087,30,0.8333333333333334,0.8461538461538461,0.7560975609756098,15,2.3333333333333335,maze-like; large obstacle block; narrow corridor; bottleneck,high,high,high,high,high,122,0.0002505829997971887,True,35,0.0,114,0.0004932920001010643,True,35,0.1989795918367347,111,0.0004868750002060551,True,35,0.39285714285714285
random_rate0.1_seed34_s15-1_g15-13,34,20,0.1,random,"15,1","15,13",12.0,0.085,0.0075,0.07377049180327869,0.0,0,0.0,0,0.0,1.0,1.0,12,1.0,open space,medium,low,low,low,low,13,4.262500078766607e-05,True,12,0.0,13,0.00012341600086074322,True,12,0.9890710382513661,13,0.00011224999980186112,True,12,0.5136612021857924
random_rate0.2_seed34_s7-12_g18-15,34,20,0.2,random,"7,12","18,15",14.0,0.16,0.0125,0.18154761904761904,0.06666666666666667,10,0.02976190476190476,0,0.0,1.0,0.42857142857142855,14,1.0,sparse obstacles; multiple alternative routes,medium,low,low,low,low,31,7.695800013607368e-05,True,14,0.0,15,0.0001128330004576128,True,14,0.8125,22,0.00013329200010048226,True,14,0.4494047619047619
random_rate0.3_seed34_s2-1_g18-11,34,20,0.3,random,"2,1","18,11",30.0,0.285,0.035,0.35664335664335667,0.16129032258064516,38,0.13286713286713286,4,0.12903225806451613,0.5897435897435898,0.2916666666666667,26,1.1538461538461537,dense obstacles; narrow corridor; bottleneck; multiple alternative routes; maze-like,high,medium,high,medium,medium,183,0.0004783749991474906,True,30,0.0,152,0.0007320000004256144,True,30,0.2814814814814815,108,0.000608000000283937,True,30,0.4222222222222222
random_rate0.4_seed34_s6-7_g12-12,34,20,0.4,random,"6,7","12,12",11.0,0.385,0.0675,0.516260162601626,0.4166666666666667,77,0.3130081300813008,6,0.5,1.0,1.0,11,1.0,maze-like; large obstacle block; narrow corridor; bottleneck,medium,high,low,high,high,16,3.779200051212683e-05,True,11,0.0,16,8.837499990477227e-05,True,11,0.425531914893617,20,0.00010379100058344193,True,11,0.648936170212766
random_rate0.1_seed35_s7-13_g7-14,35,20,0.1,random,"7,13","7,14",1.0,0.1225,0.01,0.12535612535612536,0.0,9,0.02564102564102564,0,0.0,1.0,1.0,1,1.0,open space,low,low,low,low,low,2,8.125000022118911e-06,True,1,0.0,2,2.1791000108351e-05,True,1,0.9373219373219374,2,1.716699989628978e-05,True,1,0.5128205128205128
random_rate0.2_seed35_s9-14_g4-1,35,20,0.2,random,"9,14","4,1",18.0,0.23,0.015,0.30844155844155846,0.15789473684210525,17,0.05519480519480519,0,0.0,1.0,0.5833333333333334,18,1.0,sparse obstacles; multiple alternative routes,medium,medium,low,medium,medium,46,0.00010775000009743962,True,18,0.0,19,0.00013416699948720634,True,18,0.8125,28,0.0001733330009301426,True,18,0.5394736842105263
random_rate0.3_seed35_s12-6_g18-13,35,20,0.3,random,"12,6","18,13",25.0,0.33,0.0225,0.48880597014925375,0.23076923076923078,64,0.23880597014925373,9,0.34615384615384615,0.7931034482758621,0.6774193548387096,13,1.9230769230769231,dense obstacles; narrow corridor; bottleneck; multiple alternative routes; maze-like,high,high,high,high,high,63,0.0001382080008625053,True,25,0.0,51,0.00025683300009404775,True,25,0.23788546255506607,52,0.0002613749984448077,True,25,0.3436123348017621
random_rate0.4_seed35_s7-1_g5-0,35,20,0.4,random,"7,1","5,0",3.0,0.43,0.05,0.6140350877192983,0.75,74,0.32456140350877194,2,0.5,1.0,1.0,3,1.0,maze-like; large obstacle block; narrow corridor; bottleneck,low,high,low,high,high,5,1.0750000001280569e-05,True,3,0.0,4,2.1457999537233263e-05,True,3,0.5714285714285714,4,1.8917000488727354e-05,True,3,1.0
random_rate0.1_seed36_s10-12_g8-0,36,20,0.1,random,"10,12","8,0",14.0,0.0675,0.0025,0.06970509383378017,0.06666666666666667,3,0.00804289544235925,0,0.0,1.0,0.30434782608695654,14,1.0,open space; multiple alternative routes,medium,low,low,low,low,27,7.391700091829989e-05,True,14,0.0,16,0.00012858300033258274,True,14,0.9463806970509383,29,0.00019995899856439792,True,14,0.49865951742627346
random_rate0.2_seed36_s17-2_g10-7,36,20,0.2,random,"17,2","10,7",12.0,0.18,0.0125,0.21951219512195122,0.07692307692307693,15,0.04573170731707317,0,0.0,1.0,0.8571428571428571,12,1.0,sparse obstacles,medium,low,low,low,medium,35,0.00010895800005528145,True,12,0.0,20,0.00011729200014087837,True,12,0.801829268292683,24,0.00014800000099057797,True,12,0.7317073170731707
random_rate0.3_seed36_s3-5_g17-10,36,20,0.3,random,"3,5","17,10",27.0,0.2625,0.0425,0.3864406779661017,0.2857142857142857,48,0.16271186440677965,6,0.21428571428571427,0.8666666666666667,0.14285714285714285,19,1.4210526315789473,dense obstacles; narrow corridor; bottleneck; multiple alternative routes; maze-like,high,medium,high,medium,medium,115,0.0002612079988466576,True,27,0.0,78,0.0004065000011905795,True,27,0.5220338983050847,59,0.00031566600046062376,True,27,0.735593220338983
random_rate0.4_seed36_s12-16_g14-11,36,20,0.4,random,"12,16","14,11",9.0,0.3775,0.0575,0.5742971887550201,0.7,110,0.44176706827309237,9,0.9,1.0,1.0,7,1.2857142857142858,maze-like; large obstacle block; narrow corridor; bottleneck,low,high,high,high,high,20,4.562499998428393e-05,True,9,0.0,16,8.625000009487849e-05,True,9,0.23595505617977527,15,7.829199967090972e-05,True,9,0.5955056179775281
random_rate0.1_seed37_s9-7_g1-14,37,20,0.1,random,"9,7","1,14",15.0,0.1125,0.0075,0.1323943661971831,0.0625,8,0.022535211267605635,0,0.0,1.0,0.391304347826087,15,1.0,open space; multiple alternative routes,medium,low,low,low,low,60,0.00015029099995444994,True,15,0.0,21,0.00016054200023063459,True,15,0.7796610169491526,44,0.00025637500039010774,True,15,0.6384180790960452
random_rate0.2_seed37_s3-8_g3-14,37,20,0.2,random,"3,8","3,14",6.0,0.205,0.015,0.25471698113207547,0.0,14,0.0440251572327044,0,0.0,1.0,1.0,6,1.0,sparse obstacles,low,medium,low,medium,low,7,2.2666999939247034e-05,True,6,0.0,7,6.654099888692144e-05,True,6,0.8126984126984127,7,6.620900057896506e-05,True,6,0.7142857142857143
random_rate0.3_seed37_s9-12_g2-5,37,20,0.3,random,"9,12","2,5",24.0,0.315,0.0175,0.4781021897810219,0.2,77,0.28102189781021897,6,0.24,1.0,0.5151515151515151,14,1.7142857142857142,dense obstacles; narrow corridor; bottleneck; multiple alternative routes; maze-like,high,medium,high,high,high,67,0.00015150000035646372,True,24,0.0,49,0.0002647080000315327,True,24,0.26459143968871596,43,0.0002361249989917269,True,24,0.40077821011673154
random_rate0.4_seed37_s5-13_g15-8,37,20,0.4,random,"5,13","15,8",17.0,0.3975,0.0325,0.6265560165975104,0.16666666666666666,104,0.4315352697095436,7,0.3888888888888889,0.7142857142857143,0.6363636363636364,15,1.1333333333333333,maze-like; narrow corridor; bottleneck; multiple alternative routes,medium,high,medium,high,high,50,0.00011412499952712096,True,17,0.0,32,0.00018850000014936086,True,17,0.3925925925925926,37,0.00020287499864934944,True,17,0.6222222222222222
random_rate0.1_seed38_s7-7_g11-16,38,20,0.1,random,"7,7","11,16",13.0,0.1075,0.005,0.12044817927170869,0.0,5,0.014005602240896359,0,0.0,1.0,0.47368421052631576,13,1.0,open space; multiple alternative routes,medium,low,low,low,low,43,0.0001111250003305031,True,13,0.0,14,0.00011183400056324899,True,13,0.9831932773109243,33,0.00020654100080719218,True,13,0.4341736694677871
random_rate0.2_seed38_s16-1_g16-5,38,20,0.2,random,"16,1","16,5",4.0,0.2,0.0125,0.259375,0.0,27,0.084375,0,0.0,1.0,1.0,4,1.0,sparse obstacles; bottleneck,low,medium,low,medium,medium,5,1.612499909242615e-05,True,4,0.0,5,4.724999962490983e-05,True,4,0.675,5,4.5040998884360306e-05,True,4,0.75
random_rate0.3_seed38_s16-3_g10-4,38,20,0.3,random,"16,3","10,4",7.0,0.32,0.0225,0.5294117647058824,0.125,86,0.3161764705882353,2,0.25,1.0,0.7777777777777778,7,1.0,dense obstacles; narrow corridor; bottleneck; maze-like,low,high,low,high,high,11,2.804100040521007e-05,True,7,0.0,8,5.6999999287654646e-05,True,7,0.5416666666666666,14,8.445799903711304e-05,True,7,0.6388888888888888
random_rate0.4_seed38_s2-11_g13-13,38,20,0.4,random,"2,11","13,13",17.0,0.4075,0.03,0.6540084388185654,0.4444444444444444,99,0.4177215189873418,16,0.8888888888888888,1.0,0.8947368421052632,13,1.3076923076923077,maze-like; narrow corridor; bottleneck,medium,high,high,high,high,38,8.416600030614063e-05,True,17,0.0,33,0.0001584170004207408,True,17,0.23076923076923078,29,0.00016795899864519015,True,17,0.5207100591715976
random_rate0.1_seed39_s3-15_g18-12,39,20,0.1,random,"3,15","18,12",18.0,0.1325,0.01,0.14697406340057637,0.0,5,0.01440922190201729,0,0.0,1.0,0.05555555555555555,18,1.0,open space; multiple alternative routes,medium,low,low,low,low,62,0.00015962500037858263,True,18,0.0,20,0.00016995800069707911,True,18,0.9854227405247813,33,0.00023262499962584116,True,18,0.4956268221574344
random_rate0.2_seed39_s7-0_g18-13,39,20,0.2,random,"7,0","18,13",24.0,0.2325,0.01,0.30944625407166126,0.2,29,0.09446254071661238,2,0.08,1.0,0.1111111111111111,24,1.0,sparse obstacles; bottleneck; multiple alternative routes,high,medium,low,medium,medium,92,0.0002185829998779809,True,24,0.0,31,0.00018233399896416813,True,24,0.8118811881188119,43,0.00024929200117185246,True,24,0.7227722772277227
random_rate0.3_seed39_s5-16_g0-1,39,20,0.3,random,"5,16","0,1",28.0,0.355,0.0225,0.5503875968992248,0.3103448275862069,83,0.32170542635658916,8,0.27586206896551724,1.0,0.7575757575757576,20,1.4,maze-like; narrow corridor; bottleneck,high,high,high,high,high,72,0.00014845800069451798,True,28,0.0,70,0.00033120799889729824,True,28,0.12138728323699421,78,0.00035966700124845374,True,28,0.43352601156069365
random_rate0.4_seed39_s16-14_g14-17,39,20,0.4,random,"16,14","14,17",5.0,0.455,0.07,0.7018348623853211,0.3333333333333333,99,0.4541284403669725,3,0.5,1.0,1.0,5,1.0,maze-like; large obstacle block; narrow corridor; bottleneck,low,high,low,high,high,8,2.033400051004719e-05,True,5,0.0,6,5.850000161444768e-05,True,5,0.6666666666666666,6,4.07090010412503e-05,True,5,0.9722222222222222
random_rate0.1_seed4_s15-6_g10-3,4,20,0.1,random,"15,6","10,3",10.0,0.11,0.0075,0.10955056179775281,0.09090909090909091,4,0.011235955056179775,0,0.0,0.8333333333333334,0.2222222222222222,8,1.25,open space; multiple alternative routes,low,low,high,low,low,38,9.537499863654375e-05,True,10,0.0,22,0.00015320800048357341,True,10,0.6404494382022472,25,0.00015729100050521083,True,10,0.35674157303370785
random_rate0.2_seed4_s7-0_g1-3,4,20,0.2,random,"7,0","1,3",9.0,0.22,0.01,0.266025641025641,0.0,33,0.10576923076923077,4,0.4,1.0,1.0,9,1.0,sparse obstacles; bottleneck,low,medium,low,medium,medium,13,3.279200063843746e-05,True,9,0.0,13,8.850000085658394e-05,True,9,0.7363344051446945,13,8.891600009519607e-05,True,9,0.7781350482315113
random_rate0.3_seed4_s15-7_g12-10,4,20,0.3,random,"15,7","12,10",6.0,0.31,0.025,0.40217391304347827,0.14285714285714285,43,0.15579710144927536,0,0.0,1.0,0.5555555555555556,6,1.0,dense obstacles; narrow corridor; bottleneck; multiple alternative routes; maze-like,low,medium,low,medium,medium,10,2.3459000658476725e-05,True,6,0.0,8,8.125000022118911e-05,True,6,0.7751004016064257,9,5.3625000873580575e-05,True,6,0.891566265060241
random_rate0.4_seed4_s1-8_g0-7,4,20,0.4,random,"1,8","0,7",2.0,0.4,0.0475,0.5791666666666667,0.6666666666666666,88,0.36666666666666664,0,0.0,1.0,0.5,2,1.0,maze-like; narrow corridor; bottleneck; multiple alternative routes,low,high,low,high,high,4,8.707998858881183e-06,True,2,0.0,3,1.9832999896607362e-05,True,2,0.75,4,1.8708000425249338e-05,True,2,1.0
random_rate0.1_seed40_s15-19_g9-9,40,20,0.1,random,"15,19","9,9",16.0,0.1125,0.0125,0.10704225352112676,0.058823529411764705,4,0.011267605633802818,0,0.0,1.0,0.0625,16,1.0,open space; multiple alternative routes,medium,low,low,low,low,71,0.00016995899932226166,True,16,0.0,21,0.00015412499851663597,True,16,0.9661971830985916,46,0.00030449999940174166,True,16,0.5126760563380282
random_rate0.2_seed40_s1-10_g12-3,40,20,0.2,random,"1,10","12,3",18.0,0.2325,0.0275,0.30944625407166126,0.10526315789473684,21,0.06840390879478828,0,0.0,1.0,0.22580645161290322,18,1.0,sparse obstacles; multiple alternative routes,medium,medium,low,medium,medium,70,0.0001751670006342465,True,18,0.0,24,0.00017129200023191515,True,18,0.7070707070707071,21,0.0001529159999336116,True,18,0.7441077441077442
random_rate0.3_seed40_s9-0_g8-16,40,20,0.3,random,"9,0","8,16",37.0,0.325,0.0525,0.4925925925925926,0.2894736842105263,58,0.21481481481481482,9,0.23684210526315788,0.52,0.52,17,2.176470588235294,dense obstacles; large obstacle block; narrow corridor; bottleneck; multiple alternative routes; maze-like,high,high,high,high,high,131,0.0002723750003497116,True,37,0.0,123,0.0005682500013790559,True,37,0.30165289256198347,121,0.0005350829997041728,True,37,0.4049586776859504
random_rate0.4_seed40_s9-10_g3-10,40,20,0.4,random,"9,10","3,10",6.0,0.4175,0.0725,0.6566523605150214,0.0,60,0.2575107296137339,4,0.5714285714285714,1.0,1.0,6,1.0,maze-like; large obstacle block; narrow corridor; bottleneck,low,high,low,high,high,7,2.0500001483014785e-05,True,6,0.0,7,5.8292000176152214e-05,True,6,0.8928571428571429,7,5.529200097953435e-05,True,6,1.0
random_rate0.1_seed41_s16-19_g16-6,41,20,0.1,random,"16,19","16,6",17.0,0.0875,0.005,0.08767123287671233,0.05555555555555555,2,0.005479452054794521,0,0.0,0.5,0.5,13,1.3076923076923077,open space; multiple alternative routes,medium,low,high,low,low,55,0.00013779200162389316,True,17,0.0,24,0.00017416700029571075,True,17,0.8931506849315068,39,0.00022954099949856754,True,17,0.4712328767123288
random_rate0.2_seed41_s5-17_g14-8,41,20,0.2,random,"5,17","14,8",18.0,0.19,0.015,0.24691358024691357,0.10526315789473684,17,0.05246913580246913,0,0.0,1.0,0.11764705882352941,18,1.0,sparse obstacles; multiple alternative routes,medium,low,low,medium,medium,67,0.00016233399946941063,True,18,0.0,25,0.00015625000014551915,True,18,0.8526645768025078,38,0.00023675000011280645,True,18,0.6833855799373041
random_rate0.3_seed41_s14-8_g12-17,41,20,0.3,random,"14,8","12,17",13.0,0.29,0.0325,0.3908450704225352,0.21428571428571427,43,0.15140845070422534,2,0.14285714285714285,1.0,1.0,11,1.1818181818181819,dense obstacles; narrow corridor; bottleneck; maze-like,medium,medium,high,medium,medium,31,7.504200038965791e-05,True,13,0.0,17,0.00011520800035214052,True,13,0.49612403100775193,20,0.0001298750012210803,True,13,0.6550387596899225
random_rate0.4_seed41_s9-4_g15-16,41,20,0.4,random,"9,4","15,16",18.0,0.3775,0.0475,0.5381526104417671,0.3157894736842105,71,0.285140562248996,6,0.3157894736842105,1.0,1.0,18,1.0,maze-like; narrow corridor; bottleneck,medium,high,low,high,high,31,9.308299922849983e-05,True,18,0.0,25,0.00015041699953144416,True,18,0.4841628959276018,28,0.00015770900063216686,True,18,0.9140271493212669
random_rate0.1_seed42_s11-5_g14-19,42,20,0.1,random,"11,5","14,19",17.0,0.0975,0.0075,0.09141274238227147,0.05555555555555555,4,0.0110803324099723,0,0.0,1.0,1.0,17,1.0,open space,medium,low,low,low,low,37,0.00010370800009695813,True,17,0.0,18,0.0001649999994697282,True,17,0.9806094182825484,22,0.00015441600044141524,True,17,0.6149584487534626
random_rate0.2_seed42_s14-1_g1-11,42,20,0.2,random,"14,1","1,11",23.0,0.18,0.01,0.2225609756097561,0.0,8,0.024390243902439025,0,0.0,1.0,0.6,23,1.0,sparse obstacles; multiple alternative routes,high,low,low,low,low,106,0.00025245899996662047,True,23,0.0,87,0.0005132500009494834,True,23,0.8262195121951219,79,0.0004771250005433103,True,23,0.6158536585365854
random_rate0.3_seed42_s19-17_g14-19,42,20,0.3,random,"19,17","14,19",7.0,0.325,0.04,0.45925925925925926,0.375,71,0.26296296296296295,5,0.625,1.0,1.0,7,1.0,dense obstacles; narrow corridor; bottleneck; maze-like,low,high,low,high,high,10,2.1958001525490545e-05,True,7,0.0,9,5.054100074630696e-05,True,7,0.09933774834437085,11,5.370799954107497e-05,True,7,0.7086092715231788
random_rate0.4_seed42_s2-17_g3-16,42,20,0.4,random,"2,17","3,16",2.0,0.4075,0.07,0.6075949367088608,0.6666666666666666,105,0.4430379746835443,2,0.6666666666666666,1.0,1.0,2,1.0,maze-like; large obstacle block; narrow corridor; bottleneck,low,high,low,high,high,3,7.167000148911029e-06,True,2,0.0,3,1.9332999727339484e-05,True,2,0.5128205128205128,3,1.8165999790653586e-05,True,2,0.9230769230769231
random_rate0.1_seed43_s6-12_g5-4,43,20,0.1,random,"6,12","5,4",9.0,0.095,0.01,0.0856353591160221,0.0,5,0.013812154696132596,0,0.0,1.0,0.6666666666666666,9,1.0,open space; multiple alternative routes,low,low,low,low,low,12,3.679099972941913e-05,True,9,0.0,10,8.81669984664768e-05,True,9,0.9668508287292817,13,9.89580003079027e-05,True,9,0.6215469613259669
random_rate0.2_seed43_s5-8_g0-1,43,20,0.2,random,"5,8","0,1",12.0,0.1975,0.0125,0.24299065420560748,0.07692307692307693,19,0.059190031152647975,2,0.15384615384615385,1.0,0.4444444444444444,12,1.0,sparse obstacles; bottleneck; multiple alternative routes,medium,medium,low,medium,medium,25,6.162499994388781e-05,True,12,0.0,14,9.987500015995465e-05,True,12,0.6446540880503144,22,0.00012554199929581955,True,12,0.37735849056603776
random_rate0.3_seed43_s4-0_g14-7,43,20,0.3,random,"4,0","14,7",17.0,0.31,0.03,0.48188405797101447,0.05555555555555555,88,0.3188405797101449,3,0.16666666666666666,1.0,0.6363636363636364,17,1.0,dense obstacles; narrow corridor; bottleneck; multiple alternative routes; maze-like,medium,medium,low,high,high,53,0.00012000000060652383,True,17,0.0,38,0.00019950000023527537,True,17,0.3694029850746269,27,0.00016274999870802276,True,17,0.458955223880597
random_rate0.4_seed43_s2-4_g3-3,43,20,0.4,random,"2,4","3,3",6.0,0.4075,0.05,0.6329113924050633,0.42857142857142855,95,0.4008438818565401,5,0.7142857142857143,1.0,1.0,2,3.0,maze-like; large obstacle block; narrow corridor; bottleneck,low,high,high,high,high,11,2.383299943176098e-05,True,6,0.0,9,5.2583000069716945e-05,True,6,0.21153846153846154,10,5.1750001148320735e-05,True,6,0.8365384615384616
random_rate0.1_seed44_s6-13_g6-1,44,20,0.1,random,"6,13","6,1",14.0,0.13,0.015,0.12643678160919541,0.13333333333333333,7,0.020114942528735632,0,0.0,0.7647058823529411,0.7647058823529411,12,1.1666666666666667,open space,medium,low,high,low,low,22,6.212500011315569e-05,True,14,0.0,19,0.00013966600090498105,True,14,0.9393063583815029,20,0.00014208299944584724,True,14,0.43352601156069365
random_rate0.2_seed44_s13-18_g3-15,44,20,0.2,random,"13,18","3,15",13.0,0.225,0.02,0.25483870967741934,0.0,12,0.03870967741935484,0,0.0,1.0,0.6470588235294118,13,1.0,sparse obstacles; multiple alternative routes,medium,medium,low,medium,low,31,7.837500015739352e-05,True,13,0.0,14,0.0001314590008405503,True,13,0.8112582781456954,19,0.00013045800005784258,True,13,0.6324503311258278
random_rate0.3_seed44_s13-1_g17-8,44,20,0.3,random,"13,1","17,8",11.0,0.3325,0.03,0.4307116104868914,0.0,70,0.26217228464419473,1,0.08333333333333333,1.0,0.6,11,1.0,dense obstacles; narrow corridor; bottleneck; multiple alternative routes; maze-like,medium,high,low,medium,high,29,6.85420000081649e-05,True,11,0.0,12,8.891700053936802e-05,True,11,0.28627450980392155,13,8.908299969334621e-05,True,11,0.35294117647058826
random_rate0.4_seed44_s12-10_g6-9,44,20,0.4,random,"12,10","6,9",15.0,0.4275,0.0475,0.62882096069869,0.375,90,0.3930131004366812,10,0.625,1.0,0.8823529411764706,7,2.142857142857143,maze-like; narrow corridor; bottleneck,medium,high,high,high,high,42,8.945899935497437e-05,True,15,0.0,37,0.00017508299970359076,True,15,0.10091743119266056,22,0.0001170839987025829,True,15,0.7155963302752294
random_rate0.1_seed45_s15-14_g12-19,45,20,0.1,random,"15,14","12,19",8.0,0.1,0.005,0.09166666666666666,0.1111111111111111,5,0.013888888888888888,0,0.0,1.0,0.2,8,1.0,open space; multiple alternative routes,low,low,low,low,low,23,6.116599979577586e-05,True,8,0.0,9,7.512500087614171e-05,True,8,0.9805013927576601,27,0.00016329200116160791,True,8,0.4763231197771588
random_rate0.2_seed45_s1-11_g1-0,45,20,0.2,random,"1,11","1,0",15.0,0.185,0.015,0.18404907975460122,0.3125,6,0.018404907975460124,2,0.125,1.0,1.0,11,1.3636363636363635,sparse obstacles; bottleneck,medium,low,high,low,low,31,7.13339995854767e-05,True,15,0.0,20,0.00011341699973854702,True,15,0.8055555555555556,34,0.00017691599896352272,True,15,0.691358024691358
random_rate0.3_seed45_s4-14_g18-5,45,20,0.3,random,"4,14","18,5",23.0,0.2575,0.0275,0.2895622895622896,0.2916666666666667,27,0.09090909090909091,0,0.0,1.0,0.2631578947368421,23,1.0,dense obstacles; bottleneck; multiple alternative routes; maze-like,high,medium,low,medium,medium,78,0.0001867079990915954,True,23,0.0,34,0.00022462500055553392,True,23,0.5612244897959183,50,0.00028124999880674295,True,23,0.5578231292517006
random_rate0.4_seed45_s11-8_g19-4,45,20,0.4,random,"11,8","19,4",16.0,0.36,0.045,0.4765625,0.23529411764705882,64,0.25,8,0.47058823529411764,1.0,0.7894736842105263,12,1.3333333333333333,maze-like; narrow corridor; bottleneck,medium,high,high,high,high,29,6.362499880196992e-05,True,16,0.0,28,0.0001438330000382848,True,16,0.6060606060606061,23,0.00012520900054369122,True,16,0.7878787878787878
random_rate0.1_seed46_s1-16_g7-5,46,20,0.1,random,"1,16","7,5",17.0,0.11,0.0125,0.11235955056179775,0.05555555555555555,2,0.0056179775280898875,0,0.0,1.0,0.2413793103448276,17,1.0,open space; multiple alternative routes,medium,low,low,low,low,61,0.00015216700012388173,True,17,0.0,20,0.00014216700037650298,True,17,0.9747191011235955,39,0.00025558300148986746,True,17,0.7471910112359551
random_rate0.2_seed46_s18-19_g0-2,46,20,0.2,random,"18,19","0,2",35.0,0.2325,0.015,0.3322475570032573,0.19444444444444445,24,0.0781758957654723,4,0.1111111111111111,1.0,0.3090909090909091,35,1.0,sparse obstacles; bottleneck; multiple alternative routes,high,medium,low,medium,medium,153,0.000352625000232365,True,35,0.0,128,0.000629791000392288,True,35,0.5934426229508196,158,0.0007943340006022481,True,35,0.7967213114754098
random_rate0.3_seed46_s4-12_g5-6,46,20,0.3,random,"4,12","5,6",7.0,0.32,0.03,0.4963235294117647,0.0,63,0.23161764705882354,1,0.125,1.0,0.7777777777777778,7,1.0,dense obstacles; narrow corridor; bottleneck; maze-like,low,high,low,high,high,12,2.9082999390084296e-05,True,7,0.0,8,5.9083000451209955e-05,True,7,0.5371900826446281,8,5.4332998843165115e-05,True,7,0.9132231404958677
random_rate0.4_seed46_s17-8_g7-6,46,20,0.4,random,"17,8","7,6",16.0,0.4225,0.0875,0.683982683982684,0.47058823529411764,108,0.4675324675324675,10,0.5882352941176471,1.0,0.8888888888888888,12,1.3333333333333333,maze-like; large obstacle block; narrow corridor; bottleneck,medium,high,high,high,high,31,6.762500015611295e-05,True,16,0.0,27,0.00013233299978310242,True,16,0.4628099173553719,37,0.00017641600061324425,True,16,0.8760330578512396
random_rate0.1_seed47_s0-14_g19-15,47,20,0.1,random,"0,14","19,15",20.0,0.1225,0.0125,0.1282051282051282,0.0,6,0.017094017094017096,0,0.0,1.0,0.2,20,1.0,open space; multiple alternative routes,high,low,low,low,low,39,0.00010745799954747781,True,20,0.0,21,0.0001923750005516922,True,20,0.9259259259259259,23,0.00019304099987493828,True,20,0.26495726495726496
random_rate0.2_seed47_s0-12_g17-6,47,20,0.2,random,"0,12","17,6",23.0,0.195,0.0175,0.20186335403726707,0.125,15,0.046583850931677016,1,0.041666666666666664,1.0,0.92,23,1.0,sparse obstacles,high,medium,low,low,medium,44,0.00010870899859583005,True,23,0.0,29,0.0001789170000847662,True,23,0.832258064516129,27,0.0001817090014810674,True,23,0.8032258064516129
random_rate0.3_seed47_s9-15_g10-2,47,20,0.3,random,"9,15","10,2",16.0,0.2725,0.02,0.32646048109965636,0.0,38,0.13058419243986255,2,0.11764705882352941,1.0,0.7894736842105263,14,1.1428571428571428,dense obstacles; bottleneck; maze-like,medium,medium,medium,medium,medium,34,8.579199857194908e-05,True,16,0.0,25,0.0001609169994480908,True,16,0.6204379562043796,24,0.00015183300092758145,True,16,0.7153284671532847
random_rate0.4_seed47_s5-13_g18-8,47,20,0.4,random,"5,13","18,8",24.0,0.3725,0.03,0.5059760956175299,0.28,52,0.20717131474103587,0,0.0,0.6666666666666666,0.6129032258064516,18,1.3333333333333333,maze-like; narrow corridor; bottleneck; multiple alternative routes,high,high,high,high,medium,80,0.00018520799858379178,True,24,0.0,64,0.0003121250010735821,True,24,0.2864321608040201,78,0.00039724999987811316,True,24,0.38190954773869346
random_rate0.1_seed48_s7-3_g8-18,48,20,0.1,random,"7,3","8,18",20.0,0.105,0.0125,0.1005586592178771,0.0,4,0.0111731843575419,0,0.0,1.0,1.0,16,1.25,open space,high,low,high,low,low,64,0.00015883299965935294,True,20,0.0,37,0.00024275000032503158,True,20,0.611731843575419,44,0.000276708000455983,True,20,0.25977653631284914
random_rate0.2_seed48_s10-16_g15-13,48,20,0.2,random,"10,16","15,13",8.0,0.1975,0.02,0.2523364485981308,0.0,14,0.04361370716510903,0,0.0,1.0,0.2857142857142857,8,1.0,sparse obstacles; multiple alternative routes,low,medium,low,medium,low,17,4.2208999730064534e-05,True,8,0.0,9,6.150000081106555e-05,True,8,0.7554858934169278,13,7.962500058056321e-05,True,8,0.6990595611285266
random_rate0.3_seed48_s18-5_g14-3,48,20,0.3,random,"18,5","14,3",8.0,0.285,0.0375,0.38461538461538464,0.2222222222222222,32,0.11188811188811189,1,0.1111111111111111,1.0,1.0,6,1.3333333333333333,dense obstacles; narrow corridor; bottleneck; maze-like,low,medium,high,medium,medium,18,4.3666999772540294e-05,True,8,0.0,15,9.533299999020528e-05,True,8,0.4551971326164875,12,7.92499995441176e-05,True,8,0.6308243727598566
random_rate0.4_seed48_s7-2_g10-19,48,20,0.4,random,"7,2","10,19",38.0,0.36,0.055,0.51171875,0.2564102564102564,71,0.27734375,13,0.3333333333333333,1.0,0.6595744680851063,20,1.9,maze-like; large obstacle block; narrow corridor; bottleneck; multiple alternative routes,high,high,high,high,high,152,0.0003209169990441296,True,38,0.0,125,0.0005689999998139683,True,38,0.3492063492063492,122,0.0005593749992840458,True,38,0.42328042328042326
random_rate0.1_seed49_s18-2_g10-13,49,20,0.1,random,"18,2","10,13",19.0,0.105,0.01,0.09776536312849161,0.1,0,0.0,0,0.0,1.0,0.2903225806451613,19,1.0,open space; multiple alternative routes,high,low,low,low,low,61,0.00015212500147754326,True,19,0.0,35,0.00022787499983678572,True,19,0.9608938547486033,48,0.00028862499857496005,True,19,0.6759776536312849
random_rate0.2_seed49_s5-16_g1-12,49,20,0.2,random,"5,16","1,12",8.0,0.1975,0.015,0.24922118380062305,0.0,15,0.04672897196261682,0,0.0,1.0,0.38461538461538464,8,1.0,sparse obstacles; multiple alternative routes,low,medium,low,medium,medium,25,6.320800093817525e-05,True,8,0.0,9,7.379099952231627e-05,True,8,0.8566978193146417,25,0.0001348750010947697,True,8,0.7165109034267912
random_rate0.3_seed49_s17-9_g11-15,49,20,0.3,random,"17,9","11,15",12.0,0.32,0.035,0.4227941176470588,0.23076923076923078,47,0.17279411764705882,2,0.15384615384615385,1.0,0.8571428571428571,12,1.0,dense obstacles; narrow corridor; bottleneck; maze-like,medium,high,low,medium,medium,33,7.916600043245126e-05,True,12,0.0,22,0.00013479199878929649,True,12,0.2943396226415094,17,0.0001365000007353956,True,12,0.36981132075471695
random_rate0.4_seed49_s17-13_g15-11,49,20,0.4,random,"17,13","15,11",4.0,0.4,0.0525,0.5333333333333333,0.6,93,0.3875,3,0.6,1.0,1.0,4,1.0,maze-like; large obstacle block; narrow corridor; bottleneck,low,high,low,high,high,5,1.2167000022600405e-05,True,4,0.0,5,3.262499922129791e-05,True,4,0.4025974025974026,5,2.883300112443976e-05,True,4,0.974025974025974
random_rate0.1_seed5_s13-1_g2-1,5,20,0.1,random,"13,1","2,1",11.0,0.0975,0.0075,0.09141274238227147,0.0,6,0.01662049861495845,0,0.0,1.0,1.0,11,1.0,open space,medium,low,low,low,low,12,3.695800114655867e-05,True,11,0.0,12,0.00010695799937820993,True,11,0.8864265927977839,12,0.00010162499893340282,True,11,0.556786703601108
random_rate0.2_seed5_s16-15_g19-8,5,20,0.2,random,"16,15","19,8",12.0,0.2,0.0175,0.240625,0.15384615384615385,16,0.05,0,0.0,0.3,1.0,10,1.2,sparse obstacles; multiple alternative routes,medium,medium,high,medium,medium,33,7.550000009359792e-05,True,12,0.0,21,0.0001112080008169869,True,12,0.7665615141955836,16,0.00011395799992897082,True,12,0.861198738170347
random_rate0.3_seed5_s6-4_g5-14,5,20,0.3,random,"6,4","5,14",15.0,0.295,0.025,0.43617021276595747,0.25,30,0.10638297872340426,0,0.0,1.0,0.8823529411764706,11,1.3636363636363635,dense obstacles; narrow corridor; bottleneck; maze-like,medium,medium,high,medium,medium,54,0.00012766700092470273,True,15,0.0,48,0.0002637920006236527,True,15,0.5951417004048583,39,0.0002368339992244728,True,15,0.7732793522267206
random_rate0.4_seed5_s9-10_g6-16,5,20,0.4,random,"9,10","6,16",9.0,0.3875,0.06,0.5755102040816327,0.1,76,0.31020408163265306,0,0.0,1.0,0.5384615384615384,9,1.0,maze-like; large obstacle block; narrow corridor; bottleneck; multiple alternative routes,low,high,low,high,high,18,4.229099977237638e-05,True,9,0.0,10,6.58330009173369e-05,True,9,0.29473684210526313,10,6.912500066391658e-05,True,9,0.4789473684210526
random_rate0.1_seed50_s9-19_g9-1,50,20,0.1,random,"9,19","9,1",20.0,0.095,0.0075,0.08287292817679558,0.0,1,0.0027624309392265192,0,0.0,0.9090909090909091,0.2,18,1.1111111111111112,open space; multiple alternative routes,high,low,medium,low,low,51,0.0001320000010309741,True,20,0.0,21,0.00017474999913247302,True,20,0.9723756906077348,24,0.00019845800125040114,True,20,0.4088397790055249
random_rate0.2_seed50_s0-1_g10-3,50,20,0.2,random,"0,1","10,3",12.0,0.1775,0.015,0.1702127659574468,0.0,7,0.02127659574468085,0,0.0,1.0,0.08333333333333333,12,1.0,sparse obstacles; multiple alternative routes,medium,low,low,low,low,32,7.945799916342366e-05,True,12,0.0,13,0.00010804200064740144,True,12,0.8723404255319149,15,0.00011525000081746839,True,12,0.8267477203647416
random_rate0.3_seed50_s12-6_g10-2,50,20,0.3,random,"12,6","10,2",8.0,0.28,0.025,0.375,0.3333333333333333,42,0.14583333333333334,2,0.2222222222222222,1.0,0.8,6,1.3333333333333333,dense obstacles; narrow corridor; bottleneck; maze-like,low,medium,high,medium,medium,18,4.4083999455324374e-05,True,8,0.0,9,5.91669995628763e-05,True,8,0.34507042253521125,12,7.199999890872277e-05,True,8,0.44366197183098594
random_rate0.4_seed50_s8-11_g19-3,50,20,0.4,random,"8,11","19,3",45.0,0.4,0.045,0.5916666666666667,0.5869565217391305,98,0.4083333333333333,34,0.7391304347826086,0.9166666666666666,0.84,19,2.3684210526315788,maze-like; narrow corridor; bottleneck,high,high,high,high,high,135,0.00027391700132284313,True,45,0.0,131,0.0005585409999184776,True,45,0.06521739130434782,131,0.0005418750006356277,True,45,0.21014492753623187
random_rate0.1_seed51_s8-17_g6-10,51,20,0.1,random,"8,17","6,10",11.0,0.0925,0.0075,0.09641873278236915,0.08333333333333333,3,0.008264462809917356,0,0.0,0.3333333333333333,0.2631578947368421,9,1.2222222222222223,open space; multiple alternative routes,medium,low,high,low,low,37,0.00010529099927225616,True,11,0.0,19,0.00012429199887264986,True,11,0.6033057851239669,30,0.0001781250011845259,True,11,0.3415977961432507
random_rate0.2_seed51_s3-0_g1-7,51,20,0.2,random,"3,0","1,7",9.0,0.1925,0.015,0.24148606811145512,0.2,10,0.030959752321981424,1,0.1,1.0,0.42857142857142855,9,1.0,sparse obstacles; bottleneck; multiple alternative routes,low,medium,low,medium,low,21,5.279200013319496e-05,True,9,0.0,10,7.741599984001368e-05,True,9,0.246875,13,0.00010170799941988662,True,9,0.234375
random_rate0.3_seed51_s1-18_g7-8,51,20,0.3,random,"1,18","7,8",28.0,0.29,0.03,0.3626760563380282,0.20689655172413793,52,0.18309859154929578,9,0.3103448275862069,0.45,0.48717948717948717,16,1.75,dense obstacles; narrow corridor; bottleneck; multiple alternative routes; maze-like,high,medium,high,medium,medium,146,0.0003437079994910164,True,28,0.0,135,0.0006226249988685595,True,28,0.09191176470588236,138,0.0006140830009826459,True,28,0.1875
random_rate0.4_seed51_s0-16_g6-17,51,20,0.4,random,"0,16","6,17",13.0,0.36,0.0425,0.53125,0.42857142857142855,66,0.2578125,0,0.0,0.47368421052631576,0.3333333333333333,7,1.8571428571428572,maze-like; narrow corridor; bottleneck; multiple alternative routes,medium,high,high,high,high,36,7.733299935352989e-05,True,13,0.0,33,0.00015808399984962307,True,13,0.3391304347826087,30,0.00014287500016507693,True,13,0.4260869565217391
random_rate0.1_seed52_s11-17_g12-15,52,20,0.1,random,"11,17","12,15",3.0,0.1,0.0075,0.10277777777777777,0.0,3,0.008333333333333333,0,0.0,1.0,1.0,3,1.0,open space,low,low,low,low,low,5,1.5541998436674476e-05,True,3,0.0,4,3.379199915798381e-05,True,3,0.9805013927576601,5,3.7125000744708814e-05,True,3,0.3816155988857939
random_rate0.2_seed52_s7-13_g5-3,52,20,0.2,random,"7,13","5,3",16.0,0.2175,0.0225,0.2523961661341853,0.17647058823529413,13,0.04153354632587859,0,0.0,0.8888888888888888,0.5454545454545454,12,1.3333333333333333,sparse obstacles; multiple alternative routes,medium,medium,high,medium,low,53,0.0001253749996976694,True,16,0.0,38,0.00020441699962248094,True,16,0.6185897435897436,40,0.00021670800015272107,True,16,0.6538461538461539
random_rate0.3_seed52_s10-15_g12-13,52,20,0.3,random,"10,15","12,13",4.0,0.31,0.0275,0.4057971014492754,0.0,59,0.213768115942029,0,0.0,1.0,0.42857142857142855,4,1.0,dense obstacles; narrow corridor; bottleneck; multiple alternative routes; maze-like,low,medium,low,medium,high,7,1.8999999156221747e-05,True,4,0.0,5,4.162500044913031e-05,True,4,0.72,5,3.654099964478519e-05,True,4,0.824
random_rate0.4_seed52_s18-3_g17-3,52,20,0.4,random,"18,3","17,3",1.0,0.38,0.0525,0.5483870967741935,1.0,92,0.3709677419354839,1,0.5,1.0,1.0,1,1.0,maze-like; large obstacle block; narrow corridor; bottleneck,low,high,low,high,high,2,4.583000190905295e-06,True,1,0.0,2,1.300000076298602e-05,True,1,0.5714285714285714,2,1.049999991664663e-05,True,1,0.9285714285714286
random_rate0.1_seed53_s15-9_g4-19,53,20,0.1,random,"15,9","4,19",21.0,0.0825,0.005,0.09264305177111716,0.045454545454545456,3,0.008174386920980926,0,0.0,1.0,0.15789473684210525,21,1.0,open space; multiple alternative routes,high,low,low,low,low,121,0.0003537920001690509,True,21,0.0,41,0.0002714589991228422,True,21,0.9455040871934605,112,0.0006151669986138586,True,21,0.3133514986376022
random_rate0.2_seed53_s3-3_g3-18,53,20,0.2,random,"3,3","3,18",21.0,0.1925,0.0125,0.2043343653250774,0.18181818181818182,12,0.03715170278637771,2,0.09090909090909091,0.9130434782608695,0.76,15,1.4,sparse obstacles; bottleneck,high,medium,high,low,low,54,0.00014220899902284145,True,21,0.0,27,0.0001705840004433412,True,21,0.9006211180124224,38,0.00022304100093606394,True,21,0.41304347826086957
random_rate0.3_seed53_s7-8_g9-12,53,20,0.3,random,"7,8","9,12",6.0,0.27,0.0225,0.3458904109589041,0.0,25,0.08561643835616438,0,0.0,1.0,0.75,6,1.0,dense obstacles; bottleneck; maze-like,low,medium,low,medium,medium,11,2.858299922081642e-05,True,6,0.0,7,5.849999979545828e-05,True,6,0.6089965397923875,8,6.0165999457240105e-05,True,6,0.6366782006920415
random_rate0.4_seed53_s7-11_g16-5,53,20,0.4,random,"7,11","16,5",25.0,0.395,0.0525,0.5,0.34615384615384615,82,0.33884297520661155,15,0.5769230769230769,0.7931034482758621,0.9259259259259259,15,1.6666666666666667,maze-like; large obstacle block; narrow corridor; bottleneck,high,high,high,high,high,79,0.00016754200078139547,True,25,0.0,75,0.00033229200016648974,True,25,0.2783018867924528,63,0.0003025839996553259,True,25,0.5141509433962265
random_rate0.1_seed54_s3-18_g6-13,54,20,0.1,random,"3,18","6,13",8.0,0.095,0.005,0.0856353591160221,0.1111111111111111,4,0.011049723756906077,0,0.0,1.0,1.0,8,1.0,open space,low,low,low,low,low,21,5.433400110632647e-05,True,8,0.0,9,6.004200076858979e-05,True,8,0.9640883977900553,19,0.00011433300096541643,True,8,0.40331491712707185
random_rate0.2_seed54_s0-8_g6-18,54,20,0.2,random,"0,8","6,18",16.0,0.2,0.0125,0.209375,0.29411764705882354,14,0.04375,0,0.0,1.0,0.5454545454545454,16,1.0,sparse obstacles; multiple alternative routes,medium,medium,low,low,low,51,0.0001200420010718517,True,16,0.0,20,0.0001254580001841532,True,16,0.789308176100629,37,0.00019779099966399372,True,16,0.6509433962264151
random_rate0.3_seed54_s19-11_g0-4,54,20,0.3,random,"19,11","0,4",26.0,0.31,0.0275,0.40942028985507245,0.037037037037037035,34,0.12318840579710146,2,0.07407407407407407,1.0,0.8620689655172413,26,1.0,dense obstacles; narrow corridor; bottleneck; maze-like,high,medium,low,medium,medium,72,0.00016762500126787927,True,26,0.0,40,0.00024270899848488625,True,26,0.6639344262295082,50,0.00028862500039394945,True,26,0.8237704918032787
random_rate0.4_seed54_s11-3_g11-4,54,20,0.4,random,"11,3","11,4",1.0,0.4275,0.07,0.6200873362445415,0.0,96,0.4192139737991266,0,0.0,1.0,1.0,1,1.0,maze-like; large obstacle block; narrow corridor; bottleneck,low,high,low,high,high,2,5.625000994768925e-06,True,1,0.0,2,1.56660007633036e-05,True,1,0.39166666666666666,2,1.3540999134420417e-05,True,1,0.49166666666666664
random_rate0.1_seed55_s0-9_g19-15,55,20,0.1,random,"0,9","19,15",25.0,0.0875,0.01,0.0684931506849315,0.038461538461538464,4,0.010958904109589041,0,0.0,1.0,0.08333333333333333,25,1.0,open space; multiple alternative routes,high,low,low,low,low,132,0.0003242920010961825,True,25,0.0,28,0.0002303750006831251,True,25,0.9397260273972603,100,0.0005999169989081565,True,25,0.1726027397260274
random_rate0.2_seed55_s2-10_g13-19,55,20,0.2,random,"2,10","13,19",20.0,0.1625,0.02,0.1791044776119403,0.047619047619047616,7,0.020895522388059702,1,0.047619047619047616,1.0,0.16666666666666666,20,1.0,sparse obstacles; multiple alternative routes,high,low,low,low,low,102,0.0002479169997968711,True,20,0.0,40,0.0002422500001557637,True,20,0.9179331306990881,94,0.0005304999995132675,True,20,0.6139817629179332
random_rate0.3_seed55_s17-8_g1-18,55,20,0.3,random,"17,8","1,18",26.0,0.2825,0.025,0.37282229965156793,0.14814814814814814,35,0.12195121951219512,1,0.037037037037037035,1.0,0.5428571428571428,26,1.0,dense obstacles; narrow corridor; bottleneck; multiple alternative routes; maze-like,high,medium,low,medium,medium,113,0.00027749999935622327,True,26,0.0,79,0.00044779199924960267,True,26,0.60431654676259,75,0.00043612499939627014,True,26,0.9244604316546763
random_rate0.4_seed55_s19-10_g12-12,55,20,0.4,random,"19,10","12,12",13.0,0.3675,0.04,0.5375494071146245,0.35714285714285715,81,0.3201581027667984,4,0.2857142857142857,1.0,0.6666666666666666,9,1.4444444444444444,maze-like; narrow corridor; bottleneck; multiple alternative routes,medium,high,high,high,high,31,6.824999945820309e-05,True,13,0.0,24,0.00012379100007819943,True,13,0.4,23,0.00012887499906355515,False,15,0.8439024390243902
random_rate0.1_seed56_s14-16_g11-3,56,20,0.1,random,"14,16","11,3",16.0,0.0825,0.005,0.09264305177111716,0.0,3,0.008174386920980926,0,0.0,1.0,0.0625,16,1.0,open space; multiple alternative routes,medium,low,low,low,low,51,0.00013233400022727437,True,16,0.0,17,0.0001482500010752119,True,16,0.9808219178082191,33,0.00021620900042762514,True,16,0.40273972602739727
random_rate0.2_seed56_s4-0_g19-13,56,20,0.2,random,"4,0","19,13",28.0,0.205,0.0125,0.2578616352201258,0.10344827586206896,20,0.06289308176100629,1,0.034482758620689655,1.0,0.09433962264150944,28,1.0,sparse obstacles; multiple alternative routes,high,medium,low,medium,medium,117,0.0002696660012588836,True,28,0.0,56,0.00029395799901976716,True,28,0.7854889589905363,89,0.0004661670009227237,True,28,0.38801261829652994
random_rate0.3_seed56_s9-19_g19-13,56,20,0.3,random,"9,19","19,13",16.0,0.31,0.04,0.42028985507246375,0.0,46,0.16666666666666666,0,0.0,1.0,0.0625,16,1.0,dense obstacles; narrow corridor; bottleneck; multiple alternative routes; maze-like,medium,medium,low,medium,medium,41,9.308300104748923e-05,True,16,0.0,22,0.00013366700113692787,True,16,0.7283018867924528,20,0.00013679099902219605,True,16,0.8528301886792453
random_rate0.4_seed56_s5-15_g19-1,56,20,0.4,random,"5,15","19,1",36.0,0.375,0.0425,0.572,0.3783783783783784,123,0.492,27,0.7297297297297297,0.9473684210526315,0.8974358974358975,28,1.2857142857142858,maze-like; narrow corridor; bottleneck,high,high,high,high,high,83,0.0001844589987740619,True,36,0.0,95,0.00045341599980019964,True,36,0.3025210084033613,102,0.0004509169993980322,True,36,0.5252100840336135
random_rate0.1_seed57_s7-1_g17-1,57,20,0.1,random,"7,1","17,1",10.0,0.0925,0.005,0.08264462809917356,0.0,3,0.008264462809917356,0,0.0,1.0,1.0,10,1.0,open space,low,low,low,low,low,11,3.670799924293533e-05,True,10,0.0,11,0.00010495800052012783,True,10,0.9256198347107438,11,0.00010054199992737267,True,10,0.3305785123966942
random_rate0.2_seed57_s18-4_g4-5,57,20,0.2,random,"18,4","4,5",17.0,0.21,0.025,0.25,0.3333333333333333,13,0.04113924050632911,0,0.0,1.0,0.05263157894736842,15,1.1333333333333333,sparse obstacles; multiple alternative routes,medium,medium,medium,medium,low,36,8.720799996808637e-05,True,17,0.0,18,0.00013337500058696605,True,17,0.767515923566879,51,0.00030241700005717576,False,21,0.8694267515923567
random_rate0.3_seed57_s12-5_g0-14,57,20,0.3,random,"12,5","0,14",27.0,0.32,0.035,0.4632352941176471,0.35714285714285715,39,0.14338235294117646,2,0.07142857142857142,1.0,0.2,21,1.2857142857142858,dense obstacles; narrow corridor; bottleneck; multiple alternative routes; maze-like,high,high,high,high,medium,108,0.0002329579983779695,True,27,0.0,101,0.00047087500024645124,True,27,0.23484848484848486,99,0.0004573339992930414,False,31,0.4318181818181818
random_rate0.4_seed57_s13-4_g14-7,57,20,0.4,random,"13,4","14,7",4.0,0.4275,0.075,0.6506550218340611,0.4,106,0.462882096069869,4,0.8,1.0,1.0,4,1.0,maze-like; large obstacle block; narrow corridor; bottleneck,low,high,low,high,high,5,1.300000076298602e-05,True,4,0.0,5,3.341599949635565e-05,True,4,0.5686274509803921,8,4.666699896915816e-05,True,4,1.0
random_rate0.1_seed58_s16-15_g19-5,58,20,0.1,random,"16,15","19,5",13.0,0.075,0.005,0.06486486486486487,0.0,2,0.005405405405405406,0,0.0,1.0,0.6470588235294118,13,1.0,open space; multiple alternative routes,medium,low,low,low,low,42,0.00010325000039301813,True,13,0.0,14,0.00012233300003572367,True,13,0.9756756756756757,21,0.0003721670000231825,True,13,0.4486486486486487
random_rate0.2_seed58_s17-12_g18-9,58,20,0.2,random,"17,12","18,9",4.0,0.1875,0.01,0.24615384615384617,0.0,24,0.07384615384615385,0,0.0,1.0,0.6666666666666666,4,1.0,sparse obstacles; multiple alternative routes,low,low,low,medium,medium,8,2.3582999347127043e-05,True,4,0.0,5,4.8207999498117715e-05,True,4,0.8061538461538461,6,4.837499909626786e-05,True,4,0.5384615384615384
random_rate0.3_seed58_s3-9_g18-1,58,20,0.3,random,"3,9","18,1",31.0,0.285,0.02,0.3811188811188811,0.1875,47,0.16433566433566432,1,0.03125,0.7297297297297297,0.4883720930232558,23,1.3478260869565217,dense obstacles; narrow corridor; bottleneck; multiple alternative routes; maze-like,high,medium,high,medium,medium,148,0.00031670899988966994,True,31,0.0,121,0.0005584589998761658,True,31,0.11071428571428571,95,0.0004701249999925494,True,31,0.1
random_rate0.4_seed58_s16-19_g16-11,58,20,0.4,random,"16,19","16,11",12.0,0.3975,0.05,0.5269709543568465,0.3076923076923077,81,0.3360995850622407,5,0.38461538461538464,1.0,0.4444444444444444,8,1.5,maze-like; large obstacle block; narrow corridor; bottleneck; multiple alternative routes,medium,high,high,high,high,21,5.0833001296268776e-05,True,12,0.0,15,9.883299935609102e-05,True,12,0.44366197183098594,14,9.020799916470423e-05,True,12,0.43661971830985913
random_rate0.1_seed59_s10-17_g2-15,59,20,0.1,random,"10,17","2,15",10.0,0.095,0.005,0.07734806629834254,0.0,1,0.0027624309392265192,0,0.0,1.0,1.0,10,1.0,open space,low,low,low,low,low,20,5.4417001592810266e-05,True,10,0.0,11,9.566600056132302e-05,True,10,0.9281767955801105,13,9.616699935577344e-05,True,10,0.643646408839779
random_rate0.2_seed59_s0-10_g14-0,59,20,0.2,random,"0,10","14,0",24.0,0.21,0.015,0.2468354430379747,0.08,13,0.04113924050632911,1,0.04,1.0,0.3157894736842105,24,1.0,sparse obstacles; multiple alternative routes,high,medium,low,medium,low,71,0.0001638329995330423,True,24,0.0,42,0.00023158299882197753,True,24,0.8419354838709677,74,0.0003982500002166489,True,24,0.5548387096774193
random_rate0.3_seed59_s0-8_g11-5,59,20,0.3,random,"0,8","11,5",20.0,0.315,0.035,0.4343065693430657,0.2857142857142857,34,0.12408759124087591,1,0.047619047619047616,1.0,0.68,14,1.4285714285714286,dense obstacles; narrow corridor; bottleneck; multiple alternative routes; maze-like,high,medium,high,medium,medium,49,0.00010929200107057113,True,20,0.0,42,0.00026154199986194726,True,20,0.5172413793103449,38,0.00019662500017147977,True,20,0.6168582375478927
random_rate0.4_seed59_s10-8_g3-4,59,20,0.4,random,"10,8","3,4",21.0,0.4025,0.05,0.5606694560669456,0.2727272727272727,65,0.2719665271966527,12,0.5454545454545454,1.0,0.8333333333333334,11,1.9090909090909092,maze-like; large obstacle block; narrow corridor; bottleneck,high,high,high,high,high,71,0.00015924999934213702,True,21,0.0,69,0.0003455840014794376,True,21,0.12,49,0.0002508329998818226,True,21,0.305
random_rate0.1_seed6_s19-8_g16-7,6,20,0.1,random,"19,8","16,7",4.0,0.1075,0.01,0.10364145658263306,0.2,2,0.0056022408963585435,0,0.0,1.0,1.0,4,1.0,open space,low,low,low,low,low,7,1.8415999875287525e-05,True,4,0.0,5,3.991700032202061e-05,True,4,0.8879551820728291,5,3.737500082934275e-05,True,4,0.49299719887955185
random_rate0.2_seed6_s4-1_g13-15,6,20,0.2,random,"4,1","13,15",35.0,0.2275,0.0175,0.3365695792880259,0.2222222222222222,32,0.10355987055016182,0,0.0,0.38461538461538464,0.2,23,1.5217391304347827,sparse obstacles; bottleneck; multiple alternative routes,high,medium,high,medium,medium,222,0.0004972910010110354,True,35,0.0,162,0.0007681249990127981,True,35,0.44155844155844154,168,0.001043250000293483,True,35,0.36363636363636365
random_rate0.3_seed6_s18-7_g4-13,6,20,0.3,random,"18,7","4,13",20.0,0.2975,0.0175,0.47330960854092524,0.42857142857142855,52,0.18505338078291814,7,0.3333333333333333,1.0,0.9090909090909091,20,1.0,dense obstacles; narrow corridor; bottleneck; maze-like,high,medium,low,high,medium,43,9.804100045585074e-05,True,20,0.0,32,0.00018037500012724195,True,20,0.526595744680851,42,0.00022454200006905012,True,20,0.6914893617021277
random_rate0.4_seed6_s17-19_g13-18,6,20,0.4,random,"17,19","13,18",9.0,0.395,0.055,0.5785123966942148,0.2,95,0.3925619834710744,3,0.3,1.0,0.8181818181818182,5,1.8,maze-like; large obstacle block; narrow corridor; bottleneck,low,high,high,high,high,19,4.379199890536256e-05,True,9,0.0,15,8.629200056020636e-05,True,9,0.55,16,9.054200017999392e-05,True,9,0.8833333333333333
random_rate0.1_seed60_s17-7_g2-3,60,20,0.1,random,"17,7","2,3",19.0,0.0925,0.005,0.0881542699724518,0.0,1,0.0027548209366391185,1,0.05,1.0,0.3333333333333333,19,1.0,open space; multiple alternative routes,high,low,low,low,low,68,0.00016841700016811956,True,19,0.0,20,0.00016358300126739778,True,19,0.9228650137741047,41,0.00025749999986146577,True,19,0.33608815426997246
random_rate0.2_seed60_s8-10_g18-15,60,20,0.2,random,"8,10","18,15",17.0,0.19,0.015,0.21604938271604937,0.1111111111111111,9,0.027777777777777776,0,0.0,0.5,0.38461538461538464,15,1.1333333333333333,sparse obstacles; multiple alternative routes,medium,low,medium,low,low,44,0.00010600000132399146,True,17,0.0,27,0.00015741700008220505,True,17,0.6049382716049383,28,0.00017833300080383196,True,17,0.3148148148148148
random_rate0.3_seed60_s17-16_g19-7,60,20,0.3,random,"17,16","19,7",11.0,0.2925,0.025,0.4169611307420495,0.3333333333333333,35,0.12367491166077739,0,0.0,1.0,0.8461538461538461,11,1.0,dense obstacles; narrow corridor; bottleneck; maze-like,medium,medium,low,medium,medium,16,3.9165999623946846e-05,True,11,0.0,14,8.216599962906912e-05,True,11,0.32014388489208634,19,0.00010208400090050418,True,11,0.5683453237410072
random_rate0.4_seed60_s6-4_g4-5,60,20,0.4,random,"6,4","4,5",3.0,0.3925,0.0675,0.5390946502057613,0.25,69,0.2839506172839506,0,0.0,1.0,1.0,3,1.0,maze-like; large obstacle block; narrow corridor; bottleneck,low,high,low,high,high,6,1.487500048824586e-05,True,3,0.0,4,2.9625000024680048e-05,True,3,0.48484848484848486,4,3.200000173819717e-05,True,3,0.9696969696969697
random_rate0.1_seed61_s5-9_g0-9,61,20,0.1,random,"5,9","0,9",5.0,0.1,0.01,0.08611111111111111,0.0,5,0.013888888888888888,0,0.0,1.0,1.0,5,1.0,open space,low,low,low,low,low,6,2.3167000108514912e-05,True,5,0.0,6,6.912500066391658e-05,True,5,0.9860335195530726,6,5.7209001170122065e-05,True,5,0.26536312849162014
random_rate0.2_seed61_s17-10_g2-14,61,20,0.2,random,"17,10","2,14",21.0,0.215,0.0125,0.25796178343949044,0.09090909090909091,34,0.10828025477707007,2,0.09090909090909091,1.0,1.0,19,1.105263157894737,sparse obstacles; bottleneck,high,medium,medium,medium,medium,84,0.00020133399993937928,True,21,0.0,69,0.00038058300015109126,True,21,0.3870967741935484,79,0.0004297499999665888,True,21,0.2709677419354839
random_rate0.3_seed61_s10-9_g9-7,61,20,0.3,random,"10,9","9,7",3.0,0.3275,0.035,0.4646840148698885,0.0,52,0.19330855018587362,0,0.0,1.0,0.3333333333333333,3,1.0,dense obstacles; narrow corridor; bottleneck; multiple alternative routes; maze-like,low,high,low,high,medium,6,1.5833000361453742e-05,True,3,0.0,4,2.9875000109313987e-05,True,3,0.516260162601626,6,3.833399932773318e-05,True,3,0.6341463414634146
random_rate0.4_seed61_s8-15_g13-13,61,20,0.4,random,"8,15","13,13",7.0,0.43,0.05,0.6228070175438597,0.125,84,0.3684210526315789,5,0.625,1.0,1.0,7,1.0,maze-like; large obstacle block; narrow corridor; bottleneck,low,high,low,high,high,12,3.07079990307102e-05,True,7,0.0,9,6.429200038837735e-05,True,7,0.4557823129251701,9,6.129200119175948e-05,True,7,0.7006802721088435
random_rate0.1_seed62_s0-10_g3-3,62,20,0.1,random,"0,10","3,3",10.0,0.1125,0.0125,0.12394366197183099,0.0,8,0.022535211267605635,0,0.0,1.0,0.1,10,1.0,open space; multiple alternative routes,low,low,low,low,low,32,8.04999999672873e-05,True,10,0.0,11,8.333300138474442e-05,True,10,0.9492957746478873,11,9.529199996904936e-05,True,10,0.43661971830985913
random_rate0.2_seed62_s18-16_g14-17,62,20,0.2,random,"18,16","14,17",5.0,0.2,0.0175,0.234375,0.0,19,0.059375,1,0.16666666666666666,1.0,1.0,5,1.0,sparse obstacles; bottleneck,low,medium,low,medium,medium,9,2.5458000891376287e-05,True,5,0.0,6,4.970800000592135e-05,True,5,0.7917981072555205,6,5.1916000302298926e-05,True,5,0.45741324921135645
random_rate0.3_seed62_s13-14_g12-3,62,20,0.3,random,"13,14","12,3",14.0,0.3225,0.0275,0.3837638376383764,0.13333333333333333,61,0.22509225092250923,5,0.3333333333333333,1.0,0.6666666666666666,12,1.1666666666666667,dense obstacles; narrow corridor; bottleneck; multiple alternative routes; maze-like,medium,high,high,medium,high,34,9.449999924981967e-05,True,14,0.0,18,0.00012100000094505958,True,14,0.26848249027237353,18,0.0001336249988526106,True,14,0.4785992217898833
random_rate0.4_seed62_s16-6_g12-9,62,20,0.4,random,"16,6","12,9",7.0,0.44,0.0475,0.6473214285714286,0.0,89,0.39732142857142855,5,0.625,1.0,0.6,7,1.0,maze-like; narrow corridor; bottleneck; multiple alternative routes,low,high,low,high,high,15,3.779200051212683e-05,True,7,0.0,12,7.537499914178625e-05,True,7,0.49206349206349204,8,5.391700142354239e-05,True,7,0.9841269841269841
random_rate0.1_seed63_s14-19_g16-10,63,20,0.1,random,"14,19","16,10",11.0,0.0875,0.005,0.08767123287671233,0.0,4,0.010958904109589041,0,0.0,1.0,0.5,11,1.0,open space; multiple alternative routes,medium,low,low,low,low,28,7.220800034701824e-05,True,11,0.0,12,9.370900079375133e-05,True,11,0.9780821917808219,18,0.00012204099948576186,True,11,0.5561643835616439
random_rate0.2_seed63_s9-9_g12-5,63,20,0.2,random,"9,9","12,5",7.0,0.175,0.01,0.20303030303030303,0.125,10,0.030303030303030304,0,0.0,1.0,1.0,7,1.0,sparse obstacles,low,low,low,low,low,10,3.058400034205988e-05,True,7,0.0,8,6.008300078974571e-05,True,7,0.8054711246200608,8,5.4332998843165115e-05,True,7,0.6139817629179332
random_rate0.3_seed63_s0-0_g1-16,63,20,0.3,random,"0,0","1,16",25.0,0.2875,0.0175,0.42105263157894735,0.19230769230769232,42,0.14736842105263157,5,0.19230769230769232,1.0,0.9259259259259259,17,1.4705882352941178,dense obstacles; narrow corridor; bottleneck; maze-like,high,medium,high,medium,medium,51,0.0001285839989577653,True,25,0.0,45,0.0002462920001562452,True,25,0.34657039711191334,45,0.00024145899988070596,True,25,0.4584837545126354
random_rate0.4_seed63_s16-1_g13-13,63,20,0.4,random,"16,1","13,13",17.0,0.4025,0.05,0.6443514644351465,0.3333333333333333,97,0.40585774058577406,11,0.6111111111111112,0.8947368421052632,0.8,15,1.1333333333333333,maze-like; large obstacle block; narrow corridor; bottleneck,medium,high,medium,high,high,35,8.120799975586124e-05,True,17,0.0,29,0.00016329200116160791,True,17,0.6756756756756757,31,0.0001956670002982719,True,17,1.0
random_rate0.1_seed64_s3-10_g12-8,64,20,0.1,random,"3,10","12,8",11.0,0.11,0.0125,0.10674157303370786,0.0,3,0.008426966292134831,0,0.0,1.0,0.4117647058823529,11,1.0,open space; multiple alternative routes,medium,low,low,low,low,28,0.00012341699948592577,True,11,0.0,12,0.00011837499914690852,True,11,0.9578651685393258,20,0.00014112499957263935,True,11,0.3455056179775281
random_rate0.2_seed64_s19-9_g8-14,64,20,0.2,random,"19,9","8,14",20.0,0.2125,0.0175,0.21904761904761905,0.19047619047619047,29,0.09206349206349207,3,0.14285714285714285,1.0,0.4482758620689655,16,1.25,sparse obstacles; bottleneck; multiple alternative routes,high,medium,high,low,medium,63,0.00014687499970023055,True,20,0.0,29,0.00017212499915331136,True,20,0.7174603174603175,37,0.00021304199981386773,True,20,0.7301587301587301
random_rate0.3_seed64_s8-0_g7-1,64,20,0.3,random,"8,0","7,1",2.0,0.31,0.035,0.35144927536231885,0.3333333333333333,48,0.17391304347826086,2,0.6666666666666666,1.0,1.0,2,1.0,dense obstacles; narrow corridor; bottleneck; maze-like,low,medium,low,medium,medium,3,6.666999979643151e-06,True,2,0.0,3,1.658300061535556e-05,True,2,0.4302788844621514,3,1.4917000953573734e-05,True,2,0.5976095617529881
random_rate0.4_seed64_s12-16_g15-16,64,20,0.4,random,"12,16","15,16",5.0,0.4075,0.07,0.5021097046413502,0.16666666666666666,78,0.3291139240506329,1,0.16666666666666666,1.0,0.7142857142857143,3,1.6666666666666667,maze-like; large obstacle block; narrow corridor; bottleneck; multiple alternative routes,low,high,high,high,high,8,2.5834000553004444e-05,True,5,0.0,7,5.433300066215452e-05,True,5,0.4716981132075472,7,5.2833000154350884e-05,True,5,0.8427672955974843
random_rate0.1_seed65_s9-5_g10-3,65,20,0.1,random,"9,5","10,3",3.0,0.1,0.0075,0.10277777777777777,0.25,6,0.016666666666666666,0,0.0,1.0,0.6,3,1.0,open space; multiple alternative routes,low,low,low,low,low,6,1.6583999240538105e-05,True,3,0.0,4,3.366700002516154e-05,True,3,0.9,4,3.35000004270114e-05,True,3,0.37777777777777777
random_rate0.2_seed65_s6-3_g0-16,65,20,0.2,random,"6,3","0,16",21.0,0.21,0.015,0.2310126582278481,0.045454545454545456,18,0.056962025316455694,1,0.045454545454545456,1.0,0.9130434782608695,19,1.105263157894737,sparse obstacles,high,medium,medium,medium,medium,105,0.00023424999926646706,True,21,0.0,86,0.0004400829984660959,True,21,0.20192307692307693,35,0.00023424999926646706,True,21,0.7596153846153846
random_rate0.3_seed65_s10-4_g2-3,65,20,0.3,random,"10,4","2,3",11.0,0.31,0.0225,0.39492753623188404,0.16666666666666666,51,0.18478260869565216,1,0.08333333333333333,1.0,1.0,9,1.2222222222222223,dense obstacles; narrow corridor; bottleneck; maze-like,medium,medium,high,medium,medium,19,4.662500032281969e-05,True,11,0.0,13,8.583300041209441e-05,True,11,0.648854961832061,17,0.00011779200031014625,True,11,0.7290076335877863
random_rate0.4_seed65_s14-1_g11-2,65,20,0.4,random,"14,1","11,2",4.0,0.3875,0.0325,0.5102040816326531,0.4,62,0.2530612244897959,5,1.0,1.0,1.0,4,1.0,maze-like; narrow corridor; bottleneck,low,high,low,high,high,5,1.2874999811174348e-05,True,4,0.0,5,3.412500154809095e-05,True,4,0.46733668341708545,5,3.1042000045999885e-05,True,4,0.8743718592964824
random_rate0.1_seed66_s10-12_g11-17,66,20,0.1,random,"10,12","11,17",6.0,0.1025,0.0125,0.09749303621169916,0.0,7,0.019498607242339833,0,0.0,1.0,0.75,6,1.0,open space,low,low,low,low,low,11,3.141699926345609e-05,True,6,0.0,7,6.166699859022629e-05,True,6,0.9665738161559888,8,6.283299990172964e-05,True,6,0.48467966573816157
random_rate0.2_seed66_s14-13_g5-7,66,20,0.2,random,"14,13","5,7",15.0,0.2075,0.015,0.2807570977917981,0.0625,20,0.06309148264984227,0,0.0,1.0,0.45454545454545453,15,1.0,sparse obstacles; multiple alternative routes,medium,medium,low,medium,medium,52,0.00012475000039557926,True,15,0.0,16,0.00012187500033178367,True,15,0.726984126984127,36,0.00021870799901080318,True,15,0.653968253968254
random_rate0.3_seed66_s14-14_g17-1,66,20,0.3,random,"14,14","17,1",20.0,0.315,0.0425,0.4562043795620438,0.19047619047619047,50,0.18248175182481752,6,0.2857142857142857,1.0,0.9090909090909091,16,1.25,dense obstacles; narrow corridor; bottleneck; maze-like,high,medium,high,high,medium,66,0.00023554200015496463,True,20,0.0,45,0.00023637499907636084,True,20,0.4317343173431734,52,0.00025920799998857547,True,20,0.4870848708487085
random_rate0.4_seed66_s0-6_g7-7,66,20,0.4,random,"0,6","7,7",12.0,0.42,0.0575,0.625,0.5384615384615384,66,0.28448275862068967,10,0.7692307692307693,1.0,1.0,8,1.5,maze-like; large obstacle block; narrow corridor; bottleneck,medium,high,high,high,high,20,4.429200089361984e-05,True,12,0.0,19,0.00010008299977926072,True,12,0.43333333333333335,21,0.00010808300066855736,True,12,0.7619047619047619
random_rate0.1_seed67_s6-13_g16-5,67,20,0.1,random,"6,13","16,5",18.0,0.125,0.01,0.14857142857142858,0.05263157894736842,6,0.017142857142857144,0,0.0,1.0,0.26666666666666666,18,1.0,open space; multiple alternative routes,medium,low,low,low,low,64,0.00036004200046590995,True,18,0.0,23,0.00016033299834816717,True,18,0.9426934097421203,55,0.0003280419987277128,True,18,0.6446991404011462
random_rate0.2_seed67_s13-13_g6-19,67,20,0.2,random,"13,13","6,19",13.0,0.2175,0.0125,0.28434504792332266,0.35714285714285715,8,0.025559105431309903,0,0.0,1.0,0.4,13,1.0,sparse obstacles; multiple alternative routes,medium,medium,low,medium,low,32,7.441599882440642e-05,True,13,0.0,14,9.066699931281619e-05,True,13,0.7652733118971061,27,0.00015216599967970978,True,13,0.7427652733118971
random_rate0.3_seed67_s15-6_g14-18,67,20,0.3,random,"15,6","14,18",17.0,0.2975,0.02,0.4128113879003559,0.3888888888888889,29,0.10320284697508897,1,0.05555555555555555,1.0,0.6363636363636364,13,1.3076923076923077,dense obstacles; narrow corridor; bottleneck; multiple alternative routes; maze-like,medium,medium,high,medium,medium,36,8.337500003108289e-05,True,17,0.0,25,0.0001421249999111751,True,17,0.08487084870848709,22,0.0001295830006711185,True,17,0.3025830258302583
random_rate0.4_seed67_s1-0_g10-2,67,20,0.4,random,"1,0","10,2",21.0,0.4025,0.05,0.5899581589958159,0.22727272727272727,103,0.4309623430962343,13,0.5909090909090909,0.5172413793103449,0.41935483870967744,11,1.9090909090909092,maze-like; large obstacle block; narrow corridor; bottleneck; multiple alternative routes,high,high,high,high,high,46,9.750000026542693e-05,True,21,0.0,46,0.00022354199973051436,True,21,0.5084745762711864,49,0.00022995800100034103,True,21,0.6271186440677966
random_rate0.1_seed68_s16-10_g12-15,68,20,0.1,random,"16,10","12,15",9.0,0.1025,0.005,0.11420612813370473,0.0,10,0.027855153203342618,0,0.0,1.0,0.17647058823529413,9,1.0,open space; multiple alternative routes,low,low,low,low,low,27,6.816600034653675e-05,True,9,0.0,10,8.579199857194908e-05,True,9,0.9610027855153204,21,0.00014687499970023055,True,9,0.5236768802228412
random_rate0.2_seed68_s4-13_g9-12,68,20,0.2,random,"4,13","9,12",6.0,0.2,0.015,0.259375,0.14285714285714285,33,0.103125,0,0.0,1.0,0.4,6,1.0,sparse obstacles; bottleneck; multiple alternative routes,low,medium,low,medium,medium,10,2.5499999537714757e-05,True,6,0.0,7,5.108299956191331e-05,True,6,0.9516129032258065,8,5.2374998631421477e-05,True,6,0.9032258064516129
random_rate0.3_seed68_s18-7_g0-16,68,20,0.3,random,"18,7","0,16",31.0,0.3075,0.0275,0.4693140794223827,0.25,54,0.19494584837545126,4,0.125,1.0,0.2692307692307692,27,1.1481481481481481,dense obstacles; narrow corridor; bottleneck; multiple alternative routes; maze-like,high,medium,medium,high,high,132,0.0002868330011551734,True,31,0.0,108,0.000501292000990361,True,31,0.16044776119402984,95,0.00046424999891314656,False,33,0.8619402985074627
random_rate0.4_seed68_s7-8_g0-0,68,20,0.4,random,"7,8","0,0",15.0,0.3975,0.0875,0.6141078838174274,0.4375,95,0.3941908713692946,7,0.4375,1.0,1.0,15,1.0,maze-like; large obstacle block; narrow corridor; bottleneck,medium,high,low,high,high,24,5.2207999033271335e-05,True,15,0.0,21,0.00010862499948416371,True,15,0.34615384615384615,102,0.000444499999503023,True,15,0.9551282051282052
random_rate0.1_seed69_s3-16_g15-9,69,20,0.1,random,"3,16","15,9",19.0,0.1,0.0075,0.10277777777777777,0.0,3,0.008333333333333333,0,0.0,1.0,0.3793103448275862,19,1.0,open space; multiple alternative routes,high,low,low,low,low,88,0.00021733399989898317,True,19,0.0,29,0.00019166700076311827,True,19,0.85,70,0.0004078330002812436,True,19,0.3972222222222222
random_rate0.2_seed69_s17-18_g3-12,69,20,0.2,random,"17,18","3,12",24.0,0.2225,0.02,0.2733118971061093,0.16,29,0.0932475884244373,3,0.12,1.0,0.9230769230769231,20,1.2,sparse obstacles; bottleneck,high,medium,high,medium,medium,79,0.00017549999938637484,True,24,0.0,63,0.00032895900039875414,True,24,0.22580645161290322,64,0.00034241699904669076,True,24,0.35161290322580646
random_rate0.3_seed69_s10-16_g8-13,69,20,0.3,random,"10,16","8,13",7.0,0.3225,0.035,0.42435424354243545,0.5,80,0.2952029520295203,5,0.625,1.0,1.0,5,1.4,dense obstacles; narrow corridor; bottleneck; maze-like,low,high,high,medium,high,11,2.366700027778279e-05,True,7,0.0,10,5.375000000640284e-05,True,7,0.2876712328767123,8,6.491699969046749e-05,True,7,0.4452054794520548
random_rate0.4_seed69_s5-5_g12-0,69,20,0.4,random,"5,5","12,0",12.0,0.42,0.0525,0.5818965517241379,0.46153846153846156,88,0.3793103448275862,8,0.6153846153846154,1.0,1.0,12,1.0,maze-like; large obstacle block; narrow corridor; bottleneck,medium,high,low,high,high,23,5.3916999604552984e-05,True,12,0.0,18,0.00010141700113308616,True,12,0.4,18,9.870800022326875e-05,True,12,0.9375
random_rate0.1_seed7_s6-3_g13-12,7,20,0.1,random,"6,3","13,12",16.0,0.11,0.005,0.10955056179775281,0.058823529411764705,6,0.016853932584269662,0,0.0,1.0,0.0967741935483871,16,1.0,open space; multiple alternative routes,medium,low,low,low,low,63,0.0001629999987926567,True,16,0.0,17,0.00013162499999452848,True,16,0.9775280898876404,49,0.000326750001477194,True,16,0.4747191011235955
random_rate0.2_seed7_s15-18_g13-15,7,20,0.2,random,"15,18","13,15",5.0,0.2325,0.015,0.2899022801302932,0.16666666666666666,20,0.06514657980456026,0,0.0,1.0,0.7142857142857143,5,1.0,sparse obstacles; multiple alternative routes,low,medium,low,medium,medium,8,2.0292000044719316e-05,True,5,0.0,7,4.57500009360956e-05,True,5,0.8085808580858086,6,3.933299922209699e-05,True,5,0.8811881188118812
random_rate0.3_seed7_s10-10_g10-3,7,20,0.3,random,"10,10","10,3",9.0,0.335,0.025,0.45112781954887216,0.1,71,0.2669172932330827,0,0.0,0.6666666666666666,0.6666666666666666,7,1.2857142857142858,dense obstacles; narrow corridor; bottleneck; multiple alternative routes; maze-like,low,high,high,high,high,18,4.587500006891787e-05,True,9,0.0,10,7.69159996707458e-05,True,9,0.6434108527131783,13,8.604200047557242e-05,True,9,0.6162790697674418
random_rate0.4_seed7_s11-19_g14-18,7,20,0.4,random,"11,19","14,18",4.0,0.43,0.08,0.5657894736842105,0.4,86,0.37719298245614036,1,0.2,1.0,1.0,4,1.0,maze-like; large obstacle block; narrow corridor; bottleneck,low,high,low,high,high,6,1.4332999853650108e-05,True,4,0.0,5,3.258399920014199e-05,True,4,0.518918918918919,5,2.8833999749622308e-05,True,4,0.7513513513513513
random_rate0.1_seed70_s19-16_g8-6,70,20,0.1,random,"19,16","8,6",21.0,0.0825,0.005,0.08991825613079019,0.045454545454545456,3,0.008174386920980926,0,0.0,1.0,0.07317073170731707,21,1.0,open space; multiple alternative routes,high,low,low,low,low,124,0.0002953750008600764,True,21,0.0,40,0.00027104199944005813,True,21,0.9782016348773842,89,0.0005284170001687016,True,21,0.4359673024523161
random_rate0.2_seed70_s0-13_g13-6,70,20,0.2,random,"0,13","13,6",22.0,0.19,0.015,0.23148148148148148,0.08695652173913043,23,0.07098765432098765,0,0.0,0.7037037037037037,0.7692307692307693,20,1.1,sparse obstacles; multiple alternative routes,high,low,medium,medium,medium,57,0.0001295000001846347,True,22,0.0,40,0.00021270899924275,True,22,0.7461300309597523,42,0.00022304100093606394,True,22,0.718266253869969
random_rate0.3_seed70_s5-11_g1-9,70,20,0.3,random,"5,11","1,9",6.0,0.2875,0.0225,0.4105263157894737,0.42857142857142855,51,0.17894736842105263,1,0.14285714285714285,1.0,1.0,6,1.0,dense obstacles; narrow corridor; bottleneck; maze-like,low,medium,low,medium,medium,8,2.0542000129353255e-05,True,6,0.0,7,4.729099964606576e-05,True,6,0.07885304659498207,8,5.145799877936952e-05,True,6,0.4229390681003584
random_rate0.4_seed70_s15-10_g11-13,70,20,0.4,random,"15,10","11,13",21.0,0.3925,0.025,0.5925925925925926,0.45454545454545453,106,0.43621399176954734,15,0.6818181818181818,1.0,1.0,7,3.0,maze-like; narrow corridor; bottleneck,high,high,high,high,high,80,0.00017029100126819685,True,21,0.0,77,0.0003443340010562679,True,21,0.08270676691729323,81,0.00035150000076100696,True,21,0.48872180451127817
random_rate0.1_seed71_s11-19_g6-6,71,20,0.1,random,"11,19","6,6",18.0,0.1075,0.015,0.12044817927170869,0.10526315789473684,6,0.01680672268907563,0,0.0,1.0,0.52,18,1.0,open space; multiple alternative routes,medium,low,low,low,low,54,0.00013254199984658044,True,18,0.0,23,0.0001621249994059326,True,18,0.8487394957983193,23,0.0001655000014579855,True,18,0.6442577030812325
random_rate0.2_seed71_s1-6_g8-4,71,20,0.2,random,"1,6","8,4",9.0,0.2075,0.02,0.2618296529968454,0.0,19,0.05993690851735016,0,0.0,1.0,0.1111111111111111,9,1.0,sparse obstacles; multiple alternative routes,low,medium,low,medium,medium,23,5.9915999372606166e-05,True,9,0.0,10,8.80839997989824e-05,True,9,0.6741214057507987,13,9.758300075191073e-05,True,9,0.5782747603833865
random_rate0.3_seed71_s4-16_g17-2,71,20,0.3,random,"4,16","17,2",31.0,0.3175,0.025,0.43223443223443225,0.28125,61,0.22344322344322345,16,0.5,1.0,0.4883720930232558,27,1.1481481481481481,dense obstacles; narrow corridor; bottleneck; multiple alternative routes; maze-like,high,high,medium,medium,high,165,0.00037187500129221007,True,31,0.0,122,0.0005785000012110686,True,31,0.022556390977443608,105,0.0005153340007382212,True,31,0.14285714285714285
random_rate0.4_seed71_s19-11_g15-15,71,20,0.4,random,"19,11","15,15",8.0,0.4025,0.0575,0.5523012552301255,0.2222222222222222,87,0.36401673640167365,7,0.7777777777777778,1.0,0.8,8,1.0,maze-like; large obstacle block; narrow corridor; bottleneck,low,high,low,high,high,13,2.954199953819625e-05,True,8,0.0,11,6.0416999986045994e-05,True,8,0.25,12,6.445799954235554e-05,True,8,0.7894736842105263
random_rate0.1_seed72_s9-16_g0-9,72,20,0.1,random,"9,16","0,9",16.0,0.0925,0.0125,0.06887052341597796,0.058823529411764705,4,0.011019283746556474,0,0.0,1.0,0.36,16,1.0,open space; multiple alternative routes,medium,low,low,low,low,61,0.00014800000099057797,True,16,0.0,20,0.0001595840003574267,True,16,0.9834710743801653,61,0.0003413340000406606,True,16,0.24242424242424243
random_rate0.2_seed72_s10-0_g13-17,72,20,0.2,random,"10,0","13,17",22.0,0.1975,0.0225,0.21806853582554517,0.043478260869565216,11,0.03426791277258567,0,0.0,0.7692307692307693,0.6428571428571429,20,1.1,sparse obstacles; multiple alternative routes,high,medium,medium,low,low,78,0.00018716700105869677,True,22,0.0,32,0.0002381249996687984,True,22,0.6927899686520376,45,0.00030824999885226134,True,22,0.5611285266457681
random_rate0.3_seed72_s19-0_g7-7,72,20,0.3,random,"19,0","7,7",19.0,0.28,0.035,0.375,0.15,42,0.14583333333333334,3,0.15,1.0,0.5384615384615384,19,1.0,dense obstacles; narrow corridor; bottleneck; multiple alternative routes; maze-like,high,medium,low,medium,medium,44,0.000100874998679501,True,19,0.0,23,0.0001446250007575145,True,19,0.5441696113074205,30,0.00016483299987157807,True,19,0.773851590106007
random_rate0.4_seed72_s11-12_g13-17,72,20,0.4,random,"11,12","13,17",7.0,0.3725,0.0525,0.5219123505976095,0.375,58,0.23107569721115537,0,0.0,1.0,1.0,7,1.0,maze-like; large obstacle block; narrow corridor; bottleneck,low,high,low,high,high,11,2.6749999960884452e-05,True,7,0.0,8,5.770800089521799e-05,True,7,0.5202312138728323,8,5.158400017535314e-05,True,7,0.8034682080924855
random_rate0.1_seed73_s12-5_g1-4,73,20,0.1,random,"12,5","1,4",12.0,0.09,0.005,0.10164835164835165,0.0,3,0.008241758241758242,0,0.0,1.0,1.0,12,1.0,open space,medium,low,low,low,low,13,3.937499968742486e-05,True,12,0.0,13,0.0001132910001615528,True,12,0.9230769230769231,36,0.0002504999993107049,True,12,0.28846153846153844
random_rate0.2_seed73_s6-15_g12-15,73,20,0.2,random,"6,15","12,15",8.0,0.1875,0.01,0.2553846153846154,0.0,18,0.055384615384615386,0,0.0,0.5,0.2,6,1.3333333333333333,sparse obstacles; multiple alternative routes,low,low,high,medium,medium,18,4.6999999540275894e-05,True,8,0.0,9,6.616700011363719e-05,True,8,0.8390092879256966,14,9.074999979929999e-05,True,8,0.6811145510835913
random_rate0.3_seed73_s16-3_g5-17,73,20,0.3,random,"16,3","5,17",31.0,0.2975,0.025,0.39501779359430605,0.125,51,0.18149466192170818,6,0.1875,1.0,0.6410256410256411,25,1.24,dense obstacles; narrow corridor; bottleneck; multiple alternative routes; maze-like,high,medium,high,medium,medium,87,0.00020437500097614247,True,31,0.0,71,0.00038995800059637986,True,31,0.5992647058823529,69,0.00038750000021536835,True,31,0.6654411764705882
random_rate0.4_seed73_s11-12_g18-13,73,20,0.4,random,"11,12","18,13",16.0,0.4025,0.0325,0.602510460251046,0.35294117647058826,110,0.4602510460251046,7,0.4117647058823529,0.6190476190476191,0.6190476190476191,8,2.0,maze-like; narrow corridor; bottleneck; multiple alternative routes,medium,high,high,high,high,34,7.391699909931049e-05,True,16,0.0,31,0.00015120900025067385,True,16,0.5683453237410072,31,0.0001543750004202593,True,16,0.7338129496402878
random_rate0.1_seed74_s1-10_g8-8,74,20,0.1,random,"1,10","8,8",9.0,0.0825,0.005,0.07901907356948229,0.0,2,0.005449591280653951,0,0.0,1.0,0.1111111111111111,9,1.0,open space; multiple alternative routes,low,low,low,low,low,24,6.279199988057371e-05,True,9,0.0,10,8.99579990800703e-05,True,9,0.9564032697547684,19,0.00013050000052317046,True,9,0.3106267029972752
random_rate0.2_seed74_s17-16_g7-9,74,20,0.2,random,"17,16","7,9",17.0,0.21,0.015,0.24367088607594936,0.05555555555555555,14,0.04430379746835443,0,0.0,1.0,0.5652173913043478,17,1.0,sparse obstacles; multiple alternative routes,medium,medium,low,medium,low,53,0.00012733299990941305,True,17,0.0,20,0.0001388749988109339,True,17,0.8507936507936508,37,0.00021962500068184454,True,17,0.5936507936507937
random_rate0.3_seed74_s5-3_g10-12,74,20,0.3,random,"5,3","10,12",14.0,0.2925,0.035,0.43109540636042404,0.06666666666666667,43,0.1519434628975265,0,0.0,1.0,0.5,14,1.0,dense obstacles; narrow corridor; bottleneck; multiple alternative routes; maze-like,medium,medium,low,medium,medium,46,0.00010991700037266128,True,14,0.0,15,0.00011833300050057005,True,14,0.7446043165467626,28,0.00017104099970310926,True,14,0.7841726618705036
random_rate0.4_seed74_s6-6_g16-1,74,20,0.4,random,"6,6","16,1",19.0,0.375,0.0575,0.576,0.2,92,0.368,8,0.4,0.7391304347826086,0.7391304347826086,15,1.2666666666666666,maze-like; large obstacle block; narrow corridor; bottleneck; multiple alternative routes,high,high,high,high,high,60,0.0001360829992336221,True,19,0.0,54,0.00027745900115405675,True,19,0.3273542600896861,58,0.00029183399965404533,True,19,0.5426008968609866
random_rate0.1_seed75_s16-7_g16-8,75,20,0.1,random,"16,7","16,8",1.0,0.1025,0.01,0.08635097493036212,0.0,4,0.011142061281337047,0,0.0,1.0,1.0,1,1.0,open space,low,low,low,low,low,2,6.374999429681338e-06,True,1,0.0,2,1.8541999452281743e-05,True,1,0.9275766016713092,2,1.6542000594199635e-05,True,1,0.3732590529247911
random_rate0.2_seed75_s12-12_g5-0,75,20,0.2,random,"12,12","5,0",19.0,0.2125,0.0125,0.26666666666666666,0.25,18,0.05714285714285714,0,0.0,1.0,0.9047619047619048,19,1.0,sparse obstacles,high,medium,low,medium,medium,44,0.00010116600060428027,True,19,0.0,33,0.00020066700017196126,True,19,0.7365079365079366,48,0.00029925000126240775,True,19,0.5333333333333333
random_rate0.3_seed75_s7-5_g11-18,75,20,0.3,random,"7,5","11,18",25.0,0.2975,0.025,0.42704626334519574,0.2692307692307692,41,0.14590747330960854,3,0.11538461538461539,0.8571428571428571,0.4857142857142857,17,1.4705882352941178,dense obstacles; narrow corridor; bottleneck; multiple alternative routes; maze-like,high,medium,high,medium,medium,85,0.00018774999989545904,True,25,0.0,71,0.0003662080016511027,True,25,0.38768115942028986,66,0.00033429200084356125,True,25,0.4855072463768116
random_rate0.4_seed75_s9-19_g7-14,75,20,0.4,random,"9,19","7,14",15.0,0.415,0.04,0.6452991452991453,0.375,98,0.4188034188034188,11,0.6875,0.6,0.6,7,2.142857142857143,maze-like; narrow corridor; bottleneck; multiple alternative routes,medium,high,high,high,high,31,6.287500036705751e-05,True,15,0.0,29,0.00013287500041769817,True,15,0.1794871794871795,28,0.00013062500147498213,True,15,0.9487179487179487
random_rate0.1_seed76_s6-2_g6-7,76,20,0.1,random,"6,2","6,7",5.0,0.0925,0.005,0.09917355371900827,0.0,1,0.0027548209366391185,0,0.0,1.0,1.0,5,1.0,open space,low,low,low,low,low,6,1.9708000763785094e-05,True,5,0.0,6,6.48339992039837e-05,True,5,0.9724517906336089,6,4.9000000217347406e-05,True,5,0.465564738292011
random_rate0.2_seed76_s11-9_g7-9,76,20,0.2,random,"11,9","7,9",6.0,0.1875,0.0175,0.23076923076923078,0.14285714285714285,14,0.043076923076923075,0,0.0,1.0,0.16666666666666666,4,1.5,sparse obstacles; multiple alternative routes,low,low,high,medium,low,15,5.004199920222163e-05,True,6,0.0,7,5.433300066215452e-05,True,6,0.8571428571428571,8,5.316699935065117e-05,True,6,0.6611295681063123
random_rate0.3_seed76_s15-0_g11-1,76,20,0.3,random,"15,0","11,1",5.0,0.265,0.025,0.36054421768707484,0.3333333333333333,46,0.1564625850340136,0,0.0,1.0,1.0,5,1.0,dense obstacles; narrow corridor; bottleneck; maze-like,low,medium,low,medium,medium,6,1.645800148253329e-05,True,5,0.0,6,4.345900015323423e-05,True,5,0.7286245353159851,6,4.1125000279862434e-05,True,5,0.8066914498141264
random_rate0.4_seed76_s16-12_g9-1,76,20,0.4,random,"16,12","9,1",20.0,0.36,0.0425,0.53515625,0.47619047619047616,80,0.3125,18,0.8571428571428571,1.0,0.9090909090909091,18,1.1111111111111112,maze-like; narrow corridor; bottleneck,high,high,medium,high,high,32,8.04999999672873e-05,True,20,0.0,28,0.00018804200044542085,True,20,0.5,25,0.00012083399997209199,True,20,1.0
random_rate0.1_seed77_s8-6_g7-4,77,20,0.1,random,"8,6","7,4",3.0,0.1325,0.0075,0.13256484149855907,0.0,7,0.020172910662824207,0,0.0,1.0,1.0,3,1.0,open space,low,low,low,low,low,4,1.1834001270472072e-05,True,3,0.0,4,3.245799962314777e-05,True,3,0.8069164265129684,4,2.9875000109313987e-05,True,3,0.547550432276657
random_rate0.2_seed77_s3-0_g14-15,77,20,0.2,random,"3,0","14,15",26.0,0.2225,0.0175,0.28938906752411575,0.14814814814814814,18,0.05787781350482315,3,0.1111111111111111,1.0,0.17391304347826086,26,1.0,sparse obstacles; bottleneck; multiple alternative routes,high,medium,low,medium,medium,106,0.00024375000066356733,True,26,0.0,51,0.0002779589995043352,True,26,0.8478964401294499,64,0.00035133399978803936,True,26,0.6763754045307443
random_rate0.3_seed77_s9-17_g8-18,77,20,0.3,random,"9,17","8,18",2.0,0.3,0.02,0.4607142857142857,0.3333333333333333,70,0.25,1,0.3333333333333333,1.0,1.0,2,1.0,dense obstacles; narrow corridor; bottleneck; maze-like,low,medium,low,high,high,3,1.012499888020102e-05,True,2,0.0,3,2.6792000426212326e-05,True,2,0.49056603773584906,3,2.4000000848900527e-05,True,2,0.5358490566037736
random_rate0.4_seed77_s17-6_g17-12,77,20,0.4,random,"17,6","17,12",8.0,0.3725,0.04,0.5737051792828686,0.2222222222222222,80,0.3187250996015936,0,0.0,1.0,0.2857142857142857,6,1.3333333333333333,maze-like; narrow corridor; bottleneck; multiple alternative routes,low,high,high,high,high,14,3.2958998417598195e-05,True,8,0.0,12,7.3208000685554e-05,True,8,0.46794871794871795,9,5.541700011235662e-05,True,8,0.8397435897435898
random_rate0.1_seed78_s5-14_g15-3,78,20,0.1,random,"5,14","15,3",21.0,0.105,0.0075,0.09776536312849161,0.045454545454545456,5,0.013966480446927373,0,0.0,1.0,0.3333333333333333,21,1.0,open space; multiple alternative routes,high,low,low,low,low,109,0.0002597500006231712,True,21,0.0,40,0.0002475420005794149,True,21,0.9608938547486033,87,0.0007269170000654412,True,21,0.3715083798882682
random_rate0.2_seed78_s4-7_g1-2,78,20,0.2,random,"4,7","1,2",10.0,0.2125,0.015,0.2634920634920635,0.09090909090909091,14,0.044444444444444446,0,0.0,1.0,0.8333333333333334,8,1.25,sparse obstacles,low,medium,high,medium,low,23,5.5750000683474354e-05,True,10,0.0,17,0.00010970800030918326,True,10,0.707395498392283,15,0.00010208400090050418,True,10,0.639871382636656
random_rate0.3_seed78_s9-11_g12-0,78,20,0.3,random,"9,11","12,0",18.0,0.2975,0.0225,0.4199288256227758,0.2631578947368421,50,0.17793594306049823,0,0.0,0.9,0.4074074074074074,14,1.2857142857142858,dense obstacles; narrow corridor; bottleneck; multiple alternative routes; maze-like,medium,medium,high,medium,medium,61,0.00013908300024922937,True,18,0.0,37,0.00020075000065844506,True,18,0.39492753623188404,56,0.0002912500003731111,True,18,0.427536231884058
random_rate0.4_seed78_s15-4_g16-13,78,20,0.4,random,"15,4","16,13",42.0,0.3925,0.0625,0.5720164609053497,0.23255813953488372,93,0.38271604938271603,20,0.46511627906976744,0.5925925925925926,0.5087719298245614,10,4.2,maze-like; large obstacle block; narrow corridor; bottleneck; multiple alternative routes,high,high,high,high,high,166,0.0003682080005091848,True,42,0.0,152,0.0006652909996773815,True,42,0.0958904109589041,143,0.0006427090011129621,True,42,0.3424657534246575
random_rate0.1_seed79_s5-4_g14-16,79,20,0.1,random,"5,4","14,16",21.0,0.0725,0.0075,0.05929919137466307,0.0,1,0.0026954177897574125,0,0.0,1.0,0.15789473684210525,21,1.0,open space; multiple alternative routes,high,low,low,low,low,112,0.0002789999998640269,True,21,0.0,34,0.00022945799901208375,True,21,0.9730458221024259,90,0.000541041999895242,True,21,0.5013477088948787
random_rate0.2_seed79_s8-15_g10-7,79,20,0.2,random,"8,15","10,7",10.0,0.1875,0.0175,0.24615384615384617,0.2727272727272727,13,0.04,0,0.0,1.0,1.0,10,1.0,sparse obstacles,low,low,low,medium,low,19,4.787500074598938e-05,True,10,0.0,11,8.345899914274924e-05,True,10,0.546583850931677,11,8.170799992512912e-05,True,10,0.5559006211180124
random_rate0.3_seed79_s15-6_g9-19,79,20,0.3,random,"15,6","9,19",19.0,0.3175,0.0375,0.4542124542124542,0.35,54,0.1978021978021978,4,0.2,1.0,0.6,19,1.0,dense obstacles; narrow corridor; bottleneck; multiple alternative routes; maze-like,high,high,low,high,high,48,0.00011591700058488641,True,19,0.0,20,0.00017295900033786893,True,19,0.28991596638655465,24,0.00013558299906435423,True,19,0.680672268907563
random_rate0.4_seed79_s8-14_g16-10,79,20,0.4,random,"8,14","16,10",14.0,0.435,0.06,0.6283185840707964,0.4,96,0.4247787610619469,9,0.6,1.0,0.5,12,1.1666666666666667,maze-like; large obstacle block; narrow corridor; bottleneck; multiple alternative routes,medium,high,high,high,high,46,0.00010137499884876888,True,14,0.0,31,0.0001661669994064141,True,14,0.04697986577181208,37,0.00020683299953816459,True,14,0.6711409395973155
random_rate0.1_seed8_s19-2_g8-1,8,20,0.1,random,"19,2","8,1",12.0,0.0825,0.0075,0.07629427792915532,0.0,2,0.005449591280653951,0,0.0,1.0,1.0,12,1.0,open space,medium,low,low,low,low,22,5.9500000133994035e-05,True,12,0.0,13,0.00011058299969590735,True,12,0.9672131147540983,14,0.00011525000081746839,True,12,0.3825136612021858
random_rate0.2_seed8_s18-17_g6-1,8,20,0.2,random,"18,17","6,1",28.0,0.1825,0.0125,0.21100917431192662,0.06896551724137931,16,0.04892966360856269,0,0.0,1.0,0.13725490196078433,28,1.0,sparse obstacles; multiple alternative routes,high,low,low,low,medium,164,0.00039295800161198713,True,28,0.0,69,0.0003900419997080462,True,28,0.6901840490797546,56,0.00036716599970532116,True,28,0.48466257668711654
random_rate0.3_seed8_s19-16_g2-4,8,20,0.3,random,"19,16","2,4",29.0,0.2825,0.02,0.34146341463414637,0.2,35,0.12195121951219512,2,0.06666666666666667,1.0,0.55,29,1.0,dense obstacles; bottleneck; multiple alternative routes; maze-like,high,medium,low,medium,medium,124,0.0002864159996533999,True,29,0.0,57,0.00030279199927463196,True,29,0.6678966789667896,99,0.0005279169999994338,False,31,0.922509225092251
random_rate0.4_seed8_s13-12_g10-17,8,20,0.4,random,"13,12","10,17",8.0,0.405,0.045,0.5756302521008403,0.4444444444444444,75,0.31512605042016806,9,1.0,1.0,1.0,8,1.0,maze-like; narrow corridor; bottleneck,low,high,low,high,high,9,2.204200063715689e-05,True,8,0.0,9,5.274999966786709e-05,True,8,0.875,16,7.704199924774002e-05,True,8,1.0
random_rate0.1_seed80_s10-5_g18-8,80,20,0.1,random,"10,5","18,8",11.0,0.095,0.0075,0.09392265193370165,0.0,3,0.008287292817679558,0,0.0,1.0,0.09090909090909091,11,1.0,open space; multiple alternative routes,medium,low,low,low,low,30,7.791600000928156e-05,True,11,0.0,12,0.00010162500075239222,True,11,0.9696132596685083,19,0.00013662499986821786,True,11,0.4143646408839779
random_rate0.2_seed80_s14-10_g6-15,80,20,0.2,random,"14,10","6,15",15.0,0.2175,0.0425,0.2715654952076677,0.125,20,0.06389776357827476,0,0.0,1.0,1.0,13,1.1538461538461537,sparse obstacles,medium,medium,high,medium,medium,51,0.00011741600064851809,True,15,0.0,35,0.00019337499907123856,True,15,0.36217948717948717,30,0.00018620799892232753,True,15,0.4967948717948718
random_rate0.3_seed80_s9-14_g11-5,80,20,0.3,random,"9,14","11,5",17.0,0.3425,0.05,0.4752851711026616,0.3333333333333333,60,0.22813688212927757,7,0.3888888888888889,0.8947368421052632,0.7142857142857143,11,1.5454545454545454,maze-like; large obstacle block; narrow corridor; bottleneck; multiple alternative routes,medium,high,high,high,high,28,6.433299859054387e-05,True,17,0.0,22,0.00012170800073363353,True,17,0.524822695035461,28,0.00014783299957343843,True,17,0.6879432624113475
random_rate0.4_seed80_s6-18_g19-18,80,20,0.4,random,"6,18","19,18",19.0,0.4525,0.08,0.639269406392694,0.4,72,0.3287671232876712,9,0.45,0.6,0.6,13,1.4615384615384615,maze-like; large obstacle block; narrow corridor; bottleneck; multiple alternative routes,high,high,high,high,high,33,7.137499960663263e-05,True,19,0.0,27,0.0001417500006937189,True,19,0.5125,27,0.0001382080008625053,True,19,1.0
random_rate0.1_seed81_s18-5_g5-9,81,20,0.1,random,"18,5","5,9",17.0,0.11,0.0075,0.1151685393258427,0.05555555555555555,5,0.014044943820224719,0,0.0,1.0,0.5652173913043478,17,1.0,open space; multiple alternative routes,medium,low,low,low,low,57,0.0001413749996572733,True,17,0.0,18,0.0001784169999154983,True,17,0.9438202247191011,36,0.00022645900025963783,True,17,0.49157303370786515
random_rate0.2_seed81_s17-4_g16-0,81,20,0.2,random,"17,4","16,0",5.0,0.195,0.02,0.2546583850931677,0.16666666666666666,10,0.031055900621118012,0,0.0,1.0,1.0,5,1.0,sparse obstacles,low,medium,low,medium,low,6,1.7915999706019647e-05,True,5,0.0,6,4.904200068267528e-05,True,5,0.7819314641744548,6,4.600000102072954e-05,True,5,0.6915887850467289
random_rate0.3_seed81_s7-13_g13-14,81,20,0.3,random,"7,13","13,14",7.0,0.2925,0.0225,0.4664310954063604,0.25,37,0.13074204946996468,1,0.125,1.0,1.0,7,1.0,dense obstacles; narrow corridor; bottleneck; maze-like,low,medium,low,high,medium,8,2.0833000235143118e-05,True,7,0.0,8,5.3792000471730717e-05,True,7,0.36462093862815886,8,5.108400000608526e-05,True,7,0.49458483754512633
random_rate0.4_seed81_s8-3_g7-10,81,20,0.4,random,"8,3","7,10",16.0,0.4175,0.08,0.6652360515021459,0.5882352941176471,97,0.41630901287553645,12,0.7058823529411765,1.0,1.0,8,2.0,maze-like; large obstacle block; narrow corridor; bottleneck,medium,high,high,high,high,32,6.720800047332887e-05,True,16,0.0,25,0.00012837499889428727,True,16,0.1896551724137931,21,0.0001099579985748278,True,16,1.0
random_rate0.1_seed82_s13-3_g16-18,82,20,0.1,random,"13,3","16,18",18.0,0.0875,0.005,0.09041095890410959,0.0,7,0.019178082191780823,1,0.05263157894736842,1.0,0.8095238095238095,18,1.0,open space,medium,low,low,low,low,44,0.00011499999891384505,True,18,0.0,19,0.00015574999997625127,True,18,0.9725274725274725,27,0.00018412499957776163,True,18,0.4065934065934066
random_rate0.2_seed82_s15-13_g12-13,82,20,0.2,random,"15,13","12,13",5.0,0.1725,0.01,0.1661631419939577,0.16666666666666666,13,0.03927492447129909,0,0.0,1.0,1.0,3,1.6666666666666667,sparse obstacles,low,low,high,low,low,11,2.9167000320740044e-05,True,5,0.0,6,4.4584001443581656e-05,True,5,0.7993920972644377,7,5.3875000958214514e-05,True,5,0.5714285714285714
random_rate0.3_seed82_s13-0_g14-8,82,20,0.3,random,"13,0","14,8",11.0,0.2825,0.0425,0.3519163763066202,0.25,45,0.156794425087108,2,0.16666666666666666,1.0,1.0,9,1.2222222222222223,dense obstacles; narrow corridor; bottleneck; maze-like,medium,medium,high,medium,medium,14,3.5207998735131696e-05,True,11,0.0,12,9.591600064595696e-05,True,11,0.5636363636363636,12,7.91669990576338e-05,True,11,0.8836363636363637
random_rate0.4_seed82_s7-10_g10-12,82,20,0.4,random,"7,10","10,12",17.0,0.3775,0.0725,0.5261044176706827,0.2222222222222222,66,0.26506024096385544,3,0.16666666666666666,0.8947368421052632,0.8947368421052632,5,3.4,maze-like; large obstacle block; narrow corridor; bottleneck,medium,high,high,high,high,69,0.00015125000027182978,True,17,0.0,66,0.000314666000122088,True,17,0.21428571428571427,45,0.00022524999985762406,True,17,0.7602040816326531
random_rate0.1_seed83_s11-12_g15-4,83,20,0.1,random,"11,12","15,4",12.0,0.095,0.0075,0.10497237569060773,0.07692307692307693,4,0.011049723756906077,0,0.0,1.0,0.7333333333333333,12,1.0,open space; multiple alternative routes,medium,low,low,low,low,32,7.975000153237488e-05,True,12,0.0,13,9.704199874249753e-05,True,12,0.9640883977900553,27,0.000171125000633765,True,12,0.4419889502762431
random_rate0.2_seed83_s2-9_g9-5,83,20,0.2,random,"2,9","9,5",11.0,0.1675,0.0125,0.1831831831831832,0.0,13,0.03903903903903904,0,0.0,1.0,0.2631578947368421,11,1.0,sparse obstacles; multiple alternative routes,medium,low,low,low,low,28,7.041699973342475e-05,True,11,0.0,15,9.758300075191073e-05,True,11,0.8828828828828829,20,0.00012162500024714973,True,11,0.6696696696696697
random_rate0.3_seed83_s8-3_g18-17,83,20,0.3,random,"8,3","18,17",24.0,0.255,0.0175,0.33221476510067116,0.16,25,0.08389261744966443,0,0.0,1.0,0.25,24,1.0,dense obstacles; bottleneck; multiple alternative routes; maze-like,high,medium,low,medium,medium,75,0.0001805419997253921,True,24,0.0,37,0.00020879200019408017,True,24,0.7441860465116279,40,0.0002426249993732199,True,24,0.5
random_rate0.4_seed83_s5-3_g10-6,83,20,0.4,random,"5,3","10,6",8.0,0.3575,0.04,0.49416342412451364,0.1111111111111111,69,0.26848249027237353,1,0.1111111111111111,1.0,0.2,8,1.0,maze-like; narrow corridor; bottleneck; multiple alternative routes,low,high,low,high,high,19,4.591699871525634e-05,True,8,0.0,9,6.145800034573767e-05,True,8,0.400990099009901,11,8.658300066599622e-05,True,8,0.6336633663366337
random_rate0.1_seed84_s9-12_g3-4,84,20,0.1,random,"9,12","3,4",14.0,0.0925,0.005,0.11570247933884298,0.0,2,0.005509641873278237,0,0.0,1.0,0.15384615384615385,14,1.0,open space; multiple alternative routes,medium,low,low,low,low,49,0.00012116700054320972,True,14,0.0,15,0.00011933399946428835,True,14,0.9889807162534435,41,0.00025604199981899,True,14,0.418732782369146
random_rate0.2_seed84_s16-10_g17-19,84,20,0.2,random,"16,10","17,19",10.0,0.1725,0.01,0.24773413897280966,0.09090909090909091,21,0.0634441087613293,0,0.0,1.0,0.8333333333333334,10,1.0,sparse obstacles,low,low,low,medium,medium,19,5.31250007043127e-05,True,10,0.0,11,9.787500130187254e-05,True,10,0.7613293051359517,13,0.00010166599895455875,True,10,0.6072507552870091
random_rate0.3_seed84_s15-11_g15-0,84,20,0.3,random,"15,11","15,0",17.0,0.2675,0.025,0.378839590443686,0.3888888888888889,34,0.11604095563139932,6,0.3333333333333333,1.0,1.0,11,1.5454545454545454,dense obstacles; narrow corridor; bottleneck; maze-like,medium,medium,high,medium,medium,46,0.00011166699914610945,True,17,0.0,23,0.00014791700050409418,True,17,0.6,65,0.00031712499912828207,True,17,0.8315789473684211
random_rate0.4_seed84_s7-12_g3-9,84,20,0.4,random,"7,12","3,9",7.0,0.385,0.05,0.5772357723577236,0.375,89,0.3617886178861789,2,0.25,1.0,0.3333333333333333,7,1.0,maze-like; large obstacle block; narrow corridor; bottleneck; multiple alternative routes,low,high,low,high,high,13,3.112500053248368e-05,True,7,0.0,9,5.820899968966842e-05,True,7,0.3905325443786982,9,5.6582999604870565e-05,True,7,0.9526627218934911
random_rate0.1_seed85_s11-0_g19-3,85,20,0.1,random,"11,0","19,3",11.0,0.0725,0.005,0.05929919137466307,0.0,0,0.0,0,0.0,1.0,0.2631578947368421,11,1.0,open space; multiple alternative routes,medium,low,low,low,low,31,7.47499998396961e-05,True,11,0.0,14,8.845800039125606e-05,True,11,0.9595687331536388,20,0.00012354199861874804,True,11,0.5795148247978437
random_rate0.2_seed85_s1-5_g12-8,85,20,0.2,random,"1,5","12,8",14.0,0.18,0.01,0.2073170731707317,0.06666666666666667,10,0.03048780487804878,0,0.0,1.0,0.7647058823529411,14,1.0,sparse obstacles,medium,low,low,low,low,31,7.929099956527352e-05,True,14,0.0,15,0.0001475830013077939,True,14,0.8109756097560976,17,0.00016924999908951577,True,14,0.551829268292683
random_rate0.3_seed85_s10-9_g12-4,85,20,0.3,random,"10,9","12,4",23.0,0.29,0.03,0.3873239436619718,0.125,44,0.15492957746478872,5,0.20833333333333334,0.8461538461538461,0.7142857142857143,7,3.2857142857142856,dense obstacles; narrow corridor; bottleneck; multiple alternative routes; maze-like,high,medium,high,medium,medium,61,0.00014512499910779297,True,23,0.0,44,0.00022924999939277768,True,23,0.39285714285714285,37,0.000225957999646198,True,23,0.49642857142857144
random_rate0.4_seed85_s3-13_g0-19,85,20,0.4,random,"3,13","0,19",9.0,0.42,0.06,0.6293103448275862,0.5,82,0.35344827586206895,5,0.5,1.0,0.6666666666666666,9,1.0,maze-like; large obstacle block; narrow corridor; bottleneck; multiple alternative routes,low,high,low,high,high,16,3.6249999538995326e-05,True,9,0.0,11,6.416599899239372e-05,True,9,0.6086956521739131,10,6.000000030326191e-05,True,9,1.0
random_rate0.1_seed86_s4-13_g1-18,86,20,0.1,random,"4,13","1,18",8.0,0.0875,0.0075,0.0821917808219178,0.0,4,0.010958904109589041,0,0.0,1.0,0.2,8,1.0,open space; multiple alternative routes,low,low,low,low,low,18,4.712499867309816e-05,True,8,0.0,9,7.108399950084276e-05,True,8,0.9780821917808219,19,0.00012087499999324791,True,8,0.3698630136986301
random_rate0.2_seed86_s17-9_g16-3,86,20,0.2,random,"17,9","16,3",7.0,0.1975,0.0125,0.24610591900311526,0.25,27,0.08411214953271028,0,0.0,1.0,1.0,7,1.0,sparse obstacles; bottleneck,low,medium,low,medium,medium,12,3.0665998565382324e-05,True,7,0.0,8,5.754099947807845e-05,True,7,0.884375,8,5.6999999287654646e-05,True,7,0.8
random_rate0.3_seed86_s2-3_g0-14,86,20,0.3,random,"2,3","0,14",15.0,0.295,0.02,0.41843971631205673,0.1875,41,0.1453900709219858,2,0.125,1.0,1.0,13,1.1538461538461537,dense obstacles; narrow corridor; bottleneck; maze-like,medium,medium,high,medium,medium,35,7.941699914226774e-05,True,15,0.0,28,0.00014970900156185962,True,15,0.4317343173431734,23,0.0001405000002705492,True,15,0.6531365313653137
random_rate0.4_seed86_s1-8_g2-5,86,20,0.4,random,"1,8","2,5",4.0,0.415,0.055,0.6367521367521367,0.2,102,0.4358974358974359,1,0.2,1.0,0.6666666666666666,4,1.0,maze-like; large obstacle block; narrow corridor; bottleneck; multiple alternative routes,low,high,low,high,high,8,2.0457999198697507e-05,True,4,0.0,5,4.183400051260833e-05,True,4,0.8421052631578947,5,4.187500053376425e-05,True,4,0.8947368421052632
random_rate0.1_seed87_s3-8_g4-14,87,20,0.1,random,"3,8","4,14",9.0,0.095,0.005,0.09392265193370165,0.1,2,0.0055248618784530384,0,0.0,1.0,0.6666666666666666,7,1.2857142857142858,open space; multiple alternative routes,low,low,high,low,low,16,4.429200089361984e-05,True,9,0.0,10,7.791700045345351e-05,True,9,0.9281767955801105,10,7.3208000685554e-05,True,9,0.5220994475138122
random_rate0.2_seed87_s2-2_g17-13,87,20,0.2,random,"2,2","17,13",26.0,0.2025,0.0125,0.2413793103448276,0.18518518518518517,21,0.06583072100313479,2,0.07407407407407407,1.0,0.22727272727272727,26,1.0,sparse obstacles; multiple alternative routes,high,medium,low,medium,medium,104,0.000246166000579251,True,26,0.0,62,0.0003419999993639067,True,26,0.6949685534591195,45,0.00029154100047890097,True,26,0.5377358490566038
random_rate0.3_seed87_s2-17_g6-4,87,20,0.3,random,"2,17","6,4",25.0,0.32,0.025,0.41544117647058826,0.34615384615384615,72,0.2647058823529412,14,0.5384615384615384,1.0,0.9259259259259259,17,1.4705882352941178,dense obstacles; narrow corridor; bottleneck; maze-like,high,high,high,medium,high,42,9.195900020131376e-05,True,25,0.0,36,0.00018350000027567148,True,25,0.41729323308270677,47,0.0002255830004287418,True,25,0.6578947368421053
random_rate0.4_seed87_s14-3_g11-14,87,20,0.4,random,"14,3","11,14",16.0,0.425,0.1,0.5608695652173913,0.35294117647058826,76,0.33043478260869563,3,0.17647058823529413,1.0,0.16129032258064516,14,1.1428571428571428,maze-like; large obstacle block; narrow corridor; bottleneck; multiple alternative routes,medium,high,medium,high,high,45,0.00010033300168288406,True,16,0.0,35,0.00019833300029858947,True,16,0.4619883040935672,29,0.00017333299911115319,False,18,0.672514619883041
random_rate0.1_seed88_s6-8_g17-7,88,20,0.1,random,"6,8","17,7",12.0,0.09,0.0075,0.08516483516483517,0.0,5,0.013736263736263736,0,0.0,1.0,1.0,12,1.0,open space,medium,low,low,low,low,17,4.958300087309908e-05,True,12,0.0,13,0.00011500000073283445,True,12,0.9478021978021978,14,0.00011574999916774686,True,12,0.5467032967032966
random_rate0.2_seed88_s13-10_g14-18,88,20,0.2,random,"13,10","14,18",9.0,0.2,0.0225,0.221875,0.1,21,0.065625,0,0.0,1.0,0.8181818181818182,9,1.0,sparse obstacles,low,medium,low,low,medium,11,3.300000025774352e-05,True,9,0.0,10,7.93330000306014e-05,True,9,0.8522012578616353,10,8.012500074983109e-05,True,9,0.6289308176100629
random_rate0.3_seed88_s12-6_g4-0,88,20,0.3,random,"12,6","4,0",14.0,0.2925,0.0425,0.4098939929328622,0.2,57,0.20141342756183744,0,0.0,1.0,0.7647058823529411,14,1.0,dense obstacles; narrow corridor; bottleneck; maze-like,medium,medium,low,medium,high,31,7.204199937405065e-05,True,14,0.0,23,0.00013000000035390258,True,14,0.4043321299638989,20,0.0001224999996338738,True,14,0.49097472924187724
random_rate0.4_seed88_s13-8_g13-18,88,20,0.4,random,"13,8","13,18",16.0,0.4225,0.0625,0.6363636363636364,0.4117647058823529,89,0.3852813852813853,1,0.058823529411764705,1.0,0.8888888888888888,10,1.6,maze-like; large obstacle block; narrow corridor; bottleneck,medium,high,high,high,high,40,9.212499935529195e-05,True,16,0.0,28,0.00017241700152226258,True,16,0.24193548387096775,21,0.0001210409991472261,True,16,0.8629032258064516
random_rate0.1_seed89_s5-13_g15-17,89,20,0.1,random,"5,13","15,17",14.0,0.1025,0.005,0.10306406685236769,0.06666666666666667,6,0.016713091922005572,0,0.0,1.0,0.30434782608695654,14,1.0,open space; multiple alternative routes,medium,low,low,low,low,48,0.00012154100113548338,True,14,0.0,18,0.00014529199870594312,True,14,0.9747899159663865,49,0.00028033399939886294,True,14,0.46218487394957986
random_rate0.2_seed89_s6-16_g16-8,89,20,0.2,random,"6,16","16,8",18.0,0.1925,0.0125,0.24458204334365324,0.05263157894736842,14,0.043343653250773995,0,0.0,1.0,0.15151515151515152,18,1.0,sparse obstacles; multiple alternative routes,medium,medium,low,medium,low,62,0.0001539169988973299,True,18,0.0,26,0.00016966700059128925,True,18,0.871875,39,0.00023962500017660204,True,18,0.6125
random_rate0.3_seed89_s10-17_g16-3,89,20,0.3,random,"10,17","16,3",22.0,0.3025,0.025,0.3835125448028674,0.043478260869565216,50,0.17921146953405018,4,0.17391304347826086,0.9166666666666666,0.9166666666666666,20,1.1,dense obstacles; narrow corridor; bottleneck; maze-like,high,medium,medium,medium,medium,76,0.0001986660008697072,True,22,0.0,65,0.00033708399860188365,True,22,0.36900369003690037,66,0.00036495899985311553,True,22,0.6678966789667896
random_rate0.4_seed89_s12-15_g10-16,89,20,0.4,random,"12,15","10,16",3.0,0.39,0.06,0.5409836065573771,0.5,89,0.36475409836065575,4,1.0,1.0,1.0,3,1.0,maze-like; large obstacle block; narrow corridor; bottleneck,low,high,low,high,high,4,9.584000508766621e-06,True,3,0.0,4,2.4541999664506875e-05,True,3,0.3333333333333333,4,2.208299883932341e-05,True,3,0.5396825396825397
random_rate0.1_seed9_s4-4_g15-14,9,20,0.1,random,"4,4","15,14",21.0,0.1325,0.0075,0.15273775216138327,0.0,9,0.025936599423631124,0,0.0,1.0,0.1282051282051282,21,1.0,open space; multiple alternative routes,high,low,low,low,low,86,0.00020845899962296244,True,21,0.0,33,0.0002129580007022014,True,21,0.968299711815562,76,0.00042991699956473894,True,21,0.4610951008645533
random_rate0.2_seed9_s1-8_g14-7,9,20,0.2,random,"1,8","14,7",14.0,0.245,0.02,0.3211920529801324,0.0,28,0.09271523178807947,1,0.06666666666666667,1.0,0.7647058823529411,14,1.0,dense obstacles; bottleneck,medium,medium,low,medium,medium,19,5.249999958323315e-05,True,14,0.0,15,0.00011779200031014625,True,14,0.8685121107266436,15,0.00012020899885101244,True,14,0.7335640138408305
random_rate0.3_seed9_s11-16_g14-18,9,20,0.3,random,"11,16","14,18",13.0,0.335,0.03,0.4398496240601504,0.35714285714285715,56,0.21052631578947367,4,0.2857142857142857,1.0,0.8666666666666667,5,2.6,dense obstacles; narrow corridor; bottleneck; maze-like,medium,high,high,high,high,39,9.012500049720984e-05,True,13,0.0,32,0.0001752500011207303,True,13,0.09881422924901186,33,0.0001779590002115583,True,13,0.14624505928853754
random_rate0.4_seed9_s18-12_g3-19,9,20,0.4,random,"18,12","3,19",24.0,0.43,0.0525,0.6710526315789473,0.52,111,0.4868421052631579,19,0.76,1.0,1.0,22,1.0909090909090908,maze-like; large obstacle block; narrow corridor; bottleneck,high,high,medium,high,high,47,9.954200140782632e-05,True,24,0.0,40,0.00019270800112280995,True,24,0.21839080459770116,76,0.000324332999298349,True,24,0.7586206896551724
random_rate0.1_seed90_s1-4_g13-11,90,20,0.1,random,"1,4","13,11",19.0,0.1125,0.0075,0.1295774647887324,0.05,8,0.022535211267605635,0,0.0,1.0,0.05263157894736842,19,1.0,open space; multiple alternative routes,high,low,low,low,low,96,0.00023704200066276826,True,19,0.0,30,0.00019454199900792446,True,19,0.780281690140845,62,0.0004214999989926582,True,19,0.571830985915493
random_rate0.2_seed90_s11-4_g12-11,90,20,0.2,random,"11,4","12,11",8.0,0.1975,0.02,0.24922118380062305,0.0,27,0.08411214953271028,0,0.0,1.0,1.0,8,1.0,sparse obstacles; bottleneck,low,medium,low,medium,medium,10,3.000000106112566e-05,True,8,0.0,9,7.374999950116035e-05,True,8,0.703125,9,6.995900002948474e-05,True,8,0.7125
random_rate0.3_seed90_s17-8_g8-16,90,20,0.3,random,"17,8","8,16",21.0,0.2925,0.0225,0.43462897526501765,0.36363636363636365,40,0.1413427561837456,2,0.09090909090909091,0.6923076923076923,0.76,17,1.2352941176470589,dense obstacles; narrow corridor; bottleneck; multiple alternative routes; maze-like,high,medium,high,medium,medium,79,0.00017879200095194392,True,21,0.0,66,0.0003302910008642357,True,21,0.2765151515151515,29,0.0001858750001701992,True,21,0.6818181818181818
random_rate0.4_seed90_s15-9_g8-2,90,20,0.4,random,"15,9","8,2",14.0,0.4225,0.0475,0.6320346320346321,0.4666666666666667,88,0.38095238095238093,5,0.3333333333333333,1.0,0.6666666666666666,14,1.0,maze-like; narrow corridor; bottleneck; multiple alternative routes,medium,high,low,high,high,24,5.383399911806919e-05,True,14,0.0,21,0.00011595899923122488,True,14,0.3270440251572327,21,0.00010783299876493402,True,14,0.6352201257861635
random_rate0.1_seed91_s18-3_g10-3,91,20,0.1,random,"18,3","10,3",8.0,0.0925,0.01,0.10192837465564739,0.0,7,0.01928374655647383,0,0.0,1.0,1.0,8,1.0,open space,low,low,low,low,low,9,2.7709000278264284e-05,True,8,0.0,9,8.020800123631489e-05,True,8,0.9393939393939394,9,7.741699846519623e-05,True,8,0.3856749311294766
random_rate0.2_seed91_s7-12_g6-18,91,20,0.2,random,"7,12","6,18",9.0,0.1825,0.0125,0.22935779816513763,0.2,20,0.06116207951070336,0,0.0,1.0,0.17647058823529413,7,1.2857142857142858,sparse obstacles; multiple alternative routes,low,low,high,low,medium,21,5.212499854678754e-05,True,9,0.0,10,7.266699867614079e-05,True,9,0.6080246913580247,18,0.00014729199938301463,True,9,0.2962962962962963
random_rate0.3_seed91_s2-12_g2-6,91,20,0.3,random,"2,12","2,6",6.0,0.285,0.0275,0.36013986013986016,0.0,40,0.13986013986013987,0,0.0,1.0,1.0,6,1.0,dense obstacles; narrow corridor; bottleneck; maze-like,low,medium,low,medium,medium,7,2.195799970650114e-05,True,6,0.0,7,6.320800093817525e-05,True,6,0.6236559139784946,7,6.075000055716373e-05,True,6,0.6881720430107527
random_rate0.4_seed91_s1-14_g17-15,91,20,0.4,random,"1,14","17,15",29.0,0.3775,0.0425,0.5020080321285141,0.43333333333333335,75,0.30120481927710846,23,0.7666666666666667,1.0,0.9354838709677419,17,1.7058823529411764,maze-like; narrow corridor; bottleneck,high,high,high,high,high,79,0.00016479199985042214,True,29,0.0,70,0.00031812500128580723,True,29,0.07462686567164178,65,0.0002929999991465593,True,29,0.12935323383084577
random_rate0.1_seed92_s16-1_g0-2,92,20,0.1,random,"16,1","0,2",17.0,0.0725,0.0075,0.08086253369272237,0.0,5,0.013477088948787063,0,0.0,1.0,1.0,17,1.0,open space,medium,low,low,low,low,29,8.208399958675727e-05,True,17,0.0,18,0.0001630000006116461,True,17,0.9595687331536388,37,0.00024058300004980993,True,17,0.3611859838274933
random_rate0.2_seed92_s12-11_g4-9,92,20,0.2,random,"12,11","4,9",12.0,0.155,0.0075,0.20118343195266272,0.23076923076923078,12,0.03550295857988166,1,0.07692307692307693,1.0,0.8571428571428571,10,1.2,sparse obstacles,medium,low,high,low,low,24,6.312500045169145e-05,True,12,0.0,13,9.329199929197785e-05,True,12,0.887240356083086,22,0.00014479200035566464,True,12,0.8249258160237388
random_rate0.3_seed92_s7-6_g4-12,92,20,0.3,random,"7,6","4,12",9.0,0.2675,0.015,0.37542662116040953,0.4,36,0.12286689419795221,0,0.0,1.0,0.8181818181818182,9,1.0,dense obstacles; narrow corridor; bottleneck; maze-like,low,medium,low,medium,medium,13,3.191600080754142e-05,True,9,0.0,13,7.508300041081384e-05,True,9,0.4280442804428044,12,7.70839997130679e-05,True,9,0.44649446494464945
random_rate0.4_seed92_s13-15_g3-4,92,20,0.4,random,"13,15","3,4",21.0,0.3775,0.0375,0.5742971887550201,0.2727272727272727,79,0.3172690763052209,9,0.4090909090909091,1.0,0.9130434782608695,21,1.0,maze-like; narrow corridor; bottleneck,high,high,low,high,high,31,7.570900015707593e-05,True,21,0.0,28,0.0001486669989390066,True,21,0.5956284153005464,26,0.00015291699855879415,True,21,0.6721311475409836
random_rate0.1_seed93_s6-8_g2-11,93,20,0.1,random,"6,8","2,11",7.0,0.11,0.005,0.10674157303370786,0.0,5,0.014044943820224719,0,0.0,1.0,0.6,7,1.0,open space; multiple alternative routes,low,low,low,low,low,18,4.637500023818575e-05,True,7,0.0,8,6.0375001339707524e-05,True,7,0.9719101123595506,13,8.349999916390516e-05,True,7,0.547752808988764
random_rate0.2_seed93_s13-1_g11-16,93,20,0.2,random,"13,1","11,16",17.0,0.2075,0.015,0.2618296529968454,0.2222222222222222,14,0.04416403785488959,0,0.0,1.0,0.8,17,1.0,sparse obstacles,medium,medium,low,medium,low,41,0.00010066699906019494,True,17,0.0,18,0.00013720799870498013,True,17,0.780952380952381,20,0.00014224999904399738,True,17,0.726984126984127
random_rate0.3_seed93_s13-6_g1-12,93,20,0.3,random,"13,6","1,12",20.0,0.325,0.0175,0.5111111111111111,0.38095238095238093,66,0.24444444444444444,2,0.09523809523809523,1.0,0.9090909090909091,18,1.1111111111111112,dense obstacles; narrow corridor; bottleneck; maze-like,high,high,medium,high,high,59,0.0001306670001213206,True,20,0.0,53,0.000271999999313266,True,20,0.16793893129770993,38,0.0002038750008068746,True,20,0.6679389312977099
random_rate0.4_seed93_s11-13_g7-9,93,20,0.4,random,"11,13","7,9",20.0,0.42,0.0475,0.6681034482758621,0.38095238095238093,114,0.49137931034482757,18,0.8571428571428571,1.0,1.0,8,2.5,maze-like; narrow corridor; bottleneck,high,high,high,high,high,64,0.00013091699838696513,True,20,0.0,58,0.0002662090009835083,True,20,0.2204724409448819,53,0.0002513330000510905,True,20,0.4330708661417323
random_rate0.1_seed94_s18-9_g4-1,94,20,0.1,random,"18,9","4,1",22.0,0.085,0.0075,0.09562841530054644,0.0,1,0.00273224043715847,0,0.0,1.0,0.21052631578947367,22,1.0,open space; multiple alternative routes,high,low,low,low,low,106,0.000259833001109655,True,22,0.0,34,0.0002244160004920559,True,22,0.9480874316939891,87,0.0005079170005046763,True,22,0.3224043715846995
random_rate0.2_seed94_s18-16_g17-9,94,20,0.2,random,"18,16","17,9",8.0,0.175,0.0125,0.20606060606060606,0.0,9,0.02727272727272727,0,0.0,1.0,0.2,8,1.0,sparse obstacles; multiple alternative routes,low,low,low,low,low,16,4.229200021654833e-05,True,8,0.0,9,8.166599945980124e-05,True,8,0.9539877300613497,11,9.074999979929999e-05,True,8,0.5184049079754601
random_rate0.3_seed94_s6-3_g2-9,94,20,0.3,random,"6,3","2,9",16.0,0.28,0.0175,0.4097222222222222,0.35294117647058826,48,0.16666666666666666,0,0.0,1.0,0.3076923076923077,10,1.6,dense obstacles; narrow corridor; bottleneck; multiple alternative routes; maze-like,medium,medium,high,medium,medium,52,0.00011958299910475034,True,16,0.0,36,0.00019824999981210567,True,16,0.4095940959409594,25,0.00015283399989129975,True,16,0.6568265682656826
random_rate0.4_seed94_s9-18_g9-5,94,20,0.4,random,"9,18","9,5",25.0,0.365,0.0325,0.5708661417322834,0.23076923076923078,63,0.24803149606299213,7,0.2692307692307692,0.9259259259259259,0.3684210526315789,13,1.9230769230769231,maze-like; narrow corridor; bottleneck; multiple alternative routes,high,high,high,high,high,71,0.00015720800001872703,True,25,0.0,49,0.00025704200015752576,True,25,0.5519125683060109,45,0.00023329199939325918,True,25,0.7486338797814208
random_rate0.1_seed95_s11-10_g19-2,95,20,0.1,random,"11,10","19,2",16.0,0.0925,0.01,0.09090909090909091,0.058823529411764705,1,0.0027548209366391185,0,0.0,1.0,0.0967741935483871,16,1.0,open space; multiple alternative routes,medium,low,low,low,low,75,0.00018195900156570133,True,16,0.0,20,0.0001449999999749707,True,16,0.9614325068870524,51,0.0003131670000584563,True,16,0.3608815426997245
random_rate0.2_seed95_s11-19_g9-19,95,20,0.2,random,"11,19","9,19",2.0,0.205,0.0175,0.22955974842767296,0.3333333333333333,10,0.031446540880503145,0,0.0,1.0,1.0,2,1.0,sparse obstacles,low,medium,low,medium,low,3,8.416000127908774e-06,True,2,0.0,3,2.4124999981722794e-05,True,2,0.9177215189873418,3,2.1083000319777057e-05,True,2,0.9208860759493671
random_rate0.3_seed95_s8-17_g18-19,95,20,0.3,random,"8,17","18,19",12.0,0.315,0.0275,0.41605839416058393,0.5384615384615384,43,0.15693430656934307,1,0.07692307692307693,1.0,0.16666666666666666,12,1.0,dense obstacles; narrow corridor; bottleneck; multiple alternative routes; maze-like,medium,medium,low,medium,medium,16,3.79169996449491e-05,True,12,0.0,16,8.983400039141998e-05,True,12,0.5168539325842697,17,0.00010037500032922253,False,14,0.6816479400749064
random_rate0.4_seed95_s7-19_g17-10,95,20,0.4,random,"7,19","17,10",29.0,0.39,0.07,0.5573770491803278,0.4666666666666667,79,0.3237704918032787,20,0.6666666666666666,1.0,0.875,19,1.5263157894736843,maze-like; large obstacle block; narrow corridor; bottleneck,high,high,high,high,high,60,0.00013408300037554,True,29,0.0,33,0.0001700409993645735,True,29,0.2777777777777778,45,0.0002341250001336448,True,29,0.45555555555555555
random_rate0.1_seed96_s17-16_g1-10,96,20,0.1,random,"17,16","1,10",22.0,0.0825,0.005,0.08991825613079019,0.0,2,0.005449591280653951,0,0.0,1.0,0.4838709677419355,22,1.0,open space; multiple alternative routes,high,low,low,low,low,94,0.0002368340010434622,True,22,0.0,35,0.0002607910009828629,True,22,0.9700272479564033,84,0.0004924170007143402,True,22,0.2970027247956403
random_rate0.2_seed96_s0-13_g19-1,96,20,0.2,random,"0,13","19,1",31.0,0.18,0.01,0.22560975609756098,0.1875,14,0.042682926829268296,2,0.0625,1.0,0.23076923076923078,31,1.0,sparse obstacles; multiple alternative routes,high,low,low,low,low,147,0.00035283300167066045,True,31,0.0,58,0.0003254170005675405,True,31,0.4695121951219512,83,0.0004822920000151498,True,31,0.3323170731707317
random_rate0.3_seed96_s15-12_g17-7,96,20,0.3,random,"15,12","17,7",17.0,0.3125,0.0325,0.4218181818181818,0.16666666666666666,71,0.2581818181818182,7,0.3888888888888889,1.0,1.0,7,2.4285714285714284,dense obstacles; narrow corridor; bottleneck; maze-like,medium,medium,high,medium,high,46,0.00010599999950500205,True,17,0.0,41,0.00021183299941185396,True,17,0.332,41,0.00021333400036382955,True,17,0.396
random_rate0.4_seed96_s17-2_g16-0,96,20,0.4,random,"17,2","16,0",3.0,0.425,0.0625,0.5695652173913044,0.25,82,0.3565217391304348,3,0.75,1.0,1.0,3,1.0,maze-like; large obstacle block; narrow corridor; bottleneck,low,high,low,high,high,4,1.0957999620586634e-05,True,3,0.0,4,2.9000000722589903e-05,True,3,0.3404255319148936,4,2.6875000912696123e-05,True,3,1.0
random_rate0.1_seed97_s11-2_g17-3,97,20,0.1,random,"11,2","17,3",9.0,0.0925,0.0075,0.09090909090909091,0.2,4,0.011019283746556474,0,0.0,1.0,0.6666666666666666,7,1.2857142857142858,open space; multiple alternative routes,low,low,high,low,low,16,4.320799962442834e-05,True,9,0.0,10,7.558299876109231e-05,True,9,0.8539944903581267,11,7.937499867693987e-05,True,9,0.5344352617079889
random_rate0.2_seed97_s8-7_g9-16,97,20,0.2,random,"8,7","9,16",10.0,0.1925,0.0125,0.2476780185758514,0.0,25,0.07739938080495357,0,0.0,1.0,1.0,10,1.0,sparse obstacles,low,medium,low,medium,medium,12,3.566699888324365e-05,True,10,0.0,11,9.354199937661178e-05,True,10,0.7492260061919505,11,9.120899994741194e-05,True,10,0.6687306501547987
random_rate0.3_seed97_s2-12_g19-4,97,20,0.3,random,"2,12","19,4",33.0,0.3225,0.035,0.47232472324723246,0.23529411764705882,81,0.2988929889298893,16,0.47058823529411764,0.7435897435897436,0.44680851063829785,25,1.32,dense obstacles; narrow corridor; bottleneck; multiple alternative routes; maze-like,high,high,high,high,high,99,0.0002166659996873932,True,33,0.0,76,0.00036787499993806705,True,33,0.49242424242424243,78,0.0003758329985430464,True,33,0.6022727272727273
random_rate0.4_seed97_s2-2_g8-17,97,20,0.4,random,"2,2","8,17",29.0,0.385,0.0475,0.556910569105691,0.23333333333333334,106,0.43089430894308944,21,0.7,1.0,0.875,21,1.380952380952381,maze-like; narrow corridor; bottleneck,high,high,high,high,high,82,0.0001862500012066448,True,29,0.0,75,0.0003357920013513649,True,29,0.13131313131313133,73,0.00032483399991178885,True,29,0.43434343434343436
random_rate0.1_seed98_s17-4_g5-4,98,20,0.1,random,"17,4","5,4",12.0,0.11,0.01,0.11797752808988764,0.0,6,0.016853932584269662,0,0.0,1.0,1.0,12,1.0,open space,medium,low,low,low,low,13,4.187499871477485e-05,True,12,0.0,13,0.00012283300020499155,True,12,0.9634831460674157,13,0.00013558400132751558,True,12,0.5702247191011236
random_rate0.2_seed98_s8-5_g12-17,98,20,0.2,random,"8,5","12,17",16.0,0.2475,0.0175,0.33554817275747506,0.058823529411764705,30,0.09966777408637874,1,0.058823529411764705,1.0,0.7894736842105263,16,1.0,dense obstacles; bottleneck,medium,medium,low,medium,medium,26,6.929200026206672e-05,True,16,0.0,17,0.00012716699893644545,True,16,0.7871621621621622,18,0.0001263329995708773,True,16,0.8006756756756757
random_rate0.3_seed98_s18-9_g16-12,98,20,0.3,random,"18,9","16,12",21.0,0.3275,0.0325,0.4721189591078067,0.22727272727272727,44,0.16356877323420074,10,0.45454545454545453,1.0,1.0,5,4.2,dense obstacles; narrow corridor; bottleneck; maze-like,high,high,high,high,medium,71,0.0001560000000608852,True,21,0.0,62,0.0003095419997407589,True,21,0.17916666666666667,48,0.0002331669984414475,True,21,0.5375
random_rate0.4_seed98_s7-6_g1-5,98,20,0.4,random,"7,6","1,5",7.0,0.4125,0.055,0.5957446808510638,0.375,94,0.4,5,0.625,1.0,1.0,7,1.0,maze-like; large obstacle block; narrow corridor; bottleneck,low,high,low,high,high,9,2.158399911422748e-05,True,7,0.0,8,5.0999999075429514e-05,True,7,0.5,10,5.958300062047783e-05,True,7,0.7352941176470589
random_rate0.1_seed99_s10-12_g12-1,99,20,0.1,random,"10,12","12,1",15.0,0.0975,0.0075,0.09418282548476455,0.0625,5,0.013850415512465374,0,0.0,0.8823529411764706,0.06666666666666667,13,1.1538461538461537,open space; multiple alternative routes,medium,low,high,low,low,55,0.00013820799904351588,True,15,0.0,18,0.00012937499923282303,True,15,0.9058171745152355,23,0.00014887500037730206,True,15,0.6177285318559557
random_rate0.2_seed99_s13-10_g12-14,99,20,0.2,random,"13,10","12,14",5.0,0.2,0.02,0.225,0.16666666666666666,20,0.0625,1,0.16666666666666666,1.0,0.7142857142857143,5,1.0,sparse obstacles; bottleneck; multiple alternative routes,low,medium,low,low,medium,9,2.0958999812137336e-05,True,5,0.0,6,4.283300040697213e-05,True,5,0.7672955974842768,6,3.308300074422732e-05,True,5,0.6477987421383647
random_rate0.3_seed99_s12-15_g14-1,99,20,0.3,random,"12,15","14,1",30.0,0.3225,0.0275,0.4612546125461255,0.3225806451612903,50,0.18450184501845018,9,0.2903225806451613,0.8787878787878788,0.8235294117647058,16,1.875,dense obstacles; narrow corridor; bottleneck; maze-like,high,high,high,high,medium,152,0.0003278339991084067,True,30,0.0,133,0.0006276250005612383,True,30,0.06614785992217899,135,0.0006751670007361099,True,30,0.29571984435797666
random_rate0.4_seed99_s10-4_g4-3,99,20,0.4,random,"10,4","4,3",11.0,0.4425,0.045,0.672645739910314,0.5,94,0.42152466367713004,9,0.75,1.0,1.0,7,1.5714285714285714,maze-like; narrow corridor; bottleneck,medium,high,high,high,high,25,5.483399945660494e-05,True,11,0.0,22,0.00011158400047861505,True,11,0.2033898305084746,20,0.00010666700109140947,True,11,0.5254237288135594
