case_id,map_size,structure_type,seed,obstacle_rate,grid_sha256,start,goal,optimal_cost,target_cases_per_structure
size500_open_random_seed520280801,500,open_random,520280801,0.1,41cd7c79bdcfbeab2d39cade12501b8a78bb26fad86cd36566a1133074b0be5e,"180,1","418,296",533,50
size500_open_random_seed520280802,500,open_random,520280802,0.2,bfd5f656054f3d1310ba9717eebe3cafb7c8893d7b7da4f5e83f25f0a24aeb35,"198,39","72,469",558,50
size500_open_random_seed520280803,500,open_random,520280803,0.3,092e0b5cc8958938372bbdd842456d1172d65e8dbc14ec29a728b32d8760b9e9,"414,283","133,328",386,50
size500_open_random_seed520280804,500,open_random,520280804,0.4,089d334e2866356d69fff224d255f79cd974919706211b48e04581dbf6eb7780,"94,408","94,407",1,50
size500_open_random_seed520280805,500,open_random,520280805,0.1,e3e00348169f7922c7ba598f8c96f6dc2ad5ad8cd6e98cda365a69b506c9a21f,"169,21","371,401",582,50
size500_open_random_seed520280806,500,open_random,520280806,0.2,38b85b4eb5e0e8647961702cbee6a27665c55ed831988f037a5b6898a4fd1484,"495,15","365,406",523,50
size500_open_random_seed520280807,500,open_random,520280807,0.3,5dc9a2ab38818ad039b3165f4c5488163e635c1a36323f4f5c2d557ae12ac0c7,"344,46","189,365",482,50
size500_open_random_seed520280808,500,open_random,520280808,0.4,4ac6a728d1c4d09a298419f176638d12acf808f56d2589f1d339cae09d590e09,"155,69","181,9",168,50
size500_open_random_seed520280809,500,open_random,520280809,0.1,891e1cf6c77ff186f5d97e26c8a58bf19214f1ad2e745810092a190fc9afa81d,"19,36","470,282",697,50
size500_open_random_seed520280810,500,open_random,520280810,0.2,3a6410b718f1790c047b0e5f76e84f7ed50a183420efdf5147865848510889ac,"438,57","267,115",229,50
size500_open_random_seed520280811,500,open_random,520280811,0.3,6fb0c9570482bfd6ddfc4fc1a3c1fdee1be801fb2fbe6b57e46c1ac9c773bb57,"397,477","121,464",355,50
size500_open_random_seed520280812,500,open_random,520280812,0.4,0cd67a8143eeca6bdcb978cd96a4370bb3a5267ef62afc52110f4ea27326f015,"402,269","485,36",416,50
size500_open_random_seed520280813,500,open_random,520280813,0.1,1280c19415f29a06216ca9daefc8bff0328c3bf760bdf0f5a5b8d23fdb2abfe3,"224,295","140,134",245,50
size500_open_random_seed520280814,500,open_random,520280814,0.2,a00203d9178ce4bf20ae3b8e8c0eff148f150b5b93dd9d393a47a694344c115b,"329,63","18,40",368,50
size500_open_random_seed520280815,500,open_random,520280815,0.3,10b7aa3970ebe3e3180a5de2848d8342ca9cdfa187f0b8b692c1af67fa735e18,"113,326","420,333",400,50
size500_open_random_seed520280816,500,open_random,520280816,0.4,e200de6aff4ab1571b9b175580c1b3a71eae91a374a6949c3f51ba1040a9b30c,"224,243","229,248",10,50
size500_open_random_seed520280817,500,open_random,520280817,0.1,b5c1b51cf95616639d5e3caa8819cdca3613ca2537e07058f4ed4f8069e5d07e,"205,120","148,444",381,50
size500_open_random_seed520280818,500,open_random,520280818,0.2,6f027c158beafe1eb8901c22de3658efdc1d6476c8414850bb296d8ed4698973,"244,237","337,167",163,50
size500_open_random_seed520280819,500,open_random,520280819,0.3,f8df05eafd74c1186efdc29901a9ee023a50d34ce5ab9da59874d08c7fe27b24,"303,438","389,233",301,50
size500_open_random_seed520280820,500,open_random,520280820,0.4,d1969bf0850b7e2cdf20cdfbb9e8d268f3a327bd622c4ae17d4fda5349970f8d,"71,304","89,264",116,50
size500_open_random_seed520280821,500,open_random,520280821,0.1,2cd8fd1d6ff2cf54738b8dd51ba72cfc4681159e4903547ab93a53c144dcd9e7,"51,461","47,237",244,50
size500_open_random_seed520280822,500,open_random,520280822,0.2,55c2e930f74cd5d2f613a5143ef244682981bfa263f29396e5d83f97456abbf2,"183,109","391,404",503,50
size500_open_random_seed520280823,500,open_random,520280823,0.3,dc9bd32f81ab2180a8ae600f33125ab1e8e8af4d10ecf84071933271756b798d,"250,485","409,259",389,50
size500_open_random_seed520280824,500,open_random,520280824,0.4,41cecb5963fbb8ac419b6c140bd413c334670390f1455a130d158a54ad7f8218,"152,234","157,126",355,50
size500_open_random_seed520280825,500,open_random,520280825,0.1,e9388eac8910a39ff125119705f23ed6f9fcf304f94dc8c721f1c59cafaede44,"52,45","59,471",457,50
size500_open_random_seed520280826,500,open_random,520280826,0.2,40b1d781026ae6c6d6466220972c5c8e3cfee1bca909f218371e523b295bbecf,"267,10","391,162",276,50
size500_open_random_seed520280827,500,open_random,520280827,0.3,4a5f595db6076cc77dd0cd4305dd8c9e22f53b4099e164f4a8bdb96f9f85d8e0,"179,159","490,414",574,50
size500_open_random_seed520280828,500,open_random,520280828,0.4,35e709e9acb2b47af77b2a8e6e38933e1c89895ef72da3fb3c9c614e0c907403,"85,102","417,40",1004,50
size500_open_random_seed520280829,500,open_random,520280829,0.1,ad6abbbba2631680ad4b6f2cfb9bc7e6efc65bc5dc1596e61c6dce214f3daf5c,"194,370","34,139",391,50
size500_open_random_seed520280830,500,open_random,520280830,0.2,3b12477bf4c70f12fd015fb4de202089e31283e361c046bacbaaf1b27922657c,"162,214","89,212",83,50
size500_open_random_seed520280831,500,open_random,520280831,0.3,b65f96f49d3063eeb13d920f6021d62160834b87ef19e6d8a7b56575d873c7a4,"113,373","248,260",248,50
size500_open_random_seed520280832,500,open_random,520280832,0.4,2dde3c44978d71372bbe666ff62156539b7dd79d7475e19ebb03b12e732cf894,"381,205","185,337",428,50
size500_open_random_seed520280833,500,open_random,520280833,0.1,dca4f9effd70e93d519eddfbb240063e2f7b00790a92a3700a84b67305d6a330,"269,199","431,10",351,50
size500_open_random_seed520280834,500,open_random,520280834,0.2,5ede88e71c877c80975b37160a5ee6d85b774c28e324f7f1fb1a5dd5757bd204,"195,26","182,14",25,50
size500_open_random_seed520280835,500,open_random,520280835,0.3,c27e6149538d7c2349e0a59c19087d2f6b17fc17199f5e9cb94fe2382d15d2ff,"403,393","75,110",619,50
size500_open_random_seed520280836,500,open_random,520280836,0.4,c0514c1b66aa64e5ce2195684ecfe7709f9f834976d4ec4798a6f3a206be53ca,"223,76","24,34",417,50
size500_open_random_seed520280837,500,open_random,520280837,0.1,739504effdefa1be4fd71ec7a00539f5d0d493a9e48f2a3a2340d0414ed27d18,"8,367","362,298",423,50
size500_open_random_seed520280838,500,open_random,520280838,0.2,69a6a5689cd1886cc51182781a9e1d7013fc396f10a431c6ce7bf7134da1a919,"273,497","399,365",258,50
size500_open_random_seed520280839,500,open_random,520280839,0.3,b8b1bf7fac805fa7f6d731c6353258bbc75154b3c357dbdb72fdfc08f4a57ae9,"406,498","192,192",554,50
size500_open_random_seed520280840,500,open_random,520280840,0.4,2bed6bb50fa2f033bc68dbb655360e0f7bef9691bb5b935c984ca2f905e1f2d0,"74,222","190,385",425,50
size500_open_random_seed520280841,500,open_random,520280841,0.1,c03450e2ac5ac56fdcb126487d0244bf1289d6e872c9f0fb68417d885536788e,"437,25","188,180",404,50
size500_open_random_seed520280842,500,open_random,520280842,0.2,983ce5517c1465c5a43955e125ed92c20b0ae78c0ddb770bc01926f9a939dc35,"117,49","191,193",218,50
size500_open_random_seed520280843,500,open_random,520280843,0.3,037f377b840a64580844e95e9000371dee7fbcef52e3b6b248ee7db51a77b094,"57,443","292,354",366,50
size500_open_random_seed520280844,500,open_random,520280844,0.4,74566000a59a2315e5b5a4b04b402ae71a4cc4930ecfffb800393d80af9d9fc8,"380,202","173,161",546,50
size500_open_random_seed520280845,500,open_random,520280845,0.1,33940bc33b792e3ca134c59f54e51e195c40b2cde24f6b7aa20904c475b12b1a,"392,288","288,33",359,50
size500_open_random_seed520280846,500,open_random,520280846,0.2,485c33cb1a907e947595d802317167030b52a1bd2fc2a9ee85c9bcaa311ad908,"476,420","134,352",426,50
size500_open_random_seed520280847,500,open_random,520280847,0.3,0197593cafcfc660c70799ecd229ebd5889c591081ef51b21e4368bac83b72bb,"466,11","373,99",187,50
size500_open_random_seed520280848,500,open_random,520280848,0.4,d32dfa5e895918fc85cf29bb5beb9e48a83eb4de3ff446f11fb015abe705e123,"371,322","356,88",513,50
size500_open_random_seed520280849,500,open_random,520280849,0.1,1a6a009ae97b1d5d28e37407e085e255aa0ad2c63e0ba1d1b96df8daa1d18873,"360,188","316,234",90,50
size500_open_random_seed520280850,500,open_random,520280850,0.2,90dd74e31a08672fd805c2b0dfdbabb69a421b67545026aa83e27253709cab7e,"114,276","318,318",252,50
size500_maze_like_seed520380801,500,maze_like,520380801,0.1,7d644531fd6a17d021962879c38be2bde00040302ea957f0f9d22098a559998f,"330,376","332,378",4,50
size500_maze_like_seed520380802,500,maze_like,520380802,0.2,1513ea3160d19c595dedd8e58339f29870420aa0148a00bddf1777e478040633,"242,201","243,201",1,50
size500_maze_like_seed520380803,500,maze_like,520380803,0.3,a4eaf5b8d37a7e355610f47ecbd15daa23a9a73e00705ff8ef8cadc115dd5424,"195,353","196,354",2,50
size500_maze_like_seed520380804,500,maze_like,520380804,0.4,ee8903df5a4944da31a540201e3894e264b25ed6aaf3834273502c89de79dde8,"351,329","352,329",1,50
size500_maze_like_seed520380805,500,maze_like,520380805,0.1,a7008f7c072ab76f26d05013bdcadb3417161192054109a9fc02aba7bc830122,"95,221","97,220",3,50
size500_maze_like_seed520380806,500,maze_like,520380806,0.2,fa4d6754cddf6b68cb16f29943600e156444c18c7b68977479a95d9c263044ed,"73,204","73,205",1,50
size500_maze_like_seed520380807,500,maze_like,520380807,0.3,6107e2d995d50dc28cd5053f05f2a5534888a2183b8695c02fe82b03908f874b,"130,265","132,265",2,50
size500_maze_like_seed520380808,500,maze_like,520380808,0.4,2872b4a556cccce3fc92fe84797be1a18bafcb666be4f8c68a583a61a2ed4f32,"57,345","58,344",2,50
size500_maze_like_seed520380809,500,maze_like,520380809,0.1,2cd57b383666279aa234228b722a2ca62f54cc929c238582083bb8a517a9ab1a,"416,120","417,122",3,50
size500_maze_like_seed520380810,500,maze_like,520380810,0.2,e95ba15bd98445d21d97f378e7f62af0695bdc68f37c231e712dff9a59eb7e11,"446,77","448,76",3,50
size500_maze_like_seed520380811,500,maze_like,520380811,0.3,38b331b72826eaf7b607b2249c26358f6e66e956f284dac52ae5984d16ce7b31,"346,106","346,105",1,50
size500_maze_like_seed520380812,500,maze_like,520380812,0.4,b0725fc1a83b96deb8066614489aa3475cdc9393b2820727d82ef825661cfb62,"22,126","21,126",1,50
size500_maze_like_seed520380813,500,maze_like,520380813,0.1,c2696caed53d419798b35097c70d8b43d368fe488881e8ca462bf3ceae28c2b4,"368,120","367,120",1,50
size500_maze_like_seed520380814,500,maze_like,520380814,0.2,4a8ca8a623b58302ad2459039f6b802a704662c207ce6b1d603b0d0a0df92f1f,"153,309","152,310",2,50
size500_maze_like_seed520380815,500,maze_like,520380815,0.3,dfac8643e0481cf9610bf70b4690308f62294394aafff60f8150d6a3eebc048c,"457,49","455,48",3,50
size500_maze_like_seed520380816,500,maze_like,520380816,0.4,2a781a34414177885f1076c110880ce19e8944f058283f8d2d373536dae14085,"245,276","246,278",3,50
size500_maze_like_seed520380817,500,maze_like,520380817,0.1,d0b6c8ca7e5871c0465d2dd104292ce48eaa9c95a5e0b81099402e7ef8cf39c6,"476,436","478,436",2,50
size500_maze_like_seed520380818,500,maze_like,520380818,0.2,6c4a9bee7ff039737a26a6f7159f7ec0c571c8b6d50911d219a4acbb82191df1,"95,478","96,478",1,50
size500_maze_like_seed520380819,500,maze_like,520380819,0.3,0eee0d5e96948bb76c587e20eebd19567d78f6664734c73c9f0212de11207a5b,"321,98","322,96",3,50
size500_maze_like_seed520380820,500,maze_like,520380820,0.4,a94d677a5dc13ba3d4b3983fcb66a9022c51395f3d6ac011a5265122b17ec169,"137,342","136,340",3,50
size500_maze_like_seed520380821,500,maze_like,520380821,0.1,849549b9952735601d94a46e94bf5bd4f93c7f60ad2bd175b1db6a4f6ee17cbf,"213,354","213,352",2,50
size500_maze_like_seed520380822,500,maze_like,520380822,0.2,847549b785769154ba1ec1d26da898d1a021c85b08e54dcbfc0b5bbf016c6422,"156,278","155,276",3,50
size500_maze_like_seed520380823,500,maze_like,520380823,0.3,685284b7d4e72e2c2ad5276e6c3748fa7e2ab3bb88120b5b5982fd659e1d0470,"205,468","206,470",3,50
size500_maze_like_seed520380824,500,maze_like,520380824,0.4,41afc8f7958826b35d28d3cb133d39dc789175888f4959eebd81093b380e8a57,"145,429","147,428",3,50
size500_maze_like_seed520380825,500,maze_like,520380825,0.1,f7b0fb587a49c38136b2d6ed22eafd326d8067597cecfbd55afbf167d2fc293b,"215,78","215,77",1,50
size500_maze_like_seed520380826,500,maze_like,520380826,0.2,06d4b82475b9f98423b27487a58e489ccb48596830fea3697c1298533af0cf82,"253,222","250,222",3,50
size500_maze_like_seed520380827,500,maze_like,520380827,0.3,0d7712f1b463772ed7abf66a2a92f7fe696b4c9b621b4d1ce2ec565f2ba4cfd3,"195,424","198,425",4,50
size500_maze_like_seed520380828,500,maze_like,520380828,0.4,99dff6e664202045b0d5f956523af351ca6ea87276c7ebadf47d3cae679d5064,"237,314","236,314",1,50
size500_maze_like_seed520380829,500,maze_like,520380829,0.1,59cfc245cabb2224c6393bff8057bb53a757bd41b15b8a916335e75b7a53330e,"387,368","387,369",1,50
size500_maze_like_seed520380830,500,maze_like,520380830,0.2,0964af833d6a646ca1294ac29a96646f810a9b87e2ab7e4ef467189d36fdb5c5,"233,414","231,413",3,50
size500_maze_like_seed520380831,500,maze_like,520380831,0.3,69b23d4feeacc9fe2fd7672ce2709efc642d274669a05ff08de7aeae20d05414,"191,88","190,90",3,50
size500_maze_like_seed520380832,500,maze_like,520380832,0.4,07026436f09cb8a0176e7560b67912b8f86947d6e6317cdc74ce60ce7f19e2e7,"153,246","151,246",2,50
size500_maze_like_seed520380833,500,maze_like,520380833,0.1,314b774b29d891a634562acdc71e4a8f4b3a991869a03728f4dde0f89ea53e61,"486,60","486,57",3,50
size500_maze_like_seed520380834,500,maze_like,520380834,0.2,9029a90a653c44f59f2c261ca44e614ac7b52c469bd4ef2f640c26cca3ef4ca7,"220,482","223,480",5,50
size500_maze_like_seed520380835,500,maze_like,520380835,0.3,4039ca87e42e8be3b9b4d15fc0c326401b0e3823975f2ec27dc9df4d781fcd01,"28,146","27,146",1,50
size500_maze_like_seed520380836,500,maze_like,520380836,0.4,3528900102c83352719f374c197668518c75ab16b6ba58036c7deb51dfa6aad2,"187,206","187,205",1,50
size500_maze_like_seed520380837,500,maze_like,520380837,0.1,b5de7381977c10aec946cfdd47aa75656ecf799a2fab05788a88711a3fba5722,"310,464","313,466",5,50
size500_maze_like_seed520380838,500,maze_like,520380838,0.2,c3da4b8ee642c4a56b514e5a3877d243964df0905264edbfb06d41c7ba1ad0be,"37,36","38,38",3,50
size500_maze_like_seed520380839,500,maze_like,520380839,0.3,efdb223d24dc3fd47117ad5d19f18a827fae8158bbaee59c30ae588335b805dc,"345,385","345,384",1,50
size500_maze_like_seed520380840,500,maze_like,520380840,0.4,f793e8bd08c9a3043ca2caabbf35ae46017c787f04b5de18eb6c858c50fa6475,"368,124","368,126",2,50
size500_maze_like_seed520380841,500,maze_like,520380841,0.1,770581491c8307d027283b4d8d110ebd3a096f10fc58529127e0b12de818533d,"26,341","25,340",2,50
size500_maze_like_seed520380842,500,maze_like,520380842,0.2,1928c43be2de48fe554088084d476b4ac40d556d8f9a51a99fc0c92155b49c6c,"87,157","86,156",2,50
size500_maze_like_seed520380843,500,maze_like,520380843,0.3,15be17464fd3c60f947fd5763ef6cf03d223f72be334e766a3add5794bf1b74c,"77,245","77,244",1,50
size500_maze_like_seed520380844,500,maze_like,520380844,0.4,e74cb3f3a7c51f2148de45631507590fb2245bdf5c54afeeba44439ea4ab2147,"176,56","175,57",2,50
size500_maze_like_seed520380845,500,maze_like,520380845,0.1,354f925f9d915298e74a91dd2c157c0f6bba083058314e9794476a38705ffdb0,"230,330","232,328",4,50
size500_maze_like_seed520380846,500,maze_like,520380846,0.2,739d2d1e0623af7ef9105e1dc87bca1ebf1b7f66a9c0d188280ce692dc1069cf,"73,170","70,170",3,50
size500_maze_like_seed520380847,500,maze_like,520380847,0.3,ea72e37c38fff3e6646ead9f7e5a31f9aeea2d2c624df94fd85f3357b9617c42,"17,356","18,358",3,50
size500_maze_like_seed520380848,500,maze_like,520380848,0.4,b548432176088ec6d06794455bd0ed11ab463dfdea93448a95c318d9329f1089,"316,74","317,72",3,50
size500_maze_like_seed520380849,500,maze_like,520380849,0.1,1bcee33d0a43cf949c11cd94a393afb9d5df8cbd0200bed68cf707da79ccc4f1,"237,408","235,409",3,50
size500_maze_like_seed520380850,500,maze_like,520380850,0.2,6d3e04d6ddefb950075950b4848c447669544358a43e0752080bec9886e9dcc3,"373,340","371,341",3,50
size500_bottleneck_seed520480801,500,bottleneck,520480801,0.1,2a2ebda916801e075ecd9b37a71cf72fc4760e9bc481b0cb8da241d3d2d3617c,"9,257","316,71",655,50
size500_bottleneck_seed520480802,500,bottleneck,520480802,0.2,450fde77b7825ff5a9f3e6e3c83795a29b0fe1c377186e15d9e92dcd6b124a72,"28,225","375,180",392,50
size500_bottleneck_seed520480803,500,bottleneck,520480803,0.3,d8ca538baa33b8933714fb40a8df23f3d3b6d6547e458cdf66d65cc35be3b8ae,"489,170","376,162",121,50
size500_bottleneck_seed520480804,500,bottleneck,520480804,0.4,81e9cf823f63133f0282347827080db0816488a6c178a78ce61d09ec13600574,"324,398","325,486",89,50
size500_bottleneck_seed520480805,500,bottleneck,520480805,0.1,caf4531d0afa833a1ed2baabfbd6139aea906fb92768977da39a59eadfcccbec,"296,70","321,453",842,50
size500_bottleneck_seed520480806,500,bottleneck,520480806,0.2,5f93277831c21dddfd5048d30ee3467a370d08791ecad1702466d9d517c3da77,"107,255","211,20",339,50
size500_bottleneck_seed520480807,500,bottleneck,520480807,0.3,5cd5132cee564bab432b1b47443ca001945554e8c621a9350ee805c9f604ad2e,"314,79","432,336",809,50
size500_bottleneck_seed520480808,500,bottleneck,520480808,0.4,461be348b0e6b1d50feacb1af258e8d3b38831733babdffc258399f7cecc0158,"241,469","107,248",779,50
size500_bottleneck_seed520480809,500,bottleneck,520480809,0.1,4f7c0cad89a23b4e72f17e884de3338ce92854ca02b6aed3e4c69010f7c43e50,"115,54","205,372",408,50
size500_bottleneck_seed520480810,500,bottleneck,520480810,0.2,999f2cd8f056a65f31be1d9e3956d3e0cae6216e118309fcf212023d72fa2b06,"270,251","15,175",333,50
size500_bottleneck_seed520480811,500,bottleneck,520480811,0.3,6f37b92ac9a3537168c3a64c5959d52f8264418d10417e3b34517337358370a1,"338,392","462,40",1052,50
size500_bottleneck_seed520480812,500,bottleneck,520480812,0.4,0df1d0167dc2856a565957ec0fea2e9035bddc80d4ad19859649ef1e577be50e,"108,189","65,161",71,50
size500_bottleneck_seed520480813,500,bottleneck,520480813,0.1,6722773305b24112696a2cc8c0d5103b2f454dea64ba483c4322fd0e3294ba43,"450,33","159,468",1012,50
size500_bottleneck_seed520480814,500,bottleneck,520480814,0.2,1053843634d4ce2bc314e2374ec522a5df1f6a5b92f87c3c455c4b2e7355b024,"155,187","282,160",154,50
size500_bottleneck_seed520480815,500,bottleneck,520480815,0.3,8cbbd3284dbd42a1ec58035d711dee521c1bf26944c4d1958d2a46d1a677659d,"378,376","265,209",696,50
size500_bottleneck_seed520480816,500,bottleneck,520480816,0.4,bd0f92a43efa4f29218204612ebe8ed95a0b36c626ff04f188c2024d3aa930a9,"69,236","143,384",360,50
size500_bottleneck_seed520480817,500,bottleneck,520480817,0.1,829ae516201a3757231302c813fd4302cc38232ae635202775dedef1c30a0263,"37,141","405,45",464,50
size500_bottleneck_seed520480818,500,bottleneck,520480818,0.2,03a65723dd317e582fb058a8a690fbcac1996b0e85d80136fce0fa8fc3038fdb,"376,155","464,351",454,50
size500_bottleneck_seed520480819,500,bottleneck,520480819,0.3,14f2d4c6b9c79b01328091f43715b4efa408e93a119dec32db1857b48dfce940,"163,91","355,391",816,50
size500_bottleneck_seed520480820,500,bottleneck,520480820,0.4,df7b1764eb06552edfa8748efce8b1dfd20422e20e86be8f010161f75332d326,"160,353","192,139",690,50
size500_bottleneck_seed520480821,500,bottleneck,520480821,0.1,c972f64a8a3b086064f5fce89501d6851c844dd1dc6247fa536eaa3bf5cfab7a,"351,402","120,496",325,50
size500_bottleneck_seed520480822,500,bottleneck,520480822,0.2,cd0a801b02f0a72c151c7513b13a8af908e7cc87ff1ce445498b14e61155175c,"115,120","346,86",265,50
size500_bottleneck_seed520480823,500,bottleneck,520480823,0.3,9489a4679b213cc6565d1027382bb7a1963be4c664906d55d7fd112f146b220b,"45,362","163,49",463,50
size500_bottleneck_seed520480824,500,bottleneck,520480824,0.4,867d5898ad1ed47fd71ba718e5b56eb8b8eee81cd1a1662e00b4d11ee71350da,"91,121","478,125",395,50
size500_bottleneck_seed520480825,500,bottleneck,520480825,0.1,e1dea89f9721e026a24de09f2c2d3f66e4832878789ad77a5059132c3a236b4a,"132,107","199,140",100,50
size500_bottleneck_seed520480826,500,bottleneck,520480826,0.2,a1eac6fad231573b197331e975645025c72a49634fbc0b32d3203769b63675d2,"88,365","191,157",691,50
size500_bottleneck_seed520480827,500,bottleneck,520480827,0.3,11d5e02a795fc6791d6056d28d62deeac37df88151ba091e2df83d21249eb5d8,"224,6","364,143",277,50
size500_bottleneck_seed520480828,500,bottleneck,520480828,0.4,8461fa8895b9b5bfa110a3e769d0504a47b4497972d93fb80aa18377deb6c137,"231,288","187,272",60,50
size500_bottleneck_seed520480829,500,bottleneck,520480829,0.1,5f2d2ef139a2c44fe880caa83460822d44a12d9dc40be6af0fb3cebf0f8d944d,"170,418","276,254",270,50
size500_bottleneck_seed520480830,500,bottleneck,520480830,0.2,99bf295879e5668ca21c3890516b211cc3f609a41f9033c986d010375d028e26,"333,394","447,90",418,50
size500_bottleneck_seed520480831,500,bottleneck,520480831,0.3,7490a16cb372b32ac355445afc9e9cbc408b248c146cac951232170b4996f3f5,"486,147","164,368",567,50
size500_bottleneck_seed520480832,500,bottleneck,520480832,0.4,8f4161b9800f671105e1e1cc7e442d537a73ac2db9bc4d2eb349fe62dacff8a8,"432,230","289,114",259,50
size500_bottleneck_seed520480833,500,bottleneck,520480833,0.1,f2bc882440ec50b0cd6ccdc5b367c5f5b1b2ea1bfe413c0405107b921b23a52a,"208,0","307,429",542,50
size500_bottleneck_seed520480834,500,bottleneck,520480834,0.2,938368aab2e90989f5f169d8da1947185c7828ac7eadfefad7e325039f2bf0c4,"165,123","179,194",85,50
size500_bottleneck_seed520480835,500,bottleneck,520480835,0.3,117dfece154ae288c97bd909fa7713dcbb108e2799e006f938b90856fb50cb73,"78,283","414,293",346,50
size500_bottleneck_seed520480836,500,bottleneck,520480836,0.4,88b047ec142a11170233fe96929f54517f2b8033d63d6ad8aaecbbeb3b6ca581,"140,359","199,432",132,50
size500_bottleneck_seed520480837,500,bottleneck,520480837,0.1,39ba1828244b8b99fa090e9c4ac1a9008f17737cdd7eebfd2984c61c3b6f4c4c,"86,88","325,138",289,50
size500_bottleneck_seed520480838,500,bottleneck,520480838,0.2,67b0045a5a24280c15fb6a3a2c683c81a318c1a36261c8beac59ae6a1a489eb8,"164,32","376,26",220,50
size500_bottleneck_seed520480839,500,bottleneck,520480839,0.3,dafa8e59a770f195c8c03a337aef8215c8a4333b114c5d6bd0208aafc7d29f25,"436,472","120,306",482,50
size500_bottleneck_seed520480840,500,bottleneck,520480840,0.4,78c18a637ae3e439cdc9c341004cbce1673b356c2cd1f0fd698779f87965d5fc,"154,411","286,104",503,50
size500_bottleneck_seed520480841,500,bottleneck,520480841,0.1,b54358d8f6ea7b654d950c860df0b446f1fd69eea0eadb657a25c78e20a55a70,"344,490","169,326",339,50
size500_bottleneck_seed520480842,500,bottleneck,520480842,0.2,9f9fbf89489a3f9ae228f4a05a96f9181800bb5c88441426133ebe0dd273addf,"191,399","404,150",736,50
size500_bottleneck_seed520480843,500,bottleneck,520480843,0.3,046930698e68a1ee3d1502118bda8421843db27a54d4a52f5f18e3a546978ad0,"148,383","231,479",179,50
size500_bottleneck_seed520480844,500,bottleneck,520480844,0.4,205651cec8348cdd1720b76e14d5e2873caff7487eb0e76e0303830af4a675a5,"221,300","50,67",496,50
size500_bottleneck_seed520480845,500,bottleneck,520480845,0.1,c52af2df18812da89ec84cb5fd524f80116fe1a678321ed10eb6c03a591c58f0,"481,279","197,122",501,50
size500_bottleneck_seed520480846,500,bottleneck,520480846,0.2,2cfee9c603efb05cc35d4e1b3406a5058a152365bec25d1ddaf276128dfd0f8b,"201,165","198,109",59,50
size500_bottleneck_seed520480847,500,bottleneck,520480847,0.3,65bf46047e043fc03027402cca509c7619a8746925665d42c7c7407aae4d54ff,"370,4","372,84",82,50
size500_bottleneck_seed520480848,500,bottleneck,520480848,0.4,0e1a17db57d26827ff9145ffd82b0e8feae9779b25358556534bba54787a33c1,"59,95","206,332",776,50
size500_bottleneck_seed520480849,500,bottleneck,520480849,0.1,f38e32756332f9cf8046209865883e02bd4d1b48b36af0c9c990e4eaee3957d1,"51,291","190,453",301,50
size500_bottleneck_seed520480850,500,bottleneck,520480850,0.2,15586d0c3a43e4a479a9af868df783dcb50a3a040a896ec80d4fa2862eb9027c,"400,26","105,145",414,50
size500_large_block_seed520580801,500,large_block,520580801,0.1,6a9b1728f21d6c130a9282834e97a0e889306a22a7d312d221a926df3b394003,"335,433","169,292",307,50
size500_large_block_seed520580802,500,large_block,520580802,0.2,d3053c7758d955cc006e4792d2f072adccd2151a0a986c0df8c6085a4bc72022,"109,59","410,67",309,50
size500_large_block_seed520580803,500,large_block,520580803,0.3,edf1013aa63c3c58f59946304b83a64b1c02b5e12de7aa10322239cdacae3fa5,"142,398","5,233",302,50
size500_large_block_seed520580804,500,large_block,520580804,0.4,48fcb490ea159de0f0b0982eff0218260d57baa7b8f9a73d9a52f06c4c0abfed,"241,237","192,421",233,50
size500_large_block_seed520580805,500,large_block,520580805,0.1,7981d59d7216cb0bcc45c51405a94087cdd84f7783a1f94725d6e73bdba359ff,"306,75","196,324",359,50
size500_large_block_seed520580806,500,large_block,520580806,0.2,ef129eb95225135cef34a358108aa9b32bf2433bfc7ba17c8dc1ea999917e553,"118,356","405,64",579,50
size500_large_block_seed520580807,500,large_block,520580807,0.3,0792ed0e90a372acdff6873342cf7b59ede0a00f30f5ece0353809413542b9e3,"375,418","478,285",236,50
size500_large_block_seed520580808,500,large_block,520580808,0.4,fee6829b35bb9e34e82af75b55465fecd36d74b0b933e1e9897e7be1b00f28d9,"457,124","402,215",356,50
size500_large_block_seed520580809,500,large_block,520580809,0.1,d7a4f0d12e0e1776f09c8e108918ab0ff3fe134017aea774209981199cbd85a4,"46,36","152,143",213,50
size500_large_block_seed520580810,500,large_block,520580810,0.2,3a0912682d0d6142e293d16b40c57e4b3fc3d8b89f590f9fb7baffb37b71e9c0,"442,433","469,405",55,50
size500_large_block_seed520580811,500,large_block,520580811,0.3,effd7cb06fd0793fc62797b75e7c2c49e0f438ba2655b47b5f10d1a8c5b0fd18,"407,158","311,477",415,50
size500_large_block_seed520580812,500,large_block,520580812,0.4,15d59ad19e551ca2c47f53e9833352bf623d487b1e05547e2fcd2e85054e4f03,"26,170","53,127",70,50
size500_large_block_seed520580813,500,large_block,520580813,0.1,f920a4e6762db3b480b2878c93b75505ec94cbb0f3b83c828883d092138b9fb0,"396,430","492,38",488,50
size500_large_block_seed520580814,500,large_block,520580814,0.2,ca494e06d10e2cad1cee1a44dd7f033c13d334a5996e754c79635482e6d46c7c,"492,435","393,159",375,50
size500_large_block_seed520580815,500,large_block,520580815,0.3,655c84483e6289a029a9a8841b07fe077279e8f959cce6e937d39496e7a407d3,"352,165","327,268",128,50
size500_large_block_seed520580816,500,large_block,520580816,0.4,ff58f166204869e0184fedfdfffdb6513022585937b3b76c9268f22d9ca8260f,"367,384","230,238",355,50
size500_large_block_seed520580817,500,large_block,520580817,0.1,fad9567a3e7ca5ae495e234d6eebc177f0ed9e2f8d96c2347402e38518398c79,"464,190","65,55",534,50
size500_large_block_seed520580818,500,large_block,520580818,0.2,4f368e717f208c6e80102825938301e716dbbc2f99ea48d36880808ae9eca949,"172,133","49,418",408,50
size500_large_block_seed520580819,500,large_block,520580819,0.3,d6045825501b0a7c203e9632083e5b9a633c2d386a75a281ed18da479a3b2241,"297,342","437,476",274,50
size500_large_block_seed520580820,500,large_block,520580820,0.4,6ea7d99800f4a2b16f4f49a74764eab723e93338c5de3dc42581d921b93ece0c,"269,332","95,267",239,50
size500_large_block_seed520580821,500,large_block,520580821,0.1,c0c6042ee24e25adb93749c46d6b8d99b74f7dee3bd7ec20d9ba15de0d7677b7,"88,241","468,70",551,50
size500_large_block_seed520580822,500,large_block,520580822,0.2,911a32b14aca72bd6cc90ed31116a7eb850dab80e9b711ea0791caffd544151f,"266,342","35,401",290,50
size500_large_block_seed520580823,500,large_block,520580823,0.3,fd09bfef737371ddd6ddf99db819bc24726173c4c2e1f332da7ff4dc3bae02a2,"6,141","291,409",553,50
size500_large_block_seed520580824,500,large_block,520580824,0.4,aefa6f9ec542c07046291a433f5e0378fada40cd570376b36a61be15c9bbf73d,"466,422","135,423",484,50
size500_large_block_seed520580825,500,large_block,520580825,0.1,8452ae58f9aaed085f09bdb335a665d8a37b0eb94203fe47f34fed698a00d69c,"109,390","169,52",398,50
size500_large_block_seed520580826,500,large_block,520580826,0.2,81de996ed3c379f0bae89350edd148b1aefe47e4c2e99e822bb6b9c05838bdf2,"243,165","81,29",298,50
size500_large_block_seed520580827,500,large_block,520580827,0.3,055682da77dd8ead20945a4f064bfb3f2db0196e6ce2b2879718c810e96ac63c,"397,222","25,203",479,50
size500_large_block_seed520580828,500,large_block,520580828,0.4,84752a83f79268785e416fc4fbc91b5f436aeaf08bc486da1d577ffafae560b4,"275,444","16,13",690,50
size500_large_block_seed520580829,500,large_block,520580829,0.1,ea06f27f4f92a26460b57a3910ed33c46c04c9adc5db13ae53b37d0c588669a0,"249,155","239,485",340,50
size500_large_block_seed520580830,500,large_block,520580830,0.2,ad1208c6cf8b338842b8b18d04e8e277d6e8aa4112760d9042d890cfc189f696,"366,405","487,305",221,50
size500_large_block_seed520580831,500,large_block,520580831,0.3,930c2e6a819ff7047868f93996d4b16421b313ab2fcff9583be748bb9e04cabd,"9,243","206,42",398,50
size500_large_block_seed520580832,500,large_block,520580832,0.4,f2b47b80cef61a781c26aec2df2bb4138f854411631e9874086e8f141b838c40,"448,16","335,139",236,50
size500_large_block_seed520580833,500,large_block,520580833,0.1,7e25dae91ec63dd00ed9e62487462d2fe1dedd3408c6a8aa2244f63b5d1dbf2b,"373,428","339,58",404,50
size500_large_block_seed520580834,500,large_block,520580834,0.2,fcae8f1f26218954d73560ceba94220f6bf142e0d0648018ff65b1c343ec1ed7,"129,438","377,371",315,50
size500_large_block_seed520580835,500,large_block,520580835,0.3,b743170ce46465e4a5c25f66a9e14295a5c72d192488af85ef12f94c6f78bc81,"427,143","437,341",208,50
size500_large_block_seed520580836,500,large_block,520580836,0.4,bdcf81d4cb68207f09e536ff30344066812bf83d9661f2708e548635635c96b0,"308,384","484,124",436,50
size500_large_block_seed520580837,500,large_block,520580837,0.1,a45d2be554f40c6c37182a1adbf08bfe1b6a461f8af8b91ce592ac53b3711d54,"120,366","184,391",89,50
size500_large_block_seed520580838,500,large_block,520580838,0.2,e29fbcef286a6b3132dd8d56e11cd1a2e49bda5680c722991634e7edb1c9a634,"344,53","313,253",343,50
size500_large_block_seed520580839,500,large_block,520580839,0.3,d7200d643b57cb02b89ed7251b6051b084ca8042b1d268dbcd3207535ac74d9b,"420,330","14,38",698,50
size500_large_block_seed520580840,500,large_block,520580840,0.4,7076d112ab8175a771544c82033c7ab1ae42e58b3e1a3cebbd2b9f7f145e8ec9,"399,463","487,463",88,50
size500_large_block_seed520580841,500,large_block,520580841,0.1,38286402e8cbe9a5769bb10a6f79bfaf95a9a63111960924bca0139488de0708,"0,158","270,23",405,50
size500_large_block_seed520580842,500,large_block,520580842,0.2,2adbda08e56c7279ed544b743a15a5e46e8f14eb285ea86df479562890bc3a6b,"440,8","28,53",457,50
size500_large_block_seed520580843,500,large_block,520580843,0.3,003e0ce71793255b3435edae1f88fe8b3a35f13458b932036416ad261e4ebe23,"24,1","482,160",619,50
size500_large_block_seed520580844,500,large_block,520580844,0.4,00ffeda7134129467528ac57de0c75a358c2ff47a092d57dda40b782780a617a,"23,214","432,494",689,50
size500_large_block_seed520580845,500,large_block,520580845,0.1,f1b8720077f9154ff3dbdf675b33c8dadd5dd39dce9cc490322fe26b48005a65,"182,451","298,391",176,50
size500_large_block_seed520580846,500,large_block,520580846,0.2,19728013400a1f714155ec16f811c73a02cd8967c740de8d25490f6514077864,"202,67","337,52",150,50
size500_large_block_seed520580847,500,large_block,520580847,0.3,11753be4da683b611444a13bbd4447f88a44e1459d6d3425381f16b92c49fafb,"489,382","487,478",98,50
size500_large_block_seed520580848,500,large_block,520580848,0.4,51aa7c436ff765d7d16fe4857158ac8eb68797326889639761fd9ae1cc5694bf,"363,272","9,161",919,50
size500_large_block_seed520580849,500,large_block,520580849,0.1,85d45101b5cff9d0ea2565e7ad976ef17f8308aa1a52e16ffe0d51e15a174ee8,"198,269","244,239",76,50
size500_large_block_seed520580850,500,large_block,520580850,0.2,a39f863e75ed451174c1a7f776075eb97339fc2da6ce7f5475da35e02f7a75e4,"186,341","459,200",414,50
size500_narrow_corridor_seed520680801,500,narrow_corridor,520680801,0.1,eed7874a91a71148a4c0384bd139fcdc618f26a24987b6a421616a1425e436f9,"496,434","190,92",648,50
size500_narrow_corridor_seed520680802,500,narrow_corridor,520680802,0.2,49399ecc1996c524ee00cc00adef4c4e6ba334d02c78c2a465d26db5d2ab87f9,"332,339","479,12",474,50
size500_narrow_corridor_seed520680803,500,narrow_corridor,520680803,0.3,414487a4376f26e17e006f0043bacece8d778dfb79471fe259939cf5339eedc8,"242,70","204,161",129,50
size500_narrow_corridor_seed520680804,500,narrow_corridor,520680804,0.4,da1b9b454ff30078d8b114b7891b524f3b8ae891318a854dd7776b57de2baf54,"86,478","306,106",592,50
size500_narrow_corridor_seed520680805,500,narrow_corridor,520680805,0.1,cb3477c60fc2ea498bb106ea24230848cfabeeadcf5da14e8c24475be0fed9fa,"373,136","300,69",140,50
size500_narrow_corridor_seed520680806,500,narrow_corridor,520680806,0.2,4890f91cb311d182c3d30180e9bdb65305ce6beb7dd86659982da7931ff95477,"332,373","455,73",593,50
size500_narrow_corridor_seed520680807,500,narrow_corridor,520680807,0.3,e10301091a5f1472096e436e42cafa56ae30895c57f6bd26c782e6d023bad629,"356,429","332,453",48,50
size500_narrow_corridor_seed520680808,500,narrow_corridor,520680808,0.4,bf3d0eb8e06baf7c4ce1c2dc734f9368b2fbd2ad7f805b36a16307a0a0b9c404,"186,146","370,116",214,50
size500_narrow_corridor_seed520680809,500,narrow_corridor,520680809,0.1,67319fb349f7ac72faadd56faaf173f08cddc2c488695f63348ae5bc5657f144,"193,73","387,48",219,50
size500_narrow_corridor_seed520680810,500,narrow_corridor,520680810,0.2,a8be1922ae397bb58639cceab55da1a8df8eabc074f9eb4c8abff1953db5ddd9,"127,348","420,23",618,50
size500_narrow_corridor_seed520680811,500,narrow_corridor,520680811,0.3,40cde50f80eacf337c195ff9b28c3eceafad098fc180a044d4dffddc51d81ba6,"146,26","8,94",206,50
size500_narrow_corridor_seed520680812,500,narrow_corridor,520680812,0.4,d2101646bffb717d4ee7088fa9ff2b7da43ea4b4930e895235252eaebd48fbc4,"7,383","119,344",151,50
size500_narrow_corridor_seed520680813,500,narrow_corridor,520680813,0.1,cba021e13ebdac2815a3370f882f8aab48eb56fe32a7d7d8c6bab1c6ad4dac22,"399,28","35,336",674,50
size500_narrow_corridor_seed520680814,500,narrow_corridor,520680814,0.2,d6538652582fcbd06d151e3e3a1ee5b239a03f687de456438ab8eb49ee9099ed,"447,90","113,131",375,50
size500_narrow_corridor_seed520680815,500,narrow_corridor,520680815,0.3,ba231dfa94064d0388890dc7fa0e55cb115caf30d746463549f6dd8c8b5e10fc,"355,11","460,17",111,50
size500_narrow_corridor_seed520680816,500,narrow_corridor,520680816,0.4,92fe25bce219da13957b91124e65886eeedefd2fd111e04fb423c629b5de7551,"358,27","483,347",455,50
size500_narrow_corridor_seed520680817,500,narrow_corridor,520680817,0.1,14e77e1ee609f0f27c2cea041d7a24168662e631622fa106771aad0e6ddbb7c6,"353,142","145,473",539,50
size500_narrow_corridor_seed520680818,500,narrow_corridor,520680818,0.2,e544f78b14f662ce6fcea9356fc5b1d7b02281256acfcf568c1bb7cf24593ac5,"190,473","137,408",118,50
size500_narrow_corridor_seed520680819,500,narrow_corridor,520680819,0.3,741596822dbcf2d30d2ca5b89c04603e9592ce15ef4b5413b63bdd9c7e91900e,"286,493","124,420",235,50
size500_narrow_corridor_seed520680820,500,narrow_corridor,520680820,0.4,b50961e6b227d05621c0c9a3607592a3c242f97f92a6d9387bf5d60e33d4858c,"85,495","255,65",728,50
size500_narrow_corridor_seed520680821,500,narrow_corridor,520680821,0.1,ab2dc25ac54bd104b336e0862435a91e1c1599bc3a91edee857e9211e979846e,"457,89","259,70",217,50
size500_narrow_corridor_seed520680822,500,narrow_corridor,520680822,0.2,e673b8e7f8d635b26530b900abe390b9d3631ef1e0f0eb909f1f3ae41c6db897,"40,61","301,457",771,50
size500_narrow_corridor_seed520680823,500,narrow_corridor,520680823,0.3,2e11004c0d7639442b1196751ca70307ca1112e8ec29593c6abe26609773fccb,"248,85","78,24",231,50
size500_narrow_corridor_seed520680824,500,narrow_corridor,520680824,0.4,3cb1d0da20c98e3531dc2789d2bcaf916fdff4af40d7fb61641a69b09a266a91,"83,25","74,63",47,50
size500_narrow_corridor_seed520680825,500,narrow_corridor,520680825,0.1,2ff38a274f0dc6567170b807b2bb375e179ece4bb63fa248a2462555b4b63e2a,"332,99","172,4",255,50
size500_narrow_corridor_seed520680826,500,narrow_corridor,520680826,0.2,1d5729fca1bb3660ccbcefff6af459478db729a16b5e9fd06862ffcc8afc2898,"136,65","429,115",343,50
size500_narrow_corridor_seed520680827,500,narrow_corridor,520680827,0.3,3bd878458177142fe7d328dc6e1f08886a756ec24d34242b4cc0a328c3b0f9e4,"245,145","63,402",663,50
size500_narrow_corridor_seed520680828,500,narrow_corridor,520680828,0.4,fcafcb8ae46c920121dbb97e6f876e643f9d24cff1f05f94cd15e758d837c517,"352,165","155,123",239,50
size500_narrow_corridor_seed520680829,500,narrow_corridor,520680829,0.1,5008682afcbe33890c98c0ce077783163617bffc8e16da08ff1bd189a636f9c8,"295,419","113,53",652,50
size500_narrow_corridor_seed520680830,500,narrow_corridor,520680830,0.2,8a455998eadda84ad8f1529fa942b11b635ac21829f9a9713fc67afdf25409ad,"54,463","208,123",494,50
size500_narrow_corridor_seed520680831,500,narrow_corridor,520680831,0.3,1714e6140a092ad038dffc6e65d0500ceba85d21e80a18c2eb83dd359b4446b3,"229,140","50,87",232,50
size500_narrow_corridor_seed520680832,500,narrow_corridor,520680832,0.4,f03e766157447b749f33df63fe76d4e803db1aacfde47060337280819624ba69,"299,455","396,475",117,50
size500_narrow_corridor_seed520680833,500,narrow_corridor,520680833,0.1,171775f4d99d1240009cd5c8dd4de1a1487649bea7b87c8e48809224f025688f,"140,61","8,365",528,50
size500_narrow_corridor_seed520680834,500,narrow_corridor,520680834,0.2,a083d65f4fc6caccb5d0f214ab88c7ac09c7820180fccd61e49e354548ee66e1,"420,99","39,403",685,50
size500_narrow_corridor_seed520680835,500,narrow_corridor,520680835,0.3,484763ced15c5de9dfcdefc1f3c28f2b811d0c38ace7090c6aa3617bf18fc5a9,"161,471","283,390",203,50
size500_narrow_corridor_seed520680836,500,narrow_corridor,520680836,0.4,101ab68201271d70f58fe0d39ca817565f2922905779380cae1271e96919cb70,"22,151","161,377",755,50
size500_narrow_corridor_seed520680837,500,narrow_corridor,520680837,0.1,322b72e7172266b80341a422d640864802cdd9025cf098042498e790c2274628,"25,440","374,27",762,50
size500_narrow_corridor_seed520680838,500,narrow_corridor,520680838,0.2,72d585f4997ab3eacacaa2725d21608f72557fc95c9d32fc55a45c7de379fa1f,"81,93","13,25",136,50
size500_narrow_corridor_seed520680839,500,narrow_corridor,520680839,0.3,9dbec9a94fbaf934dfd64ba28e60fbb2342f2eaca3aeac4e308685cca00916ac,"227,386","470,434",291,50
size500_narrow_corridor_seed520680840,500,narrow_corridor,520680840,0.4,8cf201c632a5ac33f6a84fc6b2bfd81c8008cf27e2a07b9d14e04c6b7f46bd3f,"355,436","71,128",592,50
size500_narrow_corridor_seed520680841,500,narrow_corridor,520680841,0.1,4f3c1bd67ffaed28b263aa109c6122ac073e23efb57dbcc1c3b00e80679e365c,"230,105","47,414",742,50
size500_narrow_corridor_seed520680842,500,narrow_corridor,520680842,0.2,553bb6662f5180c3ce54b38fe863e3832237dcbe7ea67475919adb72bdb008a9,"376,102","130,12",336,50
size500_narrow_corridor_seed520680843,500,narrow_corridor,520680843,0.3,e946c99e2efd0f095c5139facf25d32cfb54bff1ef080420361dca97a03767e7,"307,434","178,482",177,50
size500_narrow_corridor_seed520680844,500,narrow_corridor,520680844,0.4,f90f66bf9f413822ff4fec5345ce315c15b1f44a2eba5f9445b4b6a84832675e,"301,120","268,333",312,50
size500_narrow_corridor_seed520680845,500,narrow_corridor,520680845,0.1,4aadc776c61bd74f27926c2ab41cb3c0619f2c52e850ebe9cd9ca02e449230a0,"331,377","37,54",617,50
size500_narrow_corridor_seed520680846,500,narrow_corridor,520680846,0.2,f3cc81120c9de5bc3ef686ebdbbf052180e736058903c514b56d378fc55e8235,"439,39","176,440",664,50
size500_narrow_corridor_seed520680847,500,narrow_corridor,520680847,0.3,6d4fa25782ef40002771f0c2319b2cb69b427cbc838ce80ac8a5499844a9a0fc,"197,17","341,165",292,50
size500_narrow_corridor_seed520680848,500,narrow_corridor,520680848,0.4,987daf0b8cb42a773765239a19d2d60c37097f284145271bf4475eec0690d534,"161,339","224,24",514,50
size500_narrow_corridor_seed520680849,500,narrow_corridor,520680849,0.1,3dacfa6e3f5da5a21b58ab111264f5b4b2fdc2f3e26cf1fa72e564ffe6020d5d,"163,15","259,495",576,50
size500_narrow_corridor_seed520680850,500,narrow_corridor,520680850,0.2,4ebb18e3c225eff311ea99d4525c76fbdc890c1e573a1bb738138e13ec19f525,"20,59","223,455",827,50
size1000_open_random_seed1020280801,1000,open_random,1020280801,0.1,d5d91ac57e47dacc736b8c4d327400595c545755e5a16a100c39dd5dc340b314,"802,349","119,966",1300,50
size1000_open_random_seed1020280802,1000,open_random,1020280802,0.2,e3ed37c99f906d33d31a8dcf276ade6caa955dd41c4961e9702ef4a7630ab6b3,"694,138","421,736",871,50
size1000_open_random_seed1020280803,1000,open_random,1020280803,0.3,ff88f27fe48620aad3c74528617b2400024e7da284d1687bb1b6c195505187bd,"783,219","413,420",619,50
size1000_open_random_seed1020280804,1000,open_random,1020280804,0.4,88d9d95cfb39567aafcdc05a234565a004f62d7a8b0c607f0b031cda58279467,"457,795","359,541",2720,50
size1000_open_random_seed1020280805,1000,open_random,1020280805,0.1,20e95420a99e30d25f6501fbbb05883fbfa0a0a04227b81b3523e9ffd97d16b0,"303,516","331,548",60,50
size1000_open_random_seed1020280806,1000,open_random,1020280806,0.2,34b8951e0f6e189016718fcff479f67526c911e50e65291773410b00372590a3,"681,534","425,162",628,50
size1000_open_random_seed1020280807,1000,open_random,1020280807,0.3,c564ac1ff3e8a22cd409c375329a2a83e397d9aba5ddbb2e9e4276b517f79a7f,"144,773","335,789",257,50
size1000_open_random_seed1020280808,1000,open_random,1020280808,0.4,82cc9a8989e33571a5b56bd900d38a62d0ccfd222d253b5493ca9de61dc9c1a8,"644,916","233,675",3772,50
size1000_open_random_seed1020280809,1000,open_random,1020280809,0.1,5dc96ec133714d25d04ed990dfd123067bdb589b9e0fd49bcad4979ad045bdec,"452,19","485,158",174,50
size1000_open_random_seed1020280810,1000,open_random,1020280810,0.2,07d414e5fbf27b0e27f383a63b75a9871fc980fa5358b2c250d6ffdf8aa2e87d,"264,276","647,596",703,50
size1000_open_random_seed1020280811,1000,open_random,1020280811,0.3,7ce3c60c7c320f676262a28636707a0396e9ccc2b9adfad8d147fd8427b99bbd,"865,196","410,754",1021,50
size1000_open_random_seed1020280812,1000,open_random,1020280812,0.4,cca150289b849c164d2b2520a3f5d833c6463e1510fa02973ab86d1693d8c5ce,"838,2","837,2",1,50
size1000_open_random_seed1020280813,1000,open_random,1020280813,0.1,74f8ff0b0347cfa38d31d48bce04f90dc1717cb57764ee47a05ebb317eacff04,"120,747","215,384",458,50
size1000_open_random_seed1020280814,1000,open_random,1020280814,0.2,2319f89c4599f6f80859a25156e311fc388512c1436ac2280d1b1acedf40acd8,"825,135","448,440",682,50
size1000_open_random_seed1020280815,1000,open_random,1020280815,0.3,46ec4fb2ea19bf315795dae146253371abfe94cbdad12d13273c95a1381f94fc,"349,710","822,298",891,50
size1000_open_random_seed1020280816,1000,open_random,1020280816,0.4,74e4dfbd1de12be2efcc58add8812f84cc801c838d27ac7eea42c7fd2daff945,"182,809","792,745",2052,50
size1000_open_random_seed1020280817,1000,open_random,1020280817,0.1,2328ad25ea7274816f237bf89dca99baa0378fc7f945dc6bacac51bb3c5b72e2,"113,506","893,487",831,50
size1000_open_random_seed1020280818,1000,open_random,1020280818,0.2,7080cd6e1cca0b9568d05024c2e044722f8971cf692f52f6257454730d2cb9ed,"786,457","143,721",907,50
size1000_open_random_seed1020280819,1000,open_random,1020280819,0.3,c2a4238cbf314cca4e7e7b74a78e19ec02a90840de41cc7226c56ef68e9263df,"705,590","556,630",233,50
size1000_open_random_seed1020280820,1000,open_random,1020280820,0.4,d3e8c6fd2b8c66f3bf5967f9662df2bda4b1a61b82ff2471193c8bf557b56633,"569,41","565,64",33,50
size1000_open_random_seed1020280821,1000,open_random,1020280821,0.1,84cd6bab8056710c222ed5d99b788de39d5629530933ad79edc05170a39798dc,"889,242","64,710",1293,50
size1000_open_random_seed1020280822,1000,open_random,1020280822,0.2,ce7d73727b3ec1b1b60f415241aa34b008a167b4262faf76bfab2dbdf3b1ed6f,"949,909","703,703",454,50
size1000_open_random_seed1020280823,1000,open_random,1020280823,0.3,b89ca25fa6f160371902ab5206ca1db5dd7eb84347aec0383945660c03e5f0ed,"711,87","613,239",252,50
size1000_open_random_seed1020280824,1000,open_random,1020280824,0.4,cec8d38787e05be4a366c3725ea1876e2e7b505cc89d97d0f7eccf9928d015c4,"162,611","283,624",248,50
size1000_open_random_seed1020280825,1000,open_random,1020280825,0.1,28fbb599a46b54b63ba46683fd60eef45b4c873c68c52805eaa5a0efe3d91cc9,"290,193","741,881",1139,50
size1000_open_random_seed1020280826,1000,open_random,1020280826,0.2,ae0c825b4e4b35a1d5269396afbc1e12ab8a373130f291d075fb11f036abb304,"930,601","542,816",603,50
size1000_open_random_seed1020280827,1000,open_random,1020280827,0.3,74f4d27752d1a5e7fd1cd75934848421fe8032b456b4725dc37c089ab4ef90b8,"249,390","474,724",575,50
size1000_open_random_seed1020280828,1000,open_random,1020280828,0.4,fcd29941ec799b6dab004c823693b1a4cc8809c4b7c4256eb923948dfab6e149,"81,71","142,259",917,50
size1000_open_random_seed1020280829,1000,open_random,1020280829,0.1,d682f11178420d56b5b22e45e1a25210fe0c49cc69883659a963d4dabc34ad52,"39,875","507,473",870,50
size1000_open_random_seed1020280830,1000,open_random,1020280830,0.2,d1e6f95e47bce19f3aee8814edce035eae45fceb2ba72028b9d007110922a2f6,"511,8","696,416",595,50
size1000_open_random_seed1020280831,1000,open_random,1020280831,0.3,991f1274a7794a7688dab63c6233ad1821fa2893bad7500cefa1c84db5909a38,"406,967","997,716",878,50
size1000_open_random_seed1020280832,1000,open_random,1020280832,0.4,f173ad1f894bcb3a93d3fa3997de8a1311eb98c75c409578837eae3aeb17e185,"643,508","242,590",1671,50
size1000_open_random_seed1020280833,1000,open_random,1020280833,0.1,969bf3ef2b583e0d35321a8dfa47ca265449a4abc19328cc71d7847d9d48adc1,"19,939","178,353",745,50
size1000_open_random_seed1020280834,1000,open_random,1020280834,0.2,99378413ce0b3521386b2e6fac59dbefee4614fae8e60e894b23f4684e343b5d,"902,124","270,744",1252,50
size1000_open_random_seed1020280835,1000,open_random,1020280835,0.3,608d16e4c0cce0abfa317c4e2e03ac3eedf88beb7ae24a08a54e8bc6b685c829,"643,32","285,636",986,50
size1000_open_random_seed1020280836,1000,open_random,1020280836,0.4,ed3455f887f7bf1d782eaefe6673343b7b0a35211a4bb179ab61ffd9e61d3701,"555,810","213,0",2162,50
size1000_open_random_seed1020280837,1000,open_random,1020280837,0.1,20e54194fd892c925acae422cb3da3ae821c49749b5aeff7105c3fafea946667,"535,77","543,329",268,50
size1000_open_random_seed1020280838,1000,open_random,1020280838,0.2,2a2024f021d7c9c16c3c20f02e469f83f34410f96be49ef48f291a162a19cc3d,"375,451","359,689",282,50
size1000_open_random_seed1020280839,1000,open_random,1020280839,0.3,742c8ca94dc2d2293962ec2f044d32ffd92ecdf481f7c823ce18089cfb4b68ae,"58,868","9,562",419,50
size1000_open_random_seed1020280840,1000,open_random,1020280840,0.4,256e6d3e56433a02b679e5b0f6f08bcc8494752e5233e316159baa16f7c3b692,"629,723","413,357",1068,50
size1000_open_random_seed1020280841,1000,open_random,1020280841,0.1,b9b73d4b88191ec9ade6f1819c1ce0d2c4677260a69e567271f447492d40fd50,"182,489","775,313",769,50
size1000_open_random_seed1020280842,1000,open_random,1020280842,0.2,e9015fd61afefe3b0658241483a05fcdbb67d640acd15cbc4a63f00cf87b2be1,"455,262","913,163",569,50
size1000_open_random_seed1020280843,1000,open_random,1020280843,0.3,2a6a06cac75c8fffecdbc83b3736de514453d7c3d8d72891bbbd025a63518484,"59,664","375,636",414,50
size1000_open_random_seed1020280844,1000,open_random,1020280844,0.4,89f060fe00e89ecf768d1eddce17241aa4e44efabf672bf04cd0fa30d37e203b,"718,90","719,96",7,50
size1000_open_random_seed1020280845,1000,open_random,1020280845,0.1,f395fd2d5f57ff36e0c3322efa7a20fa6b080bba5356003bf3bb331f0386ba2a,"47,734","659,431",915,50
size1000_open_random_seed1020280846,1000,open_random,1020280846,0.2,1b2d729f343627fcdfcf4aeae0c7f088c4b1b3fdc041e171b309b3929bad2dd9,"157,972","773,829",769,50
size1000_open_random_seed1020280847,1000,open_random,1020280847,0.3,90c0a2d0742ae3ee258003df4a4f37c4789c2df3f574a1d44ffaafd24a5ec5f1,"46,310","162,468",278,50
size1000_open_random_seed1020280848,1000,open_random,1020280848,0.4,df38144017a1eeff28baa64109236df37aa057a4260455f5b09f1f97e03fa912,"425,828","667,870",574,50
size1000_open_random_seed1020280849,1000,open_random,1020280849,0.1,5c050819435f90345e7b0772061b89d7a2cad637ca967fa75eceb091e84ae94e,"465,245","39,208",463,50
size1000_open_random_seed1020280850,1000,open_random,1020280850,0.2,482c7abb3d76ba0c53d6a98dfb72986de85e300c27682586c4d00dbb38178bda,"27,717","128,123",713,50
size1000_maze_like_seed1020380801,1000,maze_like,1020380801,0.1,dcb851dd43291f26889afde24c2bb09feb70ae16832de92d8429f194dab0e533,"863,321","860,322",4,50
size1000_maze_like_seed1020380802,1000,maze_like,1020380802,0.2,820bc91d0b2f1624898fbf287be75882eea7488e021abe502be5087acbd406f1,"393,32","392,33",2,50
size1000_maze_like_seed1020380803,1000,maze_like,1020380803,0.3,499e1cd2f8341ab6fc3da6a153d04cc8e03782b1ff03df32ff32d9cffc56bd48,"678,113","678,114",1,50
size1000_maze_like_seed1020380804,1000,maze_like,1020380804,0.4,8b6e49fd272d4442e5cdec77d47983569e1a119fd1987c14aeb82af02f0ee48d,"697,345","698,344",2,50
size1000_maze_like_seed1020380805,1000,maze_like,1020380805,0.1,e71f425681f094ed397f0f75426bdb8046eee7bbeddf27e8834acf82a24af9cd,"390,481","391,480",2,50
size1000_maze_like_seed1020380806,1000,maze_like,1020380806,0.2,978d6cb48cf2fe0092a99df14377faaf482a2044d14367d39419856ecef9ca44,"66,696","68,698",4,50
size1000_maze_like_seed1020380807,1000,maze_like,1020380807,0.3,cab92c8b81b5acb98265c12d2b8bea7be36536d1ef9a13e807261cf8f5e7eea5,"115,88","117,89",3,50
size1000_maze_like_seed1020380808,1000,maze_like,1020380808,0.4,223ddc7de4445b58ae6aa5117a4fe7911f70fe8dadffcc19946b88a88b3ec517,"670,105","671,106",2,50
size1000_maze_like_seed1020380809,1000,maze_like,1020380809,0.1,8f8e2942830567c99865057c0b23a0edde2166b20b3f007d3b41b1baf7af3ce3,"493,380","492,382",3,50
size1000_maze_like_seed1020380810,1000,maze_like,1020380810,0.2,58d554c98271cd4a12c06e3601ce7d17b2a2fd06e8e7d8e3d6f214a20fd9169d,"640,772","643,772",3,50
size1000_maze_like_seed1020380811,1000,maze_like,1020380811,0.3,23e9a4105ecaf707d2eff332a3a662538599b9cc0e08430b3eb6df38603bb611,"751,561","752,561",1,50
size1000_maze_like_seed1020380812,1000,maze_like,1020380812,0.4,b6ee6604ac91ada5214a77261595cfb35efecaf06463ac0334538afba5ebfd49,"942,320","942,321",1,50
size1000_maze_like_seed1020380813,1000,maze_like,1020380813,0.1,7e7b45f4f5a1cc368391bac684507c3c4b09b87f1608ff2b66df717724147c72,"761,364","763,364",2,50
size1000_maze_like_seed1020380814,1000,maze_like,1020380814,0.2,488e8bace68e678248a03e5fb985405a23e535c2a160f12daad130d676e80e0b,"83,738","83,736",2,50
size1000_maze_like_seed1020380815,1000,maze_like,1020380815,0.3,7dacb5c042fcf056f4cffe86f7cb961aec08ce3c08179991656c559ac4059289,"41,514","43,513",3,50
size1000_maze_like_seed1020380816,1000,maze_like,1020380816,0.4,39a14c0211864f8dd645588b42290cb626936bce8f8bb852ebfbf152cc510039,"15,85","18,84",4,50
size1000_maze_like_seed1020380817,1000,maze_like,1020380817,0.1,2581efd0cf6a57ced017e4b1c8dfecea24a5c48ed2ae7449cea76596564a2afa,"836,136","837,136",1,50
size1000_maze_like_seed1020380818,1000,maze_like,1020380818,0.2,4594d95f7537ec34a6941bfd80b5bfe3763080c5c44be003fbbd591bc75eaf43,"38,232","36,234",4,50
size1000_maze_like_seed1020380819,1000,maze_like,1020380819,0.3,6fa4c92c797b3f02d40338a999eae114c7e304c5cbeb98f582ef002f198ae1cc,"356,649","358,650",3,50
size1000_maze_like_seed1020380820,1000,maze_like,1020380820,0.4,29a8e8fa246448434747f9da97fb8246834b2f9481cde36e517cccf180f78078,"982,777","982,778",1,50
size1000_maze_like_seed1020380821,1000,maze_like,1020380821,0.1,c578ec0425e4eb4e25d9741f419dfe8478c36ce03e65f673dab9eadeb3b621f4,"392,438","393,437",2,50
size1000_maze_like_seed1020380822,1000,maze_like,1020380822,0.2,096e29e4a5ddfdcbb351c71a57eec7be16ed67fdb8bfb13c17d4e0b55081f341,"488,796","487,798",3,50
size1000_maze_like_seed1020380823,1000,maze_like,1020380823,0.3,2ee56d0601d7529fe261f7cde4fa9fa9fe1414c39702f36bd036bd2e28b38239,"361,937","363,936",3,50
size1000_maze_like_seed1020380824,1000,maze_like,1020380824,0.4,3d40b2143f376d5cfd1266a91bbdb780917f4e464cd60871a8593781ba25d657,"443,194","443,193",1,50
size1000_maze_like_seed1020380825,1000,maze_like,1020380825,0.1,a9b624382693998cd8c89d7383e43f7e5f93c71eae6faacdd1e1bb05f4fc169e,"755,364","756,364",1,50
size1000_maze_like_seed1020380826,1000,maze_like,1020380826,0.2,84f4275bcaa69b0f13a48c21e599734ae4b92447feb4961612f0415f7cc24ad9,"462,926","463,926",1,50
size1000_maze_like_seed1020380827,1000,maze_like,1020380827,0.3,a09984beb3363f9d8d258012a7f514d391c965d33ddff721e5e2475db783c2b6,"801,921","800,921",1,50
size1000_maze_like_seed1020380828,1000,maze_like,1020380828,0.4,d5d196e66e14c15caef70b364c597235d6e9a929a1e45e38da19329e552cfba5,"573,470","570,470",3,50
size1000_maze_like_seed1020380829,1000,maze_like,1020380829,0.1,f857997401ce8f0ced8b71e31fb578a599b67e9e9bc4ce2184aa08994a0cd89b,"491,574","492,572",3,50
size1000_maze_like_seed1020380830,1000,maze_like,1020380830,0.2,0ec95b6848a1f5637e07c069982a1ba725cff6dc9e47962ddcd321533008eb7f,"237,732","235,732",2,50
size1000_maze_like_seed1020380831,1000,maze_like,1020380831,0.3,1dce8fd18418fead3581398f1bf3f7d470c26b1f789ffd788e5a385ed021aa77,"25,210","26,208",3,50
size1000_maze_like_seed1020380832,1000,maze_like,1020380832,0.4,12a867f6785552489f85b4c3d5c5091b7f028020645f61fdde589ed6794a2bc7,"3,676","0,106",573,50
size1000_maze_like_seed1020380833,1000,maze_like,1020380833,0.1,7b4bb31eb228a8eb6ef43bfe1b7a3506be1001c06a6d515bb00a36013f808a6b,"432,914","433,913",2,50
size1000_maze_like_seed1020380834,1000,maze_like,1020380834,0.2,14a004220395e61eb482b80b5167eb48e8665c8697f3d86a0f52d330caa54268,"553,480","550,482",5,50
size1000_maze_like_seed1020380835,1000,maze_like,1020380835,0.3,0b1aa4698cbfcb44607c68bdd3e0a0d2ae69749c609b544d4add1e18271578e9,"151,488","153,488",2,50
size1000_maze_like_seed1020380836,1000,maze_like,1020380836,0.4,1f15c52b0c38c9cb92edfc1327150363dd445e6e015e80a6c3bb750cdc4b7fc3,"20,774","20,773",1,50
size1000_maze_like_seed1020380837,1000,maze_like,1020380837,0.1,1237cc79782b1090022da20acf08dd9fc58a51da54d995c835a2ae78697546fd,"433,302","432,302",1,50
size1000_maze_like_seed1020380838,1000,maze_like,1020380838,0.2,891d1afc958e9e442351b3f80029a2d562997b49d069e434c935362cccfc61c2,"637,133","636,133",1,50
size1000_maze_like_seed1020380839,1000,maze_like,1020380839,0.3,ffef038097afbd2a9c299dfc4379e15e7875be04ec757627875eade02e38b9c6,"820,286","820,284",2,50
size1000_maze_like_seed1020380840,1000,maze_like,1020380840,0.4,24ea4d1348192d87d0b0ab39a2e5d44ae22ebeb50b87d4fdfc7d2c789ead0676,"868,385","867,384",2,50
size1000_maze_like_seed1020380841,1000,maze_like,1020380841,0.1,503a6a2f8f77062815d26a38241f2e7ef174d7b9fab35b3d136044c3a483ab77,"97,453","98,452",2,50
size1000_maze_like_seed1020380842,1000,maze_like,1020380842,0.2,79456637f9e6015eb26d133d917aa782d72f6f3c6c500e1c3db897bc5ea5bfb5,"137,64","137,65",1,50
size1000_maze_like_seed1020380843,1000,maze_like,1020380843,0.3,c05d7740f91497d37263b410ae8ca4b159ea5802a0053c31a7832ec16b4b9e2a,"33,594","33,592",2,50
size1000_maze_like_seed1020380844,1000,maze_like,1020380844,0.4,41629ef52a972def739705f49c8ddb1e7cfe6e2315b282561d079654f982138f,"80,249","80,248",1,50
size1000_maze_like_seed1020380845,1000,maze_like,1020380845,0.1,4e992b8fadd71d12bfd1e9686a72603da39117b27ee6b9bf28567057da71dd19,"247,68","245,69",3,50
size1000_maze_like_seed1020380846,1000,maze_like,1020380846,0.2,329b3cc6182af843709398ba573d851e93d100759392dbfc30039141edd1e6f5,"681,454","683,453",3,50
size1000_maze_like_seed1020380847,1000,maze_like,1020380847,0.3,fcac077f068500fb461cc609e5485ddc213e12f5e3c295b7350bf7173f4eeb86,"946,350","948,350",2,50
size1000_maze_like_seed1020380848,1000,maze_like,1020380848,0.4,e4dbc0e86beb4f7d89b08801c2e51ff77fcdcb7055306fc13813c67744af2043,"527,758","525,757",3,50
size1000_maze_like_seed1020380849,1000,maze_like,1020380849,0.1,47ddc77a04fce09d5bac64226207c7e64b1509f0e32d0bbdba3bd38dd57106bd,"498,698","497,696",3,50
size1000_maze_like_seed1020380850,1000,maze_like,1020380850,0.2,633b81f8e77ae9b07d997b33895317e39f3376cbd96e43416f0a95e9bcf41ccc,"195,605","196,604",2,50
size1000_bottleneck_seed1020480801,1000,bottleneck,1020480801,0.1,944515af7c4d540a2d9272d864798755dc8b836d14aa7545799292cc45e48744,"602,140","139,137",466,50
size1000_bottleneck_seed1020480802,1000,bottleneck,1020480802,0.2,552b3521a80acb6eacfa326f1a1331aa77fb4380ab29da7929b419c03cad495e,"104,12","57,330",365,50
size1000_bottleneck_seed1020480803,1000,bottleneck,1020480803,0.3,375826415b618f23846fb736c46504d03d8b516b6ca49e651873dbd576968f21,"640,857","446,751",300,50
size1000_bottleneck_seed1020480804,1000,bottleneck,1020480804,0.4,c6dbdf64f25cdafdd5c0939155b94aca1251cf33fabbe9b1568f2a7c195dcf38,"750,298","85,435",802,50
size1000_bottleneck_seed1020480805,1000,bottleneck,1020480805,0.1,c796d03d8a6362b64cd78eeed2830ea5a08c2c7da9ab54606ab9f7e388a3ac23,"517,630","470,81",1070,50
size1000_bottleneck_seed1020480806,1000,bottleneck,1020480806,0.2,b78941747d9e9cb1d8dddf3f2b469f04709c1df2a0cccab658afa52738657afd,"304,722","290,960",252,50
size1000_bottleneck_seed1020480807,1000,bottleneck,1020480807,0.3,2358dfe4baa8e969bc9ff5815a032e006b76fc5e2370a1df410a530656610f6c,"634,578","271,483",460,50
size1000_bottleneck_seed1020480808,1000,bottleneck,1020480808,0.4,aff82971e27bd3d5b538484d33a098faef171ce31d9df591da1a910eda26f4d2,"111,313","348,565",715,50
size1000_bottleneck_seed1020480809,1000,bottleneck,1020480809,0.1,2a14a95234ac63cda3adc0fcffe82b47c574d91f5eb6a2ed8c7589913cddd68f,"181,509","792,988",1090,50
size1000_bottleneck_seed1020480810,1000,bottleneck,1020480810,0.2,f86c8453964e043219fa5d3500fe06429fac23221f1c8b3ca534446b8519f9d3,"50,509","391,646",478,50
size1000_bottleneck_seed1020480811,1000,bottleneck,1020480811,0.3,20d930a288ed2f1871826ebdb370d228329c836fcd2988f9e8076abd83c2e6b0,"709,822","21,345",1571,50
size1000_bottleneck_seed1020480812,1000,bottleneck,1020480812,0.4,a4aec74abd3fdc82ede0b9e85830790467d2fbd377f8c591560d1c63a320e80d,"893,490","18,72",1293,50
size1000_bottleneck_seed1020480813,1000,bottleneck,1020480813,0.1,41f7463c5700175c5f3729b255df5d77adcc538a6e676546a68beb92c228dc92,"751,765","834,514",334,50
size1000_bottleneck_seed1020480814,1000,bottleneck,1020480814,0.2,a74284780d41c2603ea20977ad731b69ce95b8ba390a88efbc83837a46feb0fe,"574,2","807,780",1993,50
size1000_bottleneck_seed1020480815,1000,bottleneck,1020480815,0.3,9f5660293c73ec8d3aadd7964883752342998b92902218a98209bab736475a5c,"635,967","237,798",567,50
size1000_bottleneck_seed1020480816,1000,bottleneck,1020480816,0.4,c1a3688a7a550ade02db24f5afaa18a98e943ffb1403ffbb4c4cab4b054ea296,"369,722","195,472",1338,50
size1000_bottleneck_seed1020480817,1000,bottleneck,1020480817,0.1,ec7ee84d277e4579ada16cd4b18b2a4894f8919e89b3b06389a0677784e0895d,"655,531","126,8",1208,50
size1000_bottleneck_seed1020480818,1000,bottleneck,1020480818,0.2,a6f40c5e8997940cd792c1e183d6e87332f8276d69787caa3132be0dde68112b,"585,424","855,412",282,50
size1000_bottleneck_seed1020480819,1000,bottleneck,1020480819,0.3,1952f526033b1e3d25dd6e4b98c24c5dadf5f444475ce210be23fc96f1969df7,"119,751","702,858",690,50
size1000_bottleneck_seed1020480820,1000,bottleneck,1020480820,0.4,6feadfae72c786ab5cf95514010b63f7978745f6c7db1095a59c404a40127607,"77,613","772,649",731,50
size1000_bottleneck_seed1020480821,1000,bottleneck,1020480821,0.1,f79cbf66060e6a9ba5ba4d0a12f3c9e8c49afd9eebe17ca93a813f0c963fe740,"602,112","84,39",591,50
size1000_bottleneck_seed1020480822,1000,bottleneck,1020480822,0.2,b1b2c6af972e040c0d53427275646980e7bddc9aa2b443e27e046415e8bd165d,"85,442","441,97",701,50
size1000_bottleneck_seed1020480823,1000,bottleneck,1020480823,0.3,ccd61b4311793722e0dbd5dd7e7a1d0e31beac741f16239987d07b2eeaccec09,"794,0","572,183",405,50
size1000_bottleneck_seed1020480824,1000,bottleneck,1020480824,0.4,383ea264d115ff2365b026729a2e76f1aa32c9c9be39faa0878c26e0561f0352,"640,940","68,584",928,50
size1000_bottleneck_seed1020480825,1000,bottleneck,1020480825,0.1,178ad6ae1ad72b3b14d1ca9f8efa474468bedd5899c202b0f70600e2d38d7101,"425,314","364,286",89,50
size1000_bottleneck_seed1020480826,1000,bottleneck,1020480826,0.2,4b645f9c9d5eb62f023c7b8751aa23aa7bb0f669fa7f886fab850daeb7636a11,"541,91","311,700",1089,50
size1000_bottleneck_seed1020480827,1000,bottleneck,1020480827,0.3,ae495369dabf2d937884ec0bc12f953ed33c63fbcffe5ca20e888908826d83ed,"122,436","295,526",751,50
size1000_bottleneck_seed1020480828,1000,bottleneck,1020480828,0.4,9c9671f4b0acaaffad830533aba4b1201228fcdfe82eb1d3d8bd7fa12852fea2,"259,289","966,141",855,50
size1000_bottleneck_seed1020480829,1000,bottleneck,1020480829,0.1,c7eb733219ff7fa9033b4ffe5bc5f81a97e38c7f82902d427c9f2d061b934fb8,"753,299","931,712",1031,50
size1000_bottleneck_seed1020480830,1000,bottleneck,1020480830,0.2,24fa44aad39ff73fce3084906aef1b869e73914ebdf23749c7563b5e8cb5eba6,"275,747","563,554",481,50
size1000_bottleneck_seed1020480831,1000,bottleneck,1020480831,0.3,df5a066837454f38bd78a01cd3a389ab77c59f5517047d01b5bfded405eb5b78,"971,766","121,554",1062,50
size1000_bottleneck_seed1020480832,1000,bottleneck,1020480832,0.4,7ae5b8205f5aff214d666a8a0404fb02547621d5aeeef659646a55383bccd0a3,"960,697","806,367",1684,50
size1000_bottleneck_seed1020480833,1000,bottleneck,1020480833,0.1,69ccf12faa60aec2445fa63e36fd0cbc9d664eeb0e018632d5de8e9eacb203c0,"909,395","780,11",513,50
size1000_bottleneck_seed1020480834,1000,bottleneck,1020480834,0.2,7e4f173820e2e53c63406ac9b661620e5c0b49d5072e546409733d12638d79f3,"95,407","121,953",576,50
size1000_bottleneck_seed1020480835,1000,bottleneck,1020480835,0.3,5a83c726295b5fd4f6d1c9c4a45d9d15f38712907eae01e1c5f3c9df9768da36,"591,725","861,138",1131,50
size1000_bottleneck_seed1020480836,1000,bottleneck,1020480836,0.4,bc1c313cd676e4a7181a9cf39304e2e9f1fa22b0e38940dc749d7e23e62fd8aa,"170,44","269,659",2006,50
size1000_bottleneck_seed1020480837,1000,bottleneck,1020480837,0.1,689e62b2884d894493cb49f2749839f59280010af6ee4d9ad50048cb312bbe85,"501,925","470,674",282,50
size1000_bottleneck_seed1020480838,1000,bottleneck,1020480838,0.2,c86b77eb8051d74f33d35d716a76ce051f9dbcb160613083f345d6bebfbe630e,"737,685","189,94",1397,50
size1000_bottleneck_seed1020480839,1000,bottleneck,1020480839,0.3,260ae2f71cebb67cb57b79cfeb955a670e0831d46dc0fc764b9de658a43b99e3,"903,611","714,340",1554,50
size1000_bottleneck_seed1020480840,1000,bottleneck,1020480840,0.4,e61819acd276ba1f335796bd6443c7d96cfa8391896c0e62fe93ce2f9e802282,"455,95","174,232",418,50
size1000_bottleneck_seed1020480841,1000,bottleneck,1020480841,0.1,95e9e735b632fe78de35fbd8407c7006b48f96e845d6ea1ef2bba16edacfb7e1,"789,139","206,92",630,50
size1000_bottleneck_seed1020480842,1000,bottleneck,1020480842,0.2,9a48fcb2e73230dba35102a82fa5be133873e7c488cbf03aa8579e8ce7097208,"658,316","534,157",283,50
size1000_bottleneck_seed1020480843,1000,bottleneck,1020480843,0.3,05578b629684cdccc529b91f974d00e5d244e3d95827d227999555a9fda5e2c9,"883,542","287,349",821,50
size1000_bottleneck_seed1020480844,1000,bottleneck,1020480844,0.4,0d8d7cfd5adcdcaf40d36d00793c73afa0c336680358a1d29f33a7a56aa7714e,"439,36","50,152",505,50
size1000_bottleneck_seed1020480845,1000,bottleneck,1020480845,0.1,e1d187692338bd5b7b1ec601486381187d692f76cf783cf27a995b8ae752bb25,"772,425","33,602",916,50
size1000_bottleneck_seed1020480846,1000,bottleneck,1020480846,0.2,0d424891aa3ec4973b2161382ee5a0b73269f18f0aa2e8c59b11156821fdd869,"813,228","638,775",722,50
size1000_bottleneck_seed1020480847,1000,bottleneck,1020480847,0.3,bf8486b993d2b13627dfd9c45efc8d21d68e12bb9aee08271865d260f519d5ff,"226,6","107,702",953,50
size1000_bottleneck_seed1020480848,1000,bottleneck,1020480848,0.4,f3bff8ca1c53a219f87ee829259ceac8259af35cff87935a9ac6787a03d85d9c,"184,668","985,878",1011,50
size1000_bottleneck_seed1020480849,1000,bottleneck,1020480849,0.1,b3bd5ca10e11ad57a2f6a722263132c654ceee1f2cbb88bbd4ed160f4a825bbe,"272,288","579,261",334,50
size1000_bottleneck_seed1020480850,1000,bottleneck,1020480850,0.2,20440be6fab0a670f06790135cc18485b03ea860cafce45a1015de6d65ed3a00,"718,391","775,966",1092,50
size1000_large_block_seed1020580801,1000,large_block,1020580801,0.1,0e35b0e60476058627908a50f076c2e52238ea99f37b89bc27a29f93901a68f9,"294,371","369,368",78,50
size1000_large_block_seed1020580802,1000,large_block,1020580802,0.2,886e1b0a929217571193a5a53f66923b1ea516af9d6adce642bfd96bb7f25be4,"247,955","806,562",952,50
size1000_large_block_seed1020580803,1000,large_block,1020580803,0.3,788e20b1290b26fb973bf4c1b7a238dbe064b4c463416d2576ab73414dea7d22,"588,58","114,414",830,50
size1000_large_block_seed1020580804,1000,large_block,1020580804,0.4,66c01faf04441d9fc716df38c39c0fa2245e2c450ab48aff043c2ede9b71d19a,"591,164","99,484",812,50
size1000_large_block_seed1020580805,1000,large_block,1020580805,0.1,e990bcbf68e0c20e310ba1ad5673700e92207aead0d3b6562a79fe03c6044d76,"171,570","453,449",403,50
size1000_large_block_seed1020580806,1000,large_block,1020580806,0.2,2301e3debd9ed6c2f01cd6822476f68b1b40930bcb4e81bcd9ad9b1e5b1340f9,"609,948","683,593",429,50
size1000_large_block_seed1020580807,1000,large_block,1020580807,0.3,72d165bddbcf68e472599e999c4a4ffee40d4f62de17e17c69205c66b63223ca,"733,24","485,788",1012,50
size1000_large_block_seed1020580808,1000,large_block,1020580808,0.4,de095080ce21512a20993a873d20d2a460b6cf2ed79e9c5c2625969739ee8402,"951,786","114,10",1613,50
size1000_large_block_seed1020580809,1000,large_block,1020580809,0.1,ced2ed6625b7ea1f386dd7e9da34aa69cf8a7962af6062d5ee6c616abb639b79,"486,175","894,476",709,50
size1000_large_block_seed1020580810,1000,large_block,1020580810,0.2,8d9a75e3fa1f063258ee7ffe7b658299d7f246fa3612067bf358062056f7defa,"981,331","222,142",948,50
size1000_large_block_seed1020580811,1000,large_block,1020580811,0.3,170ba7f776a2e9b905acd7d280d03237f3c95e3d9c981d859a5ba9b1a0c940e5,"693,892","932,800",331,50
size1000_large_block_seed1020580812,1000,large_block,1020580812,0.4,db2f31bd8a647a7525ad514bb28d241a5bc407d9b2c70b55e0e3504005e580ee,"5,875","246,347",769,50
size1000_large_block_seed1020580813,1000,large_block,1020580813,0.1,d5448a43335a4e9d8a975894338e7f7515883e57516e64eca1f33308c211ee11,"601,470","951,572",452,50
size1000_large_block_seed1020580814,1000,large_block,1020580814,0.2,0e5701911645d6b2332f5edc0293b39167cf16d0781d94c5b83cdf3920d2f660,"929,942","876,353",642,50
size1000_large_block_seed1020580815,1000,large_block,1020580815,0.3,971e4fd159c41fad75ad276b6cccfa68cb2534cfb2cf6f3516c898fc207be558,"826,508","388,164",782,50
size1000_large_block_seed1020580816,1000,large_block,1020580816,0.4,0a8c343b4e9db5072f72426726968f7d00d167c4b08e1bd268645365bb4f29b6,"693,255","411,763",790,50
size1000_large_block_seed1020580817,1000,large_block,1020580817,0.1,514e24a0914240d267acd3abaa6e70aa576f282b8303a0032f1209b05f850e0c,"755,205","953,244",237,50
size1000_large_block_seed1020580818,1000,large_block,1020580818,0.2,764e9bd2a87a7c61b7bbe518a8427342a2ebbb98eeca99bdb88efae5c02522bc,"217,382","535,58",642,50
size1000_large_block_seed1020580819,1000,large_block,1020580819,0.3,fef47e7e8110d22ffb74154b6041c3138309583196c47e3856185dfd5f460245,"767,452","930,14",601,50
size1000_large_block_seed1020580820,1000,large_block,1020580820,0.4,e161bc7a07b66f9cbe4d34505b1c7e98f9e39c791e8894941cf4326e41e5e634,"589,646","425,817",335,50
size1000_large_block_seed1020580821,1000,large_block,1020580821,0.1,79f1809d6a4b34847b03e68d352c687a53d80e20afcf5543e69fd4d911721956,"992,2","110,423",1303,50
size1000_large_block_seed1020580822,1000,large_block,1020580822,0.2,89c3f106ac251cb223a36e03c6f7bd3549cf0a744011238d9edd860e62894d3c,"715,393","784,435",111,50
size1000_large_block_seed1020580823,1000,large_block,1020580823,0.3,30913fbbf1fb366825d764852228be631c9337fbf9658eb07745ffc57f06fad9,"483,145","441,83",104,50
size1000_large_block_seed1020580824,1000,large_block,1020580824,0.4,5fb1338bc17f4ddea17d0577c32c8216e3c5fff5168f38048206455a6046fcbc,"366,688","802,894",642,50
size1000_large_block_seed1020580825,1000,large_block,1020580825,0.1,ed822a92a4ca75f8a5a4e26c0c50fb5081d53b60fc3c01652e7abb78acb5e059,"781,718","671,932",324,50
size1000_large_block_seed1020580826,1000,large_block,1020580826,0.2,3b43a8de05c6ca8c2bf3c5774ffa086f4c25162b7553ec5e2a6d078bcf63590a,"898,427","84,841",1228,50
size1000_large_block_seed1020580827,1000,large_block,1020580827,0.3,3b8025ff8fcb8c6a8ee4e3080fd5ca2eb24757470a5c8e763359f57222a5f271,"562,677","814,947",522,50
size1000_large_block_seed1020580828,1000,large_block,1020580828,0.4,c2efc4501f72ed5d26432d209435726133b2fdeef230f6676860d26e27a876bd,"865,834","569,907",553,50
size1000_large_block_seed1020580829,1000,large_block,1020580829,0.1,4586468698bb943ff86f33d709bd337f95c0bfddbdc0df9373df62cd88bee97a,"43,677","842,942",1064,50
size1000_large_block_seed1020580830,1000,large_block,1020580830,0.2,6fdaac11257849c6228a274e500ace0917ba9f15b1ce8a16d5f235379ed95a55,"943,15","16,687",1599,50
size1000_large_block_seed1020580831,1000,large_block,1020580831,0.3,3e4d41c16a1ea5e5878cbbb9d65c189a0ec663488de307e9e7884eb880b101ab,"681,31","640,457",583,50
size1000_large_block_seed1020580832,1000,large_block,1020580832,0.4,a6bad38734253c0f0a40619607684743876dc9a73485664be228d1a5852dc436,"232,818","881,940",823,50
size1000_large_block_seed1020580833,1000,large_block,1020580833,0.1,8890f6b02b5af48e3b4cd5b268d4c3aa2127a57956abe1f040f7d44a4b29c5f2,"128,375","569,85",731,50
size1000_large_block_seed1020580834,1000,large_block,1020580834,0.2,1348beb85f30d87d1ce8ec0ca04b5f165327b92b534580fc8d4b04a9070419e7,"30,338","476,635",743,50
size1000_large_block_seed1020580835,1000,large_block,1020580835,0.3,8b7e5556f9e872ce1bd3b3e5c458bc2208ac48fac9d186b2b519d9ccbd43da7a,"330,734","514,398",520,50
size1000_large_block_seed1020580836,1000,large_block,1020580836,0.4,b7b733fd954a76a9a148441bd5b86fe7f56767404b1acff2ad3be318d1ecd4fb,"305,752","216,9",990,50
size1000_large_block_seed1020580837,1000,large_block,1020580837,0.1,08acdfa5efa1c2de392a1c3b5f66d3a5ff81585df7646c5f11ab873f7493cf5e,"90,543","485,928",780,50
size1000_large_block_seed1020580838,1000,large_block,1020580838,0.2,db88392982caa7cbe07d248bc53b840b819d6a066a4d6e8a68cb8bedd6aa4fa1,"710,86","139,684",1169,50
size1000_large_block_seed1020580839,1000,large_block,1020580839,0.3,b7d3a5b7f02ec0b8c8088a1e1fa3e798abb6345b8dde6cedc376bdcf2cd77028,"404,389","482,529",218,50
size1000_large_block_seed1020580840,1000,large_block,1020580840,0.4,06705b87760a3a6b7d542c5467720eaf0995ff6198f1d861a3b70d12b5c7355a,"32,694","48,102",608,50
size1000_large_block_seed1020580841,1000,large_block,1020580841,0.1,054b7b259dc6f8f7d906b32d4afd9c427ed1a95e46ccc055fa038be8f96f3880,"524,699","775,386",564,50
size1000_large_block_seed1020580842,1000,large_block,1020580842,0.2,1e3a6b6631f4f881495b024fb1d266450d30f837bcbf66bb027997fcbd85e229,"107,857","630,543",837,50
size1000_large_block_seed1020580843,1000,large_block,1020580843,0.3,ddaf5be7941570bb1686a23e739ae87cbc4d99e41802a638102f1314366fabec,"405,752","895,40",1202,50
size1000_large_block_seed1020580844,1000,large_block,1020580844,0.4,785a69ce0e5aa60c72ec93f768098a04fb8be389416792f256485c4963ed7c6a,"587,324","345,975",893,50
size1000_large_block_seed1020580845,1000,large_block,1020580845,0.1,0012f80ebe22cb3a1fef79712217c531265a20259e1cd25bf2b10a6e2b32633f,"328,397","105,544",370,50
size1000_large_block_seed1020580846,1000,large_block,1020580846,0.2,e5c7da07ac622b597c10d5a9d04f9dd5066dbada51ea9e3f0e36ce22bcca22b6,"932,358","524,822",872,50
size1000_large_block_seed1020580847,1000,large_block,1020580847,0.3,229bf6ff63114da409f0ce38cd76aba384da8f005356ab44b918628dcb7207a7,"524,264","942,673",827,50
size1000_large_block_seed1020580848,1000,large_block,1020580848,0.4,e95e0a02262903bdc275b90ed3885c151d120e1732125d63a8be8068bfdc832e,"394,737","207,528",396,50
size1000_large_block_seed1020580849,1000,large_block,1020580849,0.1,12145e39a8cfe7db91a9b20d887756cc4cda85d5626ce172d1764e1f4d414bb5,"105,272","259,498",380,50
size1000_large_block_seed1020580850,1000,large_block,1020580850,0.2,f9aa042e0bbd25ef9c2773eac95d7315def44187b2113d6a929fcaefe4ddc86f,"356,78","993,241",800,50
size1000_narrow_corridor_seed1020680801,1000,narrow_corridor,1020680801,0.1,8219fb0c299eee93cd475c0b2a111e392cb4f7781cfb553c396ca6c02895ca97,"712,262","152,700",998,50
size1000_narrow_corridor_seed1020680802,1000,narrow_corridor,1020680802,0.2,8cf43d810c39ef04b42defb5f6d87dd9a9135278bdc50748e18a01001ce0bef7,"844,111","659,947",1757,50
size1000_narrow_corridor_seed1020680803,1000,narrow_corridor,1020680803,0.3,884de7b1c0414012c2eed696d46380cc9dde6662a35786e4b81b5799fd7ddec9,"181,904","778,260",1241,50
size1000_narrow_corridor_seed1020680804,1000,narrow_corridor,1020680804,0.4,d0269020f9b82058d32b53a2704c70b5f6c50c35605cebf3e2a55c6c56853f9e,"468,906","807,82",1493,50
size1000_narrow_corridor_seed1020680805,1000,narrow_corridor,1020680805,0.1,56f13347f598e0dd05c311b58367fed5501b62e0196aa6a5f6f946bca964e4a1,"585,211","135,223",462,50
size1000_narrow_corridor_seed1020680806,1000,narrow_corridor,1020680806,0.2,38d95309a72f158608abc0f201824f28852d577deaea02d3b739d2aae8b97df3,"369,110","318,730",1181,50
size1000_narrow_corridor_seed1020680807,1000,narrow_corridor,1020680807,0.3,062932647165c98ca72a9814b481eac7d34d576a9e93d970ad3e9c619f021615,"836,865","24,737",940,50
size1000_narrow_corridor_seed1020680808,1000,narrow_corridor,1020680808,0.4,2f203e33cd581357b3060b8a8a13921a8b2b0777220ea2b80c3de67d54a0210a,"511,825","295,827",222,50
size1000_narrow_corridor_seed1020680809,1000,narrow_corridor,1020680809,0.1,0a3a539580b6ff8ed023b962b59a7596fda95ee03454964d9e3c04dcb6d54dca,"117,92","317,188",296,50
size1000_narrow_corridor_seed1020680810,1000,narrow_corridor,1020680810,0.2,087d7c0617375abf8539ae78579751a7ba43e83257cb14fa68ae477ccc36e55f,"272,934","24,736",446,50
size1000_narrow_corridor_seed1020680811,1000,narrow_corridor,1020680811,0.3,637d8e3603d9a4efaed75e3cadbe001699d42458331a3629086bc2f9e64ece87,"789,732","60,167",1294,50
size1000_narrow_corridor_seed1020680812,1000,narrow_corridor,1020680812,0.4,32078dd384169e2a17b8251955dc1b43087fb9e036feff77250359301a90f1bd,"152,832","682,90",1272,50
size1000_narrow_corridor_seed1020680813,1000,narrow_corridor,1020680813,0.1,79cd74bb97bb711e7380e64a4a6e5128cb0ee4d6baef8c74eeb4086f81743500,"496,729","187,203",1139,50
size1000_narrow_corridor_seed1020680814,1000,narrow_corridor,1020680814,0.2,4c693d528b08c962c8586bd6c68d9a6841cc34c7ba4f5812fb41f077a5b726ee,"137,820","875,85",1473,50
size1000_narrow_corridor_seed1020680815,1000,narrow_corridor,1020680815,0.3,76dfb950768f907fdca7f599ea1dde4b91f947740d77a00d3d3be8ba8507aa8d,"326,89","82,132",287,50
size1000_narrow_corridor_seed1020680816,1000,narrow_corridor,1020680816,0.4,2106b3e42d6d39bd0d378754272cf4b01dd6a1404216da261569a9722988d75b,"624,949","856,853",328,50
size1000_narrow_corridor_seed1020680817,1000,narrow_corridor,1020680817,0.1,3478abc39123949de690726369416fcf474e1fdba05357092a2ce3f8324b2ab0,"532,277","393,943",1179,50
size1000_narrow_corridor_seed1020680818,1000,narrow_corridor,1020680818,0.2,1efc61cc20f2fd1c6e394977e26e44e887d45b1e48fbb572eee96213685d827f,"560,251","377,126",308,50
size1000_narrow_corridor_seed1020680819,1000,narrow_corridor,1020680819,0.3,331116b3ca3a10bf85894cb870871542f98ddf3286b512e39eeebf81711395f7,"833,273","773,276",65,50
size1000_narrow_corridor_seed1020680820,1000,narrow_corridor,1020680820,0.4,54f864dd7f66a8a2a5305be59ed6585f275d6cc34c909c16746e04b9a635d32c,"199,108","830,217",740,50
size1000_narrow_corridor_seed1020680821,1000,narrow_corridor,1020680821,0.1,d56a9cd68e8b96fcff4a6efdaf6f89c1b7ad128cbf61af3b83b03d7ff4e940cc,"13,783","149,849",202,50
size1000_narrow_corridor_seed1020680822,1000,narrow_corridor,1020680822,0.2,bf94cf4e0f4702cd9a8bc4256cffd67d4f34fe9f6554321fa75f7bd88018eb42,"974,113","722,841",1752,50
size1000_narrow_corridor_seed1020680823,1000,narrow_corridor,1020680823,0.3,7674de249dff9629b49b4a40177e52df11ad3a3e0940caf514e15b679ddd88af,"322,779","826,98",1185,50
size1000_narrow_corridor_seed1020680824,1000,narrow_corridor,1020680824,0.4,ccebda614fa92417277a08d29e3c09dea10da774fbe4bf0a90afb1580e8dfa9b,"284,967","331,208",842,50
size1000_narrow_corridor_seed1020680825,1000,narrow_corridor,1020680825,0.1,6a95d095cfa308fecf0f359a732f8c18b391bd1be40c496e953700c2ad6b2bcd,"101,693","705,799",710,50
size1000_narrow_corridor_seed1020680826,1000,narrow_corridor,1020680826,0.2,ad8317c8a24e62bb9096d6eb6a57597f176ce1a1da776cba70f092db3004adea,"833,716","13,995",1099,50
size1000_narrow_corridor_seed1020680827,1000,narrow_corridor,1020680827,0.3,addd0de0009787dad2293144b8009c18da080b7a0c3dfd9e8958e7d8f870adc0,"321,86","920,12",673,50
size1000_narrow_corridor_seed1020680828,1000,narrow_corridor,1020680828,0.4,cda4912830f32a771f0f780ee1dbe1c683daa27c8d0fd59165d64145253d1e43,"32,706","47,48",1157,50
size1000_narrow_corridor_seed1020680829,1000,narrow_corridor,1020680829,0.1,98b562fc0bbf8e9a6077a20ce25ddbde7a8ee33da650ba85fbcedfbea922857f,"132,819","689,852",590,50
size1000_narrow_corridor_seed1020680830,1000,narrow_corridor,1020680830,0.2,78b60b1eb5549adb8bffc43d9df2cbb461143bb07bfba942d2ddc6ef3c210cfa,"311,136","546,820",919,50
size1000_narrow_corridor_seed1020680831,1000,narrow_corridor,1020680831,0.3,ed38b45d98f5a2c8ff8cd1ca8f7f2ac81bd50d1ae34df3e1c9bca01c0be75e67,"206,882","796,873",601,50
size1000_narrow_corridor_seed1020680832,1000,narrow_corridor,1020680832,0.4,ac7d83102f0ae077b9bd8fe8d66caf060002ae044f5274888cfef88d45c5388b,"431,144","882,125",470,50
size1000_narrow_corridor_seed1020680833,1000,narrow_corridor,1020680833,0.1,6ca282f8689b2c4abae56da134d5e76e4a3049e2dc903316336f8393020290a1,"322,984","831,986",513,50
size1000_narrow_corridor_seed1020680834,1000,narrow_corridor,1020680834,0.2,c1a2395cfa4c99cc026b4d945d1ad171a4d02f7e193f5cf577ef014a8b2efe18,"429,733","275,267",1170,50
size1000_narrow_corridor_seed1020680835,1000,narrow_corridor,1020680835,0.3,69b8099c9551783fb3a841d0daa895795fc6fbbc5770beb341dbc2eb5356f8c7,"68,23","976,279",1164,50
size1000_narrow_corridor_seed1020680836,1000,narrow_corridor,1020680836,0.4,df003dcc2cdfe0f3739d04420c6b4e3b589b6bb7a72631bfd43aa7e504416d60,"179,37","967,189",940,50
size1000_narrow_corridor_seed1020680837,1000,narrow_corridor,1020680837,0.1,dd6b341986ecf9c0c7244fee5c54acc1edfef5425da25f7343d4e4848339707c,"629,935","672,314",756,50
size1000_narrow_corridor_seed1020680838,1000,narrow_corridor,1020680838,0.2,984acff2341291e9b5d59228a6c71516fcdf1b666f3048ce8c8f467480c11b6d,"790,993","639,937",207,50
size1000_narrow_corridor_seed1020680839,1000,narrow_corridor,1020680839,0.3,e6a554ac5921f2481b1d02ffe473e5e8e5ecd4c3c331f58beb682162b2efca1e,"286,123","743,59",521,50
size1000_narrow_corridor_seed1020680840,1000,narrow_corridor,1020680840,0.4,4ee1026991ee668b51bb9505d6a4227e422a001f2d06b7814316c78bda1bb6c7,"612,833","533,306",606,50
size1000_narrow_corridor_seed1020680841,1000,narrow_corridor,1020680841,0.1,b1c4ddb6ab1be35e9ebb00df8c9812c88145fd77ae244bda0d37c8ca39f88399,"966,821","273,948",820,50
size1000_narrow_corridor_seed1020680842,1000,narrow_corridor,1020680842,0.2,087fc060e57bc061141d118356ed2ba11fe36b9b7d3cba113fe058b0fcccb286,"950,690","826,266",800,50
size1000_narrow_corridor_seed1020680843,1000,narrow_corridor,1020680843,0.3,037757fdff0bbd652b6620737bc1b6041a69cc9b2ea83285db61a184f6ef1a9a,"738,57","282,933",1332,50
size1000_narrow_corridor_seed1020680844,1000,narrow_corridor,1020680844,0.4,6c9acf2b4f2959cfbed5cdf8b69ff25e3c7a085fffc667a98d8d829802c4124c,"152,680","497,912",577,50
size1000_narrow_corridor_seed1020680845,1000,narrow_corridor,1020680845,0.1,8452eec6b9631de7cf40c31efb3e48c703c9c0afd7ccc2c57f2e8c2a9cf0a58f,"399,825","853,857",486,50
size1000_narrow_corridor_seed1020680846,1000,narrow_corridor,1020680846,0.2,a718c4ef8dc5fadc3484a33de45d7cf90fd9b8d1a29dcb106bf62f3dda814cd0,"129,756","981,323",1287,50
size1000_narrow_corridor_seed1020680847,1000,narrow_corridor,1020680847,0.3,9884b90d0d7ccb69d54b7a8ffb103ac4566309e19534f5ad1cbef479a78170b1,"73,275","734,328",714,50
size1000_narrow_corridor_seed1020680848,1000,narrow_corridor,1020680848,0.4,deb8762d1edb72370b767b3f5bc76716c9b7d250393a92efab69db735852cdd7,"870,946","101,684",1031,50
size1000_narrow_corridor_seed1020680849,1000,narrow_corridor,1020680849,0.1,409eff2803a76bf19e30b741b7162cfcf678048c14409cc1f462315819ab6b6d,"301,772","29,290",1460,50
size1000_narrow_corridor_seed1020680850,1000,narrow_corridor,1020680850,0.2,5420fc1e42a8d557de415058f7410813cc107fb5ee47ecfea618c0da189f6645,"537,201","28,699",1007,50
size1500_open_random_seed1520280801,1500,open_random,1520280801,0.1,296b90a81430c8f389f63adc36eb76eb91ad258965ac1f6d342cf1297317234d,"1042,881","664,310",949,50
size1500_open_random_seed1520280802,1500,open_random,1520280802,0.2,a07112cf69107e3b0f54f0497f41df428e52fb12846a9e80c6429e778432b197,"851,527","164,1234",1394,50
size1500_open_random_seed1520280803,1500,open_random,1520280803,0.3,f524feef28a766591c6a0f17013d0f572d3400c97fd1aba7b03f4e7fd7d56a7e,"813,239","940,314",212,50
size1500_open_random_seed1520280804,1500,open_random,1520280804,0.4,ce3390e29bf7e86b4cb8f3f4017d270ff2ef4a5cf7b96955947d7440c7c95504,"22,741","114,911",444,50
size1500_open_random_seed1520280805,1500,open_random,1520280805,0.1,ae9bfd5c91cccdefe39ac804fed2ecff933bd91330ed8cb6d1d9e2f023ff9cb5,"1276,1049","413,872",1040,50
size1500_open_random_seed1520280806,1500,open_random,1520280806,0.2,5b715399675c669c778d991a0d090f91a419b4bb009409093709e498a8622c07,"393,1449","1496,734",1818,50
size1500_open_random_seed1520280807,1500,open_random,1520280807,0.3,1b3cc53ebfe0d33319a02cf658277a16583702114c22e3be885e22b6aa056878,"1445,385","166,14",1750,50
size1500_open_random_seed1520280808,1500,open_random,1520280808,0.4,cf0313aba4bb4a086ce435124144f65bd650938c90589275619c7c97377cebf4,"600,784","981,1110",1937,50
size1500_open_random_seed1520280809,1500,open_random,1520280809,0.1,cd8ce2b8707e49a9ee48a71d46a87bb6589250f8674e0548021633d3761dd4e4,"1277,867","895,1021",536,50
size1500_open_random_seed1520280810,1500,open_random,1520280810,0.2,6e797d351efb4eb3c2ee36090d44969efac510ee1cb8604b2ea1a68018cc7f2b,"412,1193","216,1353",358,50
size1500_open_random_seed1520280811,1500,open_random,1520280811,0.3,926e48eb0a4760ea2590229d6cd40b1c3e90f826703d4a4afc75eaf1b1069cd6,"157,884","827,803",897,50
size1500_open_random_seed1520280812,1500,open_random,1520280812,0.4,489b9cb57efa786e82d19c8b89a7866ab8df5b444989440f082f56434e42343f,"1054,780","316,1190",2088,50
size1500_open_random_seed1520280813,1500,open_random,1520280813,0.1,b3e3c1530f5debb0f4f01eefa8c753b94fa7caaffe93f0f4dfb240dd1ec2a8b4,"428,346","1209,603",1038,50
size1500_open_random_seed1520280814,1500,open_random,1520280814,0.2,a792bd041fd54dbcf9e1e061e8a6f4bf138a25a3e87aced5eac1649bbc7904d9,"116,911","1102,1165",1252,50
size1500_open_random_seed1520280815,1500,open_random,1520280815,0.3,2ffc8611615b1c7cb7d3173eb193ed0c86648f36ab2bf42bd7d89d0c77c05de9,"327,247","288,377",179,50
size1500_open_random_seed1520280816,1500,open_random,1520280816,0.4,7c066de329fca32fb878becc7c364ae691c4b485330ad178e1fc15a72e4ce3c3,"590,841","1355,415",1987,50
size1500_open_random_seed1520280817,1500,open_random,1520280817,0.1,b4edc38580c550071d7b7309a5e05399298e91cfeff455f70e4631ff176cfef4,"295,903","760,1171",733,50
size1500_open_random_seed1520280818,1500,open_random,1520280818,0.2,b3e478ab07adcac4230edd29d68ba2dee0080f7eaacaf169ddff593aac422585,"475,1245","502,11",1423,50
size1500_open_random_seed1520280819,1500,open_random,1520280819,0.3,ad243a8a5201bce9077d01bcc11e6be14c5441075d71d78b9016d4acf4374c44,"0,1034","1214,811",1603,50
size1500_open_random_seed1520280820,1500,open_random,1520280820,0.4,b91f13aece3854de9fa49b9ba7010705c0d254913291a56918df400065a568dd,"1356,760","1364,761",13,50
size1500_open_random_seed1520280821,1500,open_random,1520280821,0.1,fa6474db5855ce52b151af0e52795d969d4bf1f8a2ce4df7cf92fdd96e5ebd96,"859,968","386,476",965,50
size1500_open_random_seed1520280822,1500,open_random,1520280822,0.2,a5f5eb0b5772af3a43bb68aeb3f4767097d7c93f767987a9fcb3e65d23473ead,"644,136","502,1222",1280,50
size1500_open_random_seed1520280823,1500,open_random,1520280823,0.3,3b83ebda9f3aed85e1ebca2994a94b9e195238e521f6985b8d5fd973292b793c,"1066,38","601,1109",1586,50
size1500_open_random_seed1520280824,1500,open_random,1520280824,0.4,ed7a5424072a6203cdf4ac63153565ad28e3dee58ba81a756d3e09ef0d319550,"1488,944","1339,34",1705,50
size1500_open_random_seed1520280825,1500,open_random,1520280825,0.1,e7895d55186011344a1d6a83de2211c248fc40f7f8c74fdb49a26dda6e21c701,"338,1073","920,233",1422,50
size1500_open_random_seed1520280826,1500,open_random,1520280826,0.2,ddf18c45973d37a5b15a81d6191addc316373cc4bbe9b96cfa0e0779ec0796dc,"761,1388","781,857",615,50
size1500_open_random_seed1520280827,1500,open_random,1520280827,0.3,bcc00d7cfefd43e4db607c3976d0c2436e503b5c04fd7e4a44ceb525ca67c248,"25,1355","708,1185",943,50
size1500_open_random_seed1520280828,1500,open_random,1520280828,0.4,b1b78dbe6e219564444f65a42582b4e428e3e48938612a0c6059023cee139e88,"1355,275","1139,712",1069,50
size1500_open_random_seed1520280829,1500,open_random,1520280829,0.1,d2d0291cc073054c40aea4ccce17cdbc70c60282049be5c98c5f6c0d70bc5bb3,"62,1011","236,383",802,50
size1500_open_random_seed1520280830,1500,open_random,1520280830,0.2,01d7913d16e2d350a5357af6222fe00a94df1b460da530ad9cd1b6aba7f702f1,"161,1415","922,1354",882,50
size1500_open_random_seed1520280831,1500,open_random,1520280831,0.3,ed4e26ecbfa2283aa5a38f4257c977c2fac0cc71aa0594cc45b9ef472442fbd2,"903,1311","941,358",1231,50
size1500_open_random_seed1520280832,1500,open_random,1520280832,0.4,375855beb6245b643bcf5b7a40f1295c8a05f7321430998be8b8b78d8eb0c913,"757,473","760,491",35,50
size1500_open_random_seed1520280833,1500,open_random,1520280833,0.1,3223fcd02b49844e223dc925d7592fc3b878736c1ffa5823f6777836d2674cf0,"598,212","536,785",635,50
size1500_open_random_seed1520280834,1500,open_random,1520280834,0.2,cce97a9b435b5ce3e7838d9841e9e1fe007aa04d0e80edba6df3ea5a4236f5d4,"1305,382","633,1046",1336,50
size1500_open_random_seed1520280835,1500,open_random,1520280835,0.3,d8bec1a301edadb21dd7ce11102ce9c94e173097c851e20b371734e71882b859,"1090,682","647,730",593,50
size1500_open_random_seed1520280836,1500,open_random,1520280836,0.4,b675b9f5ef73d4f9885b03e33229ab38e8567a74072fc38c87111940e51820b3,"1167,671","346,1044",2382,50
size1500_open_random_seed1520280837,1500,open_random,1520280837,0.1,24d8eecaf191a95e02087d7714eea6711d49c8f9584e73e0cdc085f856eb7deb,"416,777","47,339",807,50
size1500_open_random_seed1520280838,1500,open_random,1520280838,0.2,b346a97f4e30d9d8b81ae8dff50011f0136d4577c6a06336bc20b4c012435294,"1089,1365","854,982",618,50
size1500_open_random_seed1520280839,1500,open_random,1520280839,0.3,e7e8d4ff7219a400090b822e61f1024cc8e1440be875903691a184aafe1aef78,"1041,968","218,1276",1205,50
size1500_open_random_seed1520280840,1500,open_random,1520280840,0.4,b9b18e812078db6e78bf674c385a6ed02ce21215294f530a222a9743dc5109a4,"1380,439","594,433",1554,50
size1500_open_random_seed1520280841,1500,open_random,1520280841,0.1,9eedd6c18c2e21cf7f4365220f3a9bf6484bec4a82e21a895045ab16cda90ca3,"1141,579","1118,160",456,50
size1500_open_random_seed1520280842,1500,open_random,1520280842,0.2,75e1511f7226088b1d858025e40f0fc68fa976961d3fe204d7171a8a9b0401a7,"1447,24","870,751",1304,50
size1500_open_random_seed1520280843,1500,open_random,1520280843,0.3,62bce5419e443c85f6fd0e20a913b354f5a9028d2ff38d8a9fc9f30081627ead,"1000,1063","369,1298",912,50
size1500_open_random_seed1520280844,1500,open_random,1520280844,0.4,894eec0db659b12b2cde6cb337aa5e684edcb792c6b163ea4aee6a89732fb38b,"1038,1349","1042,1335",20,50
size1500_open_random_seed1520280845,1500,open_random,1520280845,0.1,18f82fc7e289b702ff0bacf0fdbbb3f37632f1de858a6c4fd05148cfc9c37b08,"818,344","986,1417",1241,50
size1500_open_random_seed1520280846,1500,open_random,1520280846,0.2,40abf27f1d0189fad54d304213bea15377641ac0a6e2ce7de4b2a81435198fb7,"993,802","1020,1108",361,50
size1500_open_random_seed1520280847,1500,open_random,1520280847,0.3,ab5ea9f3cbeaded062aabcd7cf498be92f2c547a1686ca802abb885e544dc535,"373,136","221,120",206,50
size1500_open_random_seed1520280848,1500,open_random,1520280848,0.4,7c062951f2a05957dba394057f4f41694ee8dead54609610a71aef4fca7d7622,"1467,1304","712,772",2239,50
size1500_open_random_seed1520280849,1500,open_random,1520280849,0.1,ee62e73636c8b43df1989fde0dd68ae416d41c3e1678d36683674d51ed31b08e,"734,1474","1326,1147",921,50
size1500_open_random_seed1520280850,1500,open_random,1520280850,0.2,5f5ee47c66a46ccc2f690e2f0fb0ae5730248500539ee8298b246cdab1ed62b3,"14,1392","400,986",792,50
size1500_maze_like_seed1520380801,1500,maze_like,1520380801,0.1,222b9d9d4852e8b4d143e2d8c7d63cf26764bf7825afa29d05342f32d643f3c2,"1076,973","1078,973",2,50
size1500_maze_like_seed1520380802,1500,maze_like,1520380802,0.2,ad996ecc978623d28369643503d38922e8b8a4b02d1cf837d65058e15cee4ea8,"785,930","788,929",4,50
size1500_maze_like_seed1520380803,1500,maze_like,1520380803,0.3,997d02212a0db39b3c43e63596acd93341b4b5a94bf4b9d41c01501f56cb3598,"240,1138","243,1137",4,50
size1500_maze_like_seed1520380804,1500,maze_like,1520380804,0.4,a05bb0114a76ac6933ad2d1ed54a92794026c6207ff353d987456cbce612af0f,"257,568","258,568",1,50
size1500_maze_like_seed1520380805,1500,maze_like,1520380805,0.1,dbc83ca1ce6f13504413e4b66169d7d98ef24eaf4fb9271ecc94ae796ad09c99,"1120,1018","1123,1017",4,50
size1500_maze_like_seed1520380806,1500,maze_like,1520380806,0.2,74240eed8e285781fa65f3c4036c8655c1c774357b14666fd8597a9bbc1059a9,"1462,178","1460,178",2,50
size1500_maze_like_seed1520380807,1500,maze_like,1520380807,0.3,82faeccc4aadc1a44714ab78a00ebba0f08b2fa9d2bbd518fda3c594b45f686d,"171,481","171,482",1,50
size1500_maze_like_seed1520380808,1500,maze_like,1520380808,0.4,06b342fe77ed0b95c4aa13bacc4325d9704d6bc268af5ea83fe606d6b6a55d81,"1110,278","1113,278",3,50
size1500_maze_like_seed1520380809,1500,maze_like,1520380809,0.1,c1563bd53ba1c59f30343d95d13081f552c9b63d60a623f5efb1c80b2e8fde39,"1065,596","1066,597",2,50
size1500_maze_like_seed1520380810,1500,maze_like,1520380810,0.2,c3139e223bcdab9f03cd9ec55a921c2d19dd3e86c3c5d5f3f5b1046e479892f6,"963,1488","961,1489",3,50
size1500_maze_like_seed1520380811,1500,maze_like,1520380811,0.3,3772754e5b42c43cbec6cccbc674a768f2a0ca5c37028a6a652d0e7a2cbdbe13,"761,872","766,872",7,50
size1500_maze_like_seed1520380812,1500,maze_like,1520380812,0.4,1b34664cb8b68d79d005dc52994175886dc6087d44b7c3bac6e455b15173b84c,"835,80","838,80",3,50
size1500_maze_like_seed1520380813,1500,maze_like,1520380813,0.1,63d294c95019b3a64cb8c04063376c7905b24018fda278123e235ec2899d2534,"465,1166","466,1165",2,50
size1500_maze_like_seed1520380814,1500,maze_like,1520380814,0.2,9888154b10e7e8d1f3061c88fda8abee8aa70229f584dc36c9b591735942d9f6,"645,1097","646,1097",1,50
size1500_maze_like_seed1520380815,1500,maze_like,1520380815,0.3,5f1b47d5e04ae74897774c7cebe3309a0d5794f525e8db372f616358a11f1180,"903,1458","902,1456",3,50
size1500_maze_like_seed1520380816,1500,maze_like,1520380816,0.4,c908d12ec741ce608dfb809f09b0baf33c2d075283a7533b58014bde41bf7fd8,"1326,522","1328,520",4,50
size1500_maze_like_seed1520380817,1500,maze_like,1520380817,0.1,9f6d993eea3d134a26d9d4729f081f577441972d551af355fd5bf5a64ab80e05,"827,1348","826,1350",3,50
size1500_maze_like_seed1520380818,1500,maze_like,1520380818,0.2,91ab2bcc884cae98960636a63407c0b493855bab18aa807a0febf64caf3dc368,"231,88","232,89",2,50
size1500_maze_like_seed1520380819,1500,maze_like,1520380819,0.3,e3dfa0a7502607f3892206a5220b1f6c9f4baada24c2b1041a1bba4d03ac1a24,"660,649","663,649",3,50
size1500_maze_like_seed1520380820,1500,maze_like,1520380820,0.4,cdc39a0b8269eba44c34c118b493b0a32a680addfd85dd8fcd01acb11eb957d8,"1463,1084","1463,1086",2,50
size1500_maze_like_seed1520380821,1500,maze_like,1520380821,0.1,b8a17d772ebeccf40e9cfd2080266f33d44f23e6bb4708f10c0a995d5da66722,"425,102","428,100",5,50
size1500_maze_like_seed1520380822,1500,maze_like,1520380822,0.2,767ef6b347cdb52ad306fd488983833d4fd81714f3acba0de571dbdb3dc89403,"78,1301","77,1302",2,50
size1500_maze_like_seed1520380823,1500,maze_like,1520380823,0.3,f29643e26b3a04d57bed6d2b2d63e72ddcb6e64e4a182a36d4824a9217567fee,"1436,1198","1436,1196",2,50
size1500_maze_like_seed1520380824,1500,maze_like,1520380824,0.4,9ef99f25f5d5b42d22429b2bdea7ce9e3a69016518507e1ae97c0d4a30c31d4d,"408,1218","406,1217",3,50
size1500_maze_like_seed1520380825,1500,maze_like,1520380825,0.1,c74bf4d3faa1579aeb0c2ee8f4211260d89512db4278008bf583e3a4ab049102,"773,1079","771,1076",5,50
size1500_maze_like_seed1520380826,1500,maze_like,1520380826,0.2,48c5fab8d764895d50f7d30bd6b8944291473fbdd8fc0179d802176e439dc2e6,"605,1","1495,957",1856,50
size1500_maze_like_seed1520380827,1500,maze_like,1520380827,0.3,ee9323865d9b7a22f52e0491531c15870616eff4dccd705f0dd27dd669b90b45,"1237,432","1235,433",3,50
size1500_maze_like_seed1520380828,1500,maze_like,1520380828,0.4,d9ab9854cbacb47a92b73ed60f229ecf3db8e34a1d86456069b8b709fa6db770,"182,1070","183,1069",2,50
size1500_maze_like_seed1520380829,1500,maze_like,1520380829,0.1,9e9d614edf520390afc7937059761030168eb9c952bd0c1816886a6f952a87cf,"617,485","615,484",3,50
size1500_maze_like_seed1520380830,1500,maze_like,1520380830,0.2,da5b0fa940e861eff8444b21680aa51acb2577d65f2982ab0d867ea5d547eb10,"545,604","546,604",1,50
size1500_maze_like_seed1520380831,1500,maze_like,1520380831,0.3,7d24c253032264ac21cd970ac31871cf4f23d766b893f4ba2f68a336e1860bdc,"1292,1320","1292,1322",2,50
size1500_maze_like_seed1520380832,1500,maze_like,1520380832,0.4,f823c37b9f04789931d6fbef8aba61abfe9254572375862bb0d05f0047385d42,"968,697","967,696",2,50
size1500_maze_like_seed1520380833,1500,maze_like,1520380833,0.1,9b07d8980df2ac2b7b4f258b17d3a1e9d3048043a1e916914f04236db2c780b7,"927,214","928,212",3,50
size1500_maze_like_seed1520380834,1500,maze_like,1520380834,0.2,fd07bf86661049b438ab40ae065002957deaa458d2f4877a199273f028a05b70,"790,430","791,428",3,50
size1500_maze_like_seed1520380835,1500,maze_like,1520380835,0.3,93b47aca73a3e18e1b2f12122f5b1beef3572e51d9b74f00ad6ddfdbfe4848d9,"95,820","97,820",2,50
size1500_maze_like_seed1520380836,1500,maze_like,1520380836,0.4,de3cbde1f4adc0511d834240ca22bd5d4de4313e6da2d6ad10b6e4a15fb2304f,"78,1004","77,1004",1,50
size1500_maze_like_seed1520380837,1500,maze_like,1520380837,0.1,5cccc0094818908309c78f4c6ff336211a3c152de0fd1a77fb2ae0c0e8d8012a,"525,600","527,602",4,50
size1500_maze_like_seed1520380838,1500,maze_like,1520380838,0.2,c48ba28c5ad7cdb4d12ca8a15f81edc3ea956329d0e3d91187b98b22ec65d146,"1103,184","1101,184",2,50
size1500_maze_like_seed1520380839,1500,maze_like,1520380839,0.3,43d91ccb90de16b4879178fc51bfa723963228e92efa7e020bfc4383ee10211e,"1233,26","1232,25",2,50
size1500_maze_like_seed1520380840,1500,maze_like,1520380840,0.4,20912fd77f82169e47ad84a3d7e0b2f545bad7cddd36109ff38675ef79fd45d3,"411,316","412,318",3,50
size1500_maze_like_seed1520380841,1500,maze_like,1520380841,0.1,afbda93a55f7b4e0bef99625f2d6e8d9ef2e7e348e11eceb50cd884f6fccf4fd,"906,844","907,846",3,50
size1500_maze_like_seed1520380842,1500,maze_like,1520380842,0.2,8b7d416f6ac10040711a0db970d2862cb138e5f6352a325558df85cd0997f72f,"1125,1322","1128,1320",5,50
size1500_maze_like_seed1520380843,1500,maze_like,1520380843,0.3,64dac1c580fa8447af76144683159e3c652708a7c4b6e59dbafd252f0074d652,"1388,652","1385,653",4,50
size1500_maze_like_seed1520380844,1500,maze_like,1520380844,0.4,05327c4fd5b28ad1695cb2940c5338353520d38c2b042b64bdd8ab9cf31d551e,"673,220","670,220",3,50
size1500_maze_like_seed1520380845,1500,maze_like,1520380845,0.1,554bf7bfebcf6d7a99de34b72adb934e51e6bd3c063b2bf1c4a940d0671a6261,"920,1241","921,1240",2,50
size1500_maze_like_seed1520380846,1500,maze_like,1520380846,0.2,153afe989aad379b641fd5b3f7c53e586b9668f7bb7d0017856edc9ee0a47242,"167,933","167,932",1,50
size1500_maze_like_seed1520380847,1500,maze_like,1520380847,0.3,2c76fa485b9b3b3ce816a63786d927695662f1ac879147737f241550a0cbe8ec,"840,969","843,970",4,50
size1500_maze_like_seed1520380848,1500,maze_like,1520380848,0.4,262217005ac0794bcde8996e5d05873fcdf0c23805697d13968ff583c0bbadb6,"298,1213","295,1213",3,50
size1500_maze_like_seed1520380849,1500,maze_like,1520380849,0.1,2c5dc8338f6dc15130fa491600e98ba5828c68713ef990b25a9b562aa450d90f,"943,1436","943,1438",2,50
size1500_maze_like_seed1520380850,1500,maze_like,1520380850,0.2,ab16f95a8f99e2103b4d4361ee3cbdad24c39e6c334461f74259a4d735130ab2,"1091,1372","1090,1372",1,50
size1500_bottleneck_seed1520480801,1500,bottleneck,1520480801,0.1,5f81f39734ab04441e90225eada87c7a2d7d5fa202eef1f27b6e2526fc6b50ff,"473,5","75,1273",2772,50
size1500_bottleneck_seed1520480802,1500,bottleneck,1520480802,0.2,397487746ad1a4095634a28c00e6ff7070efa8bd5da1b15a1f1d6029615ca009,"414,1112","1195,1213",882,50
size1500_bottleneck_seed1520480803,1500,bottleneck,1520480803,0.3,1757f7b16c3e71c0dcf2a99eb1331aa3c2fd267c1b56f82d42fbd586f5d28c99,"455,1322","286,1168",323,50
size1500_bottleneck_seed1520480804,1500,bottleneck,1520480804,0.4,8df548b01304f8a4ea18678d5e59aa89ee6992c646f834c72573ecf22ec752bb,"1435,244","89,260",1376,50
size1500_bottleneck_seed1520480805,1500,bottleneck,1520480805,0.1,4dd29b089c2289f0c6705ee14a010b5916ae214877f9ff7fa303404fc64413d9,"1105,1198","1408,762",739,50
size1500_bottleneck_seed1520480806,1500,bottleneck,1520480806,0.2,7043496f0b8f9a31a2e378529dc764caca008709e0085aa58e572bff6c14bedf,"723,473","1084,1243",1131,50
size1500_bottleneck_seed1520480807,1500,bottleneck,1520480807,0.3,17901c8e42923afd484bc1b74274a8398c0dfb7dfffb3be2398a35a74f1caec7,"1190,958","18,746",1392,50
size1500_bottleneck_seed1520480808,1500,bottleneck,1520480808,0.4,c5e126b82683de2da02f4f9c22585b89b077f6f952315a105f6ea00e330237a1,"1322,1173","624,447",1720,50
size1500_bottleneck_seed1520480809,1500,bottleneck,1520480809,0.1,7e41eefa5cd0b59eac1cb4e90573594a1b6f32309700030e24708365a601f46b,"957,434","151,1208",2176,50
size1500_bottleneck_seed1520480810,1500,bottleneck,1520480810,0.2,e209feacbe5fef7552cb53a397d9c55a891decc252a7255892699198173c6889,"5,742","869,839",2125,50
size1500_bottleneck_seed1520480811,1500,bottleneck,1520480811,0.3,2480deccf5f8eafd5f1f0997b4bac9f3657b583e139977e3315b67cc346916fa,"798,310","1110,1481",2927,50
size1500_bottleneck_seed1520480812,1500,bottleneck,1520480812,0.4,aecd7df7f7e28e9b70af66ad0439bd89641a8cc7ac158010628b69fd9c29e7a7,"0,549","1283,1390",2140,50
size1500_bottleneck_seed1520480813,1500,bottleneck,1520480813,0.1,fa0f3791f05c467d311cbf293530c138d4f28f42a7bc29b4600ad3babbf032f4,"1331,537","596,620",818,50
size1500_bottleneck_seed1520480814,1500,bottleneck,1520480814,0.2,4a6ba2e4a85b6487d5d5203652774c6af9e7cb32392a489077567dc94a282391,"1294,1328","892,1340",414,50
size1500_bottleneck_seed1520480815,1500,bottleneck,1520480815,0.3,7f8b8c8c7ad95d3189ffa73f7a7c67d89c12e920ff31b9c4e6d4653051d8d016,"1229,1253","269,1455",1162,50
size1500_bottleneck_seed1520480816,1500,bottleneck,1520480816,0.4,ba567f1f249bfea160cc8ab86ad5d6fbc609128a27f1a7a04a186531af8bd793,"1245,433","1125,971",1578,50
size1500_bottleneck_seed1520480817,1500,bottleneck,1520480817,0.1,b9835fb5df31651c2ba2a521957f5d06606c1cb3c38afec598bfebdc97d701a3,"1464,1422","1482,697",2765,50
size1500_bottleneck_seed1520480818,1500,bottleneck,1520480818,0.2,7ac8e4e11457304ebe307fb9b71ad4084c803dc8f8197e99492c65163cb5f976,"128,857","557,695",1701,50
size1500_bottleneck_seed1520480819,1500,bottleneck,1520480819,0.3,37d99794785cae79124727cbdab9f33aff4da7fb3a3b7748220e41c9e3796de3,"444,227","56,316",477,50
size1500_bottleneck_seed1520480820,1500,bottleneck,1520480820,0.4,5dcc4bb26a1b1a232b5fbcf2fe07c7a3122b04d8c5a44970abf4bc1707c6b16b,"912,45","238,338",967,50
size1500_bottleneck_seed1520480821,1500,bottleneck,1520480821,0.1,2bb0891baaef0cf0d589df7a57cfb697c66b47d0e3cc227381963c5b66a39246,"1049,1220","1040,885",344,50
size1500_bottleneck_seed1520480822,1500,bottleneck,1520480822,0.2,5693d2f3dde267b083ab6bd349382abbbc546ddbb155561fc4614c973b8c736c,"930,173","1209,321",427,50
size1500_bottleneck_seed1520480823,1500,bottleneck,1520480823,0.3,6f10b8eb660ee487377befddcdd3e7046e0445fac454bb42ae4387cbe729e0ec,"1478,643","195,1311",2905,50
size1500_bottleneck_seed1520480824,1500,bottleneck,1520480824,0.4,a5a3d9145fb8084bc93c9fcc032a95363b2d9c7dc580cf93ae2d1b6ed96b31f8,"1253,1080","1262,65",2194,50
size1500_bottleneck_seed1520480825,1500,bottleneck,1520480825,0.1,3f5bd7d7946ade8fbd7dc5698cdf31113a54e8ac761272a34cbd034d72cc0e0b,"170,1038","1270,536",1862,50
size1500_bottleneck_seed1520480826,1500,bottleneck,1520480826,0.2,6fa342f97d3b38c74f355d31133ce40edd8df17d0bf8206b2f95b35ea8265f29,"1296,1072","390,399",2047,50
size1500_bottleneck_seed1520480827,1500,bottleneck,1520480827,0.3,ac6c753633e47fdd756ab36c381ab0a8cc0a07258f0bc514ff0314ce444c6a49,"992,374","796,985",2029,50
size1500_bottleneck_seed1520480828,1500,bottleneck,1520480828,0.4,29aacbbe0be6a02e7deb00b7c3a194bb9d2783ce755e256c76c843510a092a7e,"563,248","322,160",329,50
size1500_bottleneck_seed1520480829,1500,bottleneck,1520480829,0.1,746f3b3bc9ed7cb168754cad9162a76b8ef378454196d0fd8ec9c9f69cd84db5,"550,595","636,370",311,50
size1500_bottleneck_seed1520480830,1500,bottleneck,1520480830,0.2,20b684a8c98689ea7d0757ac4339440a189f35854c06083a3919241d47939ca8,"1128,49","1244,1211",2124,50
size1500_bottleneck_seed1520480831,1500,bottleneck,1520480831,0.3,2597d090b5d7e99fcdfbc23a496104916dbd46c93d8209d90f6db1311e0aa0d7,"98,1232","1071,1341",1082,50
size1500_bottleneck_seed1520480832,1500,bottleneck,1520480832,0.4,c302e6999a6417d03fc8709e8f6f75762a2983f9a295c52bac3b00fc5bbc4ecb,"99,559","1452,38",1874,50
size1500_bottleneck_seed1520480833,1500,bottleneck,1520480833,0.1,06bd5d2d74d7ff039216ce1d93307fbcfa5fe2221e9d997d625df7344c07fb48,"1057,402","1313,876",1950,50
size1500_bottleneck_seed1520480834,1500,bottleneck,1520480834,0.2,d8d15ef090c918acce4615dd9f8bad8da830ab76ee9713a9d0356f18ec679255,"102,38","761,790",1411,50
size1500_bottleneck_seed1520480835,1500,bottleneck,1520480835,0.3,8f5613fea565b659bac0c76a06d2785cd4aa1fa0c0ee6611dd270b0db693c469,"68,561","652,497",648,50
size1500_bottleneck_seed1520480836,1500,bottleneck,1520480836,0.4,5562ae4e1386df4a29cd89a504831999c984fc138c619a75fd112fb4eae9f1f0,"392,750","1066,9",1419,50
size1500_bottleneck_seed1520480837,1500,bottleneck,1520480837,0.1,29080e21eadd7c27b2af24499997079705a5f98188e367279f5f74dde2642087,"671,1168","131,1425",797,50
size1500_bottleneck_seed1520480838,1500,bottleneck,1520480838,0.2,fce8869903bddc3155ea1987068692e164b0759e151bf29ac70f0f633466e169,"1477,643","208,1292",2038,50
size1500_bottleneck_seed1520480839,1500,bottleneck,1520480839,0.3,9a4cbfb88711a0d6dc11ee11119f262516a17ceecdb71f731947009c76acc3c7,"1434,752","157,832",1357,50
size1500_bottleneck_seed1520480840,1500,bottleneck,1520480840,0.4,dcb14a414dfef098e332115b58b07240fb671adea155607a08f5a39578b75327,"716,882","1337,839",664,50
size1500_bottleneck_seed1520480841,1500,bottleneck,1520480841,0.1,208266ae498c319995947f6ee55702866b836a993f28b02cbdbcfa24a8ec390d,"1373,66","181,325",1451,50
size1500_bottleneck_seed1520480842,1500,bottleneck,1520480842,0.2,0347d724a642c2f905c86dec207d989456bd2f9b2915aff2eddab19164f8ad48,"1015,59","38,1018",1936,50
size1500_bottleneck_seed1520480843,1500,bottleneck,1520480843,0.3,4babeaab36089f533c407567ea42a10e8fe1f476a582dc758c974c226ed54879,"645,884","994,65",2210,50
size1500_bottleneck_seed1520480844,1500,bottleneck,1520480844,0.4,51252756ed02a1b363c488b7a0aa084f85d84e809bf0e40774fa123d19d89519,"1147,387","1084,561",237,50
size1500_bottleneck_seed1520480845,1500,bottleneck,1520480845,0.1,157fee44585f045678a45f3bbdf3a6b68ba2b910e984ebd91a4482977c94ad91,"733,999","786,1114",168,50
size1500_bottleneck_seed1520480846,1500,bottleneck,1520480846,0.2,c9c98a109a853aa19fd73b2f8d3b8b11ab4ca3d565e301335d9ac7cca68d5563,"261,12","1485,780",1992,50
size1500_bottleneck_seed1520480847,1500,bottleneck,1520480847,0.3,0f5653890677eb9cb1ab2bf3e6e34d48542b65935fce29a0914790f3d4523902,"1462,1360","1053,1013",756,50
size1500_bottleneck_seed1520480848,1500,bottleneck,1520480848,0.4,b4eec68bde96634e7577c3a2ed6f7950894e9d78a1e25211d5ff4a9f37fff5cb,"1318,1367","179,877",1629,50
size1500_bottleneck_seed1520480849,1500,bottleneck,1520480849,0.1,15fd83e5991ac37c8f597b83a3da37772d166afd7d2552c865364dba0455af72,"33,814","257,359",725,50
size1500_bottleneck_seed1520480850,1500,bottleneck,1520480850,0.2,98f754c12e1caf05e6366699cc3bb1c6f771386786093889794af240139e9680,"193,151","1090,1104",2502,50
size1500_large_block_seed1520580801,1500,large_block,1520580801,0.1,4c201da62dde8caf324257240b44cfcdd9c81d8009bc5019d5fbb91683852351,"554,1266","1199,503",1408,50
size1500_large_block_seed1520580802,1500,large_block,1520580802,0.2,dd1a0ccbc98fffa07234079b69153198a9b93b57936abf065c1d99bed251173b,"34,1014","619,1475",1046,50
size1500_large_block_seed1520580803,1500,large_block,1520580803,0.3,fd126981c771a8bbb11c6805583a6e68d2a2026d19b03b5dbb8b5cc3b289a44b,"128,969","212,929",124,50
size1500_large_block_seed1520580804,1500,large_block,1520580804,0.4,d894737df613a5602f6b3924c8be69371cb61ace5089bdfefb431f79e5241702,"83,206","177,298",186,50
size1500_large_block_seed1520580805,1500,large_block,1520580805,0.1,4f5c3b0f2a1620fe896df815ae80322373102e221fee7c1168df06d1d4d5b96a,"670,583","610,1413",890,50
size1500_large_block_seed1520580806,1500,large_block,1520580806,0.2,c7f947e6cd4d15c15de5aad6dd058f68cf8b4ebc1a02f08630178714e05aea6e,"1037,1110","1174,1280",307,50
size1500_large_block_seed1520580807,1500,large_block,1520580807,0.3,64a8079620e1a5cd625431b711b0f86aa7bd08a9ad4b29356ed4b2879036b033,"897,273","1485,482",831,50
size1500_large_block_seed1520580808,1500,large_block,1520580808,0.4,5a0d05216fc8e7a6b7c1d3bfea213dd71b5c5da24910ba0a68fd1344e255bf8e,"361,1215","1026,300",1580,50
size1500_large_block_seed1520580809,1500,large_block,1520580809,0.1,16395db0f3110db88a711f6c63babd5d39638c173ac5a2a96d386e4f5f65a58a,"347,818","679,938",452,50
size1500_large_block_seed1520580810,1500,large_block,1520580810,0.2,7c614bb270cd00f9af67fe9d36edf1d32afb40e35a09d14b652e2163e98ad241,"1179,565","55,126",1563,50
size1500_large_block_seed1520580811,1500,large_block,1520580811,0.3,6593f88bebab06ce24a2007976b9d11b2e63f75bb386859658aef50d795b0f69,"1470,595","445,1457",1971,50
size1500_large_block_seed1520580812,1500,large_block,1520580812,0.4,7dba71e14c06080652a0c8d6b0b463b237e2011cc071c0c586b75bd7257b652a,"263,658","1286,1326",2029,50
size1500_large_block_seed1520580813,1500,large_block,1520580813,0.1,07125578bf2eb04c60f274e8b85f5c08174f769f6a3ac48e5264d41831f9d6c6,"773,390","252,403",534,50
size1500_large_block_seed1520580814,1500,large_block,1520580814,0.2,cf52efbf6b1c2fba0a0d7633ae46ec153037fc43bea5cef4ad376bbb8343f410,"20,746","752,757",743,50
size1500_large_block_seed1520580815,1500,large_block,1520580815,0.3,87a461b25af09d0fafbcf0a4e42ba6f64e13e28cc5ff3d8c293f5e429d0a644f,"587,899","887,111",1088,50
size1500_large_block_seed1520580816,1500,large_block,1520580816,0.4,df5a4eee12ecb7f150c54ea0b818d2bbea9c628e8265fe56c95bc0b28c471b4d,"141,40","964,106",969,50
size1500_large_block_seed1520580817,1500,large_block,1520580817,0.1,cabbc56abb8d4091222ad9540c65919bcb2ae1fdda0a1f73b5599a4370be1d8e,"468,344","1097,1369",1654,50
size1500_large_block_seed1520580818,1500,large_block,1520580818,0.2,3a580356c8617187fca7359c5e95d054ea594c94564307a6c28e5ac68f83c257,"295,1145","184,5",1251,50
size1500_large_block_seed1520580819,1500,large_block,1520580819,0.3,f9b241c116813c9f3649ffef0d0ee8fa53dc955cef3cf986933f9addd3d50a22,"215,218","504,1136",1207,50
size1500_large_block_seed1520580820,1500,large_block,1520580820,0.4,94a15337ad4dcb6946e2d8ca58688ea29a61afff6ce6c151f4f09b312d1af589,"30,37","1467,408",1882,50
size1500_large_block_seed1520580821,1500,large_block,1520580821,0.1,d7449796c1c5f1ccd91225abea4c1745cc91f395a2fd4dfcf5514375e9df5101,"1489,754","90,978",1623,50
size1500_large_block_seed1520580822,1500,large_block,1520580822,0.2,9a168f57d92ae148b8b4f4ea2b0b6728f22d66d1f2a040e4c7495412cefa6e6e,"611,257","215,1016",1155,50
size1500_large_block_seed1520580823,1500,large_block,1520580823,0.3,33066a3562ed2d28d62bbb027e7ef184dbf7f72188129ce55946a3f7bb19e611,"78,1496","1416,576",2264,50
size1500_large_block_seed1520580824,1500,large_block,1520580824,0.4,2440757c3ed36699134109a85d0a53ad0d8d6622850d5753ca9f51898f27322a,"1052,582","473,8",1153,50
size1500_large_block_seed1520580825,1500,large_block,1520580825,0.1,6bb62f59462e73cef410cb14c8ad9f5b228574f83d6dc5d3944adcc6ea232aed,"986,1248","538,1396",596,50
size1500_large_block_seed1520580826,1500,large_block,1520580826,0.2,5de1c3d845975b6e03f664e5b87b60e4beed3fb8097c09c73120e5fb5a4f512f,"271,296","1178,94",1109,50
size1500_large_block_seed1520580827,1500,large_block,1520580827,0.3,23171b5234adeae43a3c05bab3cd34b7979603df490737e11f5e4e42e58f8c6f,"147,421","452,312",414,50
size1500_large_block_seed1520580828,1500,large_block,1520580828,0.4,4bc762eca91e1ad7bfb60f0dc5889dd63c277093119bc59c53f0d54c055fc618,"800,869","230,544",895,50
size1500_large_block_seed1520580829,1500,large_block,1520580829,0.1,c67f6d5b004ccb34593d39dd6fbb639f8519feb0d974fa7dc24e68df712820c4,"687,813","1044,507",663,50
size1500_large_block_seed1520580830,1500,large_block,1520580830,0.2,74f0961d6861d90ecc8cedfeba6d5c375fc8b0933f60aae18c3ada15e4c60a97,"1095,211","1468,732",894,50
size1500_large_block_seed1520580831,1500,large_block,1520580831,0.3,b6cad0db1d627f93d57f0cafcbf4ad51730b2249c0de86bd2c71162f5c58f61c,"1340,394","951,204",579,50
size1500_large_block_seed1520580832,1500,large_block,1520580832,0.4,10e0d30ea4972e135addf37553dee8962f859db2751d27c3cc40608033a60624,"410,4","476,1355",1715,50
size1500_large_block_seed1520580833,1500,large_block,1520580833,0.1,22c384efcbb7a07c56c4e005a5d053303dbbebefb672a4b320909f50eb7be3ff,"1258,518","1223,729",246,50
size1500_large_block_seed1520580834,1500,large_block,1520580834,0.2,fbb74d74b6248e962f6faaab381bff2d85f60e0a4d943d259fe07ed02d39c5d4,"1035,629","233,1139",1312,50
size1500_large_block_seed1520580835,1500,large_block,1520580835,0.3,3f3e56d458d01da96435c483b8e1892f8dcaba009b2936532c73c4153bf3c041,"1434,811","295,1373",1953,50
size1500_large_block_seed1520580836,1500,large_block,1520580836,0.4,76d03ef08163e37150fd199999df67436ee5a19c4b96fcfb0763e7ab04b7e6e8,"1415,568","86,1387",2372,50
size1500_large_block_seed1520580837,1500,large_block,1520580837,0.1,dbd0a1ef646d5ab994b0e42352de4c626ca06925d529631e6562553bca722243,"555,1060","349,721",545,50
size1500_large_block_seed1520580838,1500,large_block,1520580838,0.2,5a4e07558b4debb6b3936297b2ce5228435a237917e37ee57e3a1580f9b5cd2d,"1097,682","1157,656",86,50
size1500_large_block_seed1520580839,1500,large_block,1520580839,0.3,ec394c73253cf6b33e03f3b1b1128dd7309d993d4a9c19852ce74a285527931e,"1303,1471","934,626",1214,50
size1500_large_block_seed1520580840,1500,large_block,1520580840,0.4,68f343f8110686effdbc3c1d15c7fb6f894b9cbfb07b27a21f7f18f1c1378361,"14,1086","593,544",2047,50
size1500_large_block_seed1520580841,1500,large_block,1520580841,0.1,a2c4f38422433e51a51a140f5e9d18bb2678e3fbcb5d440a0039a57f081638d2,"1176,1395","1399,516",1102,50
size1500_large_block_seed1520580842,1500,large_block,1520580842,0.2,28744484ad55aebf20095a753c6c3712feed5d0fa81789be4c056cbd45765ce8,"54,608","656,439",771,50
size1500_large_block_seed1520580843,1500,large_block,1520580843,0.3,f30ee17c1b700d77b41c094a3aed814fe5432ec01653e8ecdb3cd07c6bf839c6,"576,1230","1289,730",1489,50
size1500_large_block_seed1520580844,1500,large_block,1520580844,0.4,de9d48c18617bc76483c894c26ce467343a3340b149ae7d72831a490cef40dbd,"1318,392","804,513",635,50
size1500_large_block_seed1520580845,1500,large_block,1520580845,0.1,b15f59ab1a8d3447a7b14a0418731394142daeef706cb5beb0b4ed65ed4a95b1,"1028,43","886,1045",1144,50
size1500_large_block_seed1520580846,1500,large_block,1520580846,0.2,f02b38c54b0486e799c1db050188c7375e35264b271623f7169d286216a92215,"695,1429","1476,693",1517,50
size1500_large_block_seed1520580847,1500,large_block,1520580847,0.3,bc5c3534a2093f923396cf23147ba8d33c01a77372e4bf7b9619ef96454367df,"1333,10","582,604",1345,50
size1500_large_block_seed1520580848,1500,large_block,1520580848,0.4,273d177b03d11b2bedcc047ddf8c83d2d10f145d09fab17b559e2aa3a45af6e0,"182,713","936,61",1406,50
size1500_large_block_seed1520580849,1500,large_block,1520580849,0.1,62700f186721aab3357fb988771fee209454963511b93f8d47b9b9f9e1614b24,"1023,147","1396,866",1092,50
size1500_large_block_seed1520580850,1500,large_block,1520580850,0.2,e16de7cc4503fcfc623adbed388da5a85e10fe314561f8eef942a221d308277a,"989,212","987,875",665,50
size1500_narrow_corridor_seed1520680801,1500,narrow_corridor,1520680801,0.1,769ba36993613215cc842a3a35f39402001ebb58654ff8109a91862c058ee1d8,"148,1033","777,1102",698,50
size1500_narrow_corridor_seed1520680802,1500,narrow_corridor,1520680802,0.2,910fc64336facb04614454ec00850030407eebbc7eabf5950ca939922b1aecca,"118,404","486,1332",2488,50
size1500_narrow_corridor_seed1520680803,1500,narrow_corridor,1520680803,0.3,3537e2229cece51deda9a13205610b44a095ebcc8c1850283d88e89078506339,"692,1042","1314,356",1472,50
size1500_narrow_corridor_seed1520680804,1500,narrow_corridor,1520680804,0.4,5cdf54dd70dea516021227dfa6f663ec78ea529da7c6c0a733aeaab643b8e9b3,"682,1370","57,487",1666,50
size1500_narrow_corridor_seed1520680805,1500,narrow_corridor,1520680805,0.1,f0592ad7b7f89c1af9e01ec4c2c8ba332a0904c8c5d1ad93844dac7fa766aa34,"275,1377","961,1135",928,50
size1500_narrow_corridor_seed1520680806,1500,narrow_corridor,1520680806,0.2,19a062acf8d1351f9742dab591353e675a33e51d8acdb5ec575bb15737c021b0,"372,62","475,1151",2488,50
size1500_narrow_corridor_seed1520680807,1500,narrow_corridor,1520680807,0.3,59cc7c6c08d5ec5a297c975df6c54a0b139ab581d82c0ac2b4ae7a7d528ab4c7,"1321,499","77,1170",1935,50
size1500_narrow_corridor_seed1520680808,1500,narrow_corridor,1520680808,0.4,720912be681fb3bfa1af5ddcca04417d17bf1ac301092fec4377c044601cf502,"1158,1417","524,448",1603,50
size1500_narrow_corridor_seed1520680809,1500,narrow_corridor,1520680809,0.1,6ff6a4b4f036495d90c88cd39a994ce591295a9cd4fc0d5060798c820543ab67,"466,1071","1382,1262",1107,50
size1500_narrow_corridor_seed1520680810,1500,narrow_corridor,1520680810,0.2,54d90d90798f4ace53e52fe10197391bc98e3328737470c7f22e0592d22d77ac,"383,209","1144,1037",1589,50
size1500_narrow_corridor_seed1520680811,1500,narrow_corridor,1520680811,0.3,d45eac96e590b22c2108dd28bc3bfa3083863dce6787cefad486b1234a7ccb91,"211,1195","1276,1459",1329,50
size1500_narrow_corridor_seed1520680812,1500,narrow_corridor,1520680812,0.4,b5200d878f4fd8b9e624b482c6ebab115c7f83b21dd6782a6b74fb6cf262e548,"188,1199","1221,1084",1148,50
size1500_narrow_corridor_seed1520680813,1500,narrow_corridor,1520680813,0.1,5012775ceeb9f2dd2a86ad7be1a636296adf8ba60c9a0ab276eaafa01d0d9a8f,"986,448","965,368",101,50
size1500_narrow_corridor_seed1520680814,1500,narrow_corridor,1520680814,0.2,d5d7af9e80ebc8b023a8b43bd5f4e9edc0e98a85bee984046c02ba260918ace0,"534,484","182,1200",1068,50
size1500_narrow_corridor_seed1520680815,1500,narrow_corridor,1520680815,0.3,491985a438f05b5691922695e78e32050d8126477652710a838e87db1d7f2f5a,"673,235","1259,91",730,50
size1500_narrow_corridor_seed1520680816,1500,narrow_corridor,1520680816,0.4,25b0246df02243101f077adc961c25707515a598cfcc4b28d032de0e54f90def,"706,243","1084,1169",1304,50
size1500_narrow_corridor_seed1520680817,1500,narrow_corridor,1520680817,0.1,5f12254aaa5d7f6c817e8f775d451ebe778fd63610fc22b3649a83172e29f59c,"1424,1470","776,443",1957,50
size1500_narrow_corridor_seed1520680818,1500,narrow_corridor,1520680818,0.2,dfd886e49095d76d493470a83ad3805e1120e43aba4448efcacff339c2710802,"955,20","905,241",271,50
size1500_narrow_corridor_seed1520680819,1500,narrow_corridor,1520680819,0.3,6dc71cc269326f78aadd187df3cef0fbfedcf225ffb9f68981a5639a3dadb74c,"913,1226","261,1486",912,50
size1500_narrow_corridor_seed1520680820,1500,narrow_corridor,1520680820,0.4,ac5bb5557dd5c9b80d6e3639bf239ffef3abb5c1f9d87dc58a5567fc4736bdca,"1227,1479","92,68",2546,50
size1500_narrow_corridor_seed1520680821,1500,narrow_corridor,1520680821,0.1,0d97bb856c315eaaac086c34af923e4aafa919aa928226e423f9f7785b2113ab,"1225,348","589,1423",1711,50
size1500_narrow_corridor_seed1520680822,1500,narrow_corridor,1520680822,0.2,a57ba81ad71887d154875bf06810c6f8aff48654b78d844011fcf4473217023a,"1018,442","1440,429",435,50
size1500_narrow_corridor_seed1520680823,1500,narrow_corridor,1520680823,0.3,3d7c47502e62ccaf4f39a4337ce01bf7a5419e4da68195e8d9bb51a18e72ea7c,"578,271","1078,481",710,50
size1500_narrow_corridor_seed1520680824,1500,narrow_corridor,1520680824,0.4,c62ebc37cf19c58c3572f23f0b51b49d91b5b9693a50f2bc5c32c47ea143fb76,"393,1104","1140,1399",1042,50
size1500_narrow_corridor_seed1520680825,1500,narrow_corridor,1520680825,0.1,5d0586cd0b6bda81c6db3ad5706c03476a56677d017b1654f0b5e28f6aac2568,"712,6","992,242",516,50
size1500_narrow_corridor_seed1520680826,1500,narrow_corridor,1520680826,0.2,3159ec99f5efadf0301b6d7993f696b36df34654e7b576006f0ed024d663c89c,"1264,1494","1122,1178",458,50
size1500_narrow_corridor_seed1520680827,1500,narrow_corridor,1520680827,0.3,79bee71c894d3d9510e8581a6cb7464653b8aedd34e68235ce5918674d0a42e0,"158,1136","537,1045",470,50
size1500_narrow_corridor_seed1520680828,1500,narrow_corridor,1520680828,0.4,6918979d08b7ef0c1fa348ec08f6c262381ca144447158f39b024834e7a98df6,"977,1172","1203,1482",536,50
size1500_narrow_corridor_seed1520680829,1500,narrow_corridor,1520680829,0.1,b3e8f43242c78ebdb2168733c799517d0bbd5f1f56d08add145c6b2cf456b2c7,"174,1001","41,1327",459,50
size1500_narrow_corridor_seed1520680830,1500,narrow_corridor,1520680830,0.2,aaeb701106aaf02abbd81dcf959263dba7ed2599b7083ef9a6d788e1d469bb9b,"232,178","1318,221",1129,50
size1500_narrow_corridor_seed1520680831,1500,narrow_corridor,1520680831,0.3,44bb2c130113b170c9b0efddf707da8b822e17af1db214e3840a521af1a644e2,"838,23","506,1126",1817,50
size1500_narrow_corridor_seed1520680832,1500,narrow_corridor,1520680832,0.4,fc36ae69d7858df58bfb72ab0b95ee23f6697e5350ec686bffcd9c3496673995,"97,80","1015,1",997,50
size1500_narrow_corridor_seed1520680833,1500,narrow_corridor,1520680833,0.1,ef71ddec6bdaacc8649306c2be676af000eeafc560ef3d0cca9ae7bf1a8df0ec,"246,384","873,141",870,50
size1500_narrow_corridor_seed1520680834,1500,narrow_corridor,1520680834,0.2,cf1c79766c4e5ede90e4ad941e6fa3ba7fb7c326bcf113b56302043c975fa7f8,"1430,324","344,1479",2241,50
size1500_narrow_corridor_seed1520680835,1500,narrow_corridor,1520680835,0.3,2c2c0b23c1837971d7b07667c3f5dd33aa2ed3984f6b67a23305653deb1650af,"628,1034","73,1337",858,50
size1500_narrow_corridor_seed1520680836,1500,narrow_corridor,1520680836,0.4,56e6d95eb6c8a05e8a87f08d46b42bc6e01b9f5b8ad53c091a8fe7341cdd7b40,"543,90","646,285",298,50
size1500_narrow_corridor_seed1520680837,1500,narrow_corridor,1520680837,0.1,238b1a76dd3daf38bc786e3f16e811efd400f2dffafa7add5f7391019049aa84,"1283,90","829,265",629,50
size1500_narrow_corridor_seed1520680838,1500,narrow_corridor,1520680838,0.2,e206d14edf39630f116cb206fdf9b88c965a8ab6bff2aa18d5b58ba284010ffd,"309,70","946,242",809,50
size1500_narrow_corridor_seed1520680839,1500,narrow_corridor,1520680839,0.3,2e1cffcbd19544170eab6d8b4d631490ba3ead71019668a2a4730066c5b90b49,"1190,211","1186,325",120,50
size1500_narrow_corridor_seed1520680840,1500,narrow_corridor,1520680840,0.4,b02069f4c6e1efd652ba9f4ef31e7e3a54ba9a5f6ca4cdb1004c4eb192d1315f,"1133,1339","750,1297",425,50
size1500_narrow_corridor_seed1520680841,1500,narrow_corridor,1520680841,0.1,d5cfe2aa2cc8bd56b5ccb195d90ccd937ef164050a844f84dce2c5ba06bc1822,"692,1361","864,1091",442,50
size1500_narrow_corridor_seed1520680842,1500,narrow_corridor,1520680842,0.2,fed758c5031254a7d8453dff96843f4f8de3392038c318d3dda629dabda110e3,"55,286","140,1077",1970,50
size1500_narrow_corridor_seed1520680843,1500,narrow_corridor,1520680843,0.3,7f37f827e1f86575fa89cde6232c4c44d9d89ee38e6d135bee60c2f00a7ef6a1,"361,1094","888,1087",538,50
size1500_narrow_corridor_seed1520680844,1500,narrow_corridor,1520680844,0.4,c50d99754dbb355bada9f340dac342bfafb0cf7941d228e92ddf966c2b33cdf7,"850,470","222,1169",1327,50
size1500_narrow_corridor_seed1520680845,1500,narrow_corridor,1520680845,0.1,0be077af4201a92c8cd75aa903a0a8ea3805ff6f38720e5085356cf9992aab72,"1357,30","1036,1467",2114,50
size1500_narrow_corridor_seed1520680846,1500,narrow_corridor,1520680846,0.2,3633672fd7673cd218c5c742084416f4e7e6e8618e0930900827f09f6df681f9,"19,1222","1306,1102",1407,50
size1500_narrow_corridor_seed1520680847,1500,narrow_corridor,1520680847,0.3,a5a62097b97952fcd3fecc4f9d6c76c823c0a58f53298c290b681a75f943a4ce,"829,1243","209,1377",754,50
size1500_narrow_corridor_seed1520680848,1500,narrow_corridor,1520680848,0.4,c33e6e4ed1c002c9eeeb8deb09c3e73a883c9cc7978f64aacb6da953315b8774,"1072,307","586,1047",1226,50
size1500_narrow_corridor_seed1520680849,1500,narrow_corridor,1520680849,0.1,576e3d2f6bf5ba69e38bf77a64f820071bfe63ef536d4c01c0e95715d3cc8391,"179,1049","1313,1054",1139,50
size1500_narrow_corridor_seed1520680850,1500,narrow_corridor,1520680850,0.2,4797532f0d9b43186d2f255a23de1360b0a2f5f91b50c7e20b5cfd6b67643f8a,"586,468","1382,1229",1557,50
size2000_open_random_seed2020280801,2000,open_random,2020280801,0.1,6d1ab246ea4c3410f14a7a4196a425da107434d5a670b9acedc98f1677210cf4,"201,516","1360,1594",2237,50
size2000_open_random_seed2020280802,2000,open_random,2020280802,0.2,9bf95cec330b3d5ae52ba92e91d06db87b342593112521c3631ec2dc667168ab,"735,976","1300,208",1333,50
size2000_open_random_seed2020280803,2000,open_random,2020280803,0.3,e01688c8594e0e45ecccf41e7b898152dfa985b80df49c49db09e6aaffe6014d,"1392,1917","1396,1911",10,50
size2000_open_random_seed2020280804,2000,open_random,2020280804,0.4,e119c905b314b8be087fef926d19144b4109ecacd3f8f773cadf3c3ddaecf01b,"620,525","621,516",10,50
size2000_open_random_seed2020280805,2000,open_random,2020280805,0.1,f460c3e0da211bf559b97b7058d2550f5c747d13df1a3e6ae947ba7cccf4fd5b,"163,1931","967,471",2264,50
size2000_open_random_seed2020280806,2000,open_random,2020280806,0.2,7af842f3968cdd293d101b322b2513cc45269782ebc9be94cba6e7a18947351d,"62,1228","1682,1938",2332,50
size2000_open_random_seed2020280807,2000,open_random,2020280807,0.3,dc9138d4c27da8192005c554a821df463fc5b547160a8c1b3a102706a139c8a9,"1119,23","378,1345",2089,50
size2000_open_random_seed2020280808,2000,open_random,2020280808,0.4,76027d7dc5087272b8c686031bf29ca59c28a313a6370d9135d1d14d8b25bb44,"875,340","544,1627",3204,50
size2000_open_random_seed2020280809,2000,open_random,2020280809,0.1,0ade921f0c844541bc0a4d3496f3ea6bce5520661b1c4518d31b19b0db3c47b8,"178,1680","1016,1306",1212,50
size2000_open_random_seed2020280810,2000,open_random,2020280810,0.2,d8f5eb1980a7bb4eff9ee3d3062651a26acaeb30f3c30804f7d38fc1f0e1a511,"1712,971","1343,840",500,50
size2000_open_random_seed2020280811,2000,open_random,2020280811,0.3,29f445e5511f36e5a49139d44eaa762c8ca7cba7872a94d9d98339cd1f768d4f,"882,1904","166,1464",1168,50
size2000_open_random_seed2020280812,2000,open_random,2020280812,0.4,4e61d0230e90eb92a470196ec1825f272ff7f2454f448eea8dcf954a6bb14c54,"1577,610","689,1041",2779,50
size2000_open_random_seed2020280813,2000,open_random,2020280813,0.1,ee77a3006e0092c6a7ba47fd3578cd6b19c27ca757ff56aaa57939f4682b865e,"338,1383","1429,502",1972,50
size2000_open_random_seed2020280814,2000,open_random,2020280814,0.2,bf535d399314e7bdd7bd5c286205a674558fb7d3c9e3adf570af9b92755cd09e,"276,883","790,1168",799,50
size2000_open_random_seed2020280815,2000,open_random,2020280815,0.3,c687c506c9750f3e187e9fedbc498a9706ae9f2eb59bde28d5cc3d697f7756c8,"738,189","1125,430",636,50
size2000_open_random_seed2020280816,2000,open_random,2020280816,0.4,e1bc1f6401b955b8c30d6e7e0731c6552dbc4ca1540864b7cf9cf8ce1acc04a5,"1279,1120","1905,953",2223,50
size2000_open_random_seed2020280817,2000,open_random,2020280817,0.1,ee4e43c611da2b6c1609da4306af3f38a272c81ab849e6741b1f734f9a4fac60,"1862,1185","853,1811",1635,50
size2000_open_random_seed2020280818,2000,open_random,2020280818,0.2,fbe1d0298c0627cb07188bb657ad2dac8b198cc705886c24b73ac60f974ad948,"1602,1807","396,274",2741,50
size2000_open_random_seed2020280819,2000,open_random,2020280819,0.3,17579d5e77a84d16183023e465828fbcde8eca44926c3804119c60f57c7fa09a,"159,738","908,1836",1861,50
size2000_open_random_seed2020280820,2000,open_random,2020280820,0.4,066642396b850a9ed2bc3cbd3b1daf6c57155b98feb49fd598ff5dd6fc6b7a85,"1893,504","1032,1139",2606,50
size2000_open_random_seed2020280821,2000,open_random,2020280821,0.1,2a7edc157754995a2fc63e230343819c9e36d6ca2432c6a60bc1394606cc1f50,"1157,27","1585,550",951,50
size2000_open_random_seed2020280822,2000,open_random,2020280822,0.2,1f55d421edbe3d0da63ba885bb2aa1a860a458fcf484a2200a3d1f20728a417b,"1196,1309","1341,609",861,50
size2000_open_random_seed2020280823,2000,open_random,2020280823,0.3,c96095cc96c7a2e0b073a8a7db77f7caf3407aae5b405acb6a56838b64684cc7,"1426,1198","1599,1780",825,50
size2000_open_random_seed2020280824,2000,open_random,2020280824,0.4,a70d81274233af780178325299d114202425766b5b14011dca0d2c4c10a1ea0d,"1280,1892","1256,1874",84,50
size2000_open_random_seed2020280825,2000,open_random,2020280825,0.1,5cd3562fafac292e32f55b94d9bd2d78b74224bc314d144f66343442e0ff2454,"856,664","1255,1949",1684,50
size2000_open_random_seed2020280826,2000,open_random,2020280826,0.2,11426f751f6bd6767a09b4b75f906dcec55ceef77fb313c83d21f1f2aa2bff95,"913,792","727,694",284,50
size2000_open_random_seed2020280827,2000,open_random,2020280827,0.3,34ddec94d5677bd073642ba91a743adc61d2be8b0e8555eb7a2bd92f6b714e6e,"1905,332","1904,333",2,50
size2000_open_random_seed2020280828,2000,open_random,2020280828,0.4,877576a284360d969b555dad6e060d640d70e22eb45c013a91bc36f3dd0c3223,"249,86","1562,194",3819,50
size2000_open_random_seed2020280829,2000,open_random,2020280829,0.1,06b56d0a3cc7713b927ab2a74822729e34b63b92a74878342272fd21da37ac81,"752,1876","1009,827",1306,50
size2000_open_random_seed2020280830,2000,open_random,2020280830,0.2,62fac075f0fdf062dfd49158a32ff0396820009bf15eea99661b4d8bdfa2aba1,"12,1579","77,1979",485,50
size2000_open_random_seed2020280831,2000,open_random,2020280831,0.3,ed37a447883a9e684314908929ca6be7c530d23ad07fd43cc2b79fac976e9326,"360,249","1418,1663",2484,50
size2000_open_random_seed2020280832,2000,open_random,2020280832,0.4,9790aed73cab52699907408f130de2ad08f636057480a93fd4454a504370e30d,"287,890","1030,228",3165,50
size2000_open_random_seed2020280833,2000,open_random,2020280833,0.1,9026a96b4282069156841b471494c70caaca60cc8ae770b2f02bda969e8c0b1f,"1016,107","30,554",1433,50
size2000_open_random_seed2020280834,2000,open_random,2020280834,0.2,1f63df7144a7d9945ca768c1a936eb1527bd76e69ff509c8b00ea39b0760ca85,"1494,658","652,304",1196,50
size2000_open_random_seed2020280835,2000,open_random,2020280835,0.3,d2f6c2d0afb3d82bd77e255f9b8818ab4d9698567a26252820e88271a42a7f69,"957,1431","1981,1955",1596,50
size2000_open_random_seed2020280836,2000,open_random,2020280836,0.4,6d172031450771a8d6a5768ec236ffe290e564b32c9a95320d838c2961bd0429,"599,671","608,665",17,50
size2000_open_random_seed2020280837,2000,open_random,2020280837,0.1,94f842b150a9f839017a2423296b26a4b75711249e4c3bfa412b3cc38c0f8b3a,"1625,1653","966,464",1848,50
size2000_open_random_seed2020280838,2000,open_random,2020280838,0.2,5516c21623bc4075df61e976e8f44ad3bae0d6c02e43213352c455236f93fd1f,"904,1580","358,224",1904,50
size2000_open_random_seed2020280839,2000,open_random,2020280839,0.3,e59d1fdc4dedc0e744c94b75a9be00498956fea0e4d6df1919d48fc7a52c8977,"1206,677","1643,531",621,50
size2000_open_random_seed2020280840,2000,open_random,2020280840,0.4,431463ab0135503ee7c7fd99f41658ce27ecdaf0c7c3dc27882156c3176e4875,"98,314","395,1169",2798,50
size2000_open_random_seed2020280841,2000,open_random,2020280841,0.1,247421bc91b990cbcf935bcf2114aa3a1780eb20cc91774c79b54956044394d4,"95,179","1357,1976",3059,50
size2000_open_random_seed2020280842,2000,open_random,2020280842,0.2,bed39303ecbcd1138281c57ca8fbbfc3fb54faaa367e66d5f99926888b2b7f0b,"1256,1174","223,61",2146,50
size2000_open_random_seed2020280843,2000,open_random,2020280843,0.3,3a4a2dab078592a7c128f92e8302e7f9cfcbac8f9d0faacf7e9d3296b8ffe1a8,"1091,642","1213,1185",735,50
size2000_open_random_seed2020280844,2000,open_random,2020280844,0.4,7c1f49bed00e8920e8cc6f489e75eea10df9f3d02a5c9ae572230cddfe916da3,"1532,414","1560,443",105,50
size2000_open_random_seed2020280845,2000,open_random,2020280845,0.1,696263cb2b9ebebe1cccf43cec7337027448e41343f14a8a630886f0ac32da96,"474,1239","92,1416",559,50
size2000_open_random_seed2020280846,2000,open_random,2020280846,0.2,9c46f5055e37b9421ef7347d889fac4d4d652893bfa18111aa2a489bef856903,"1492,1951","1910,170",2217,50
size2000_open_random_seed2020280847,2000,open_random,2020280847,0.3,39690851574c82ad4a6020fcc4b267c54586e83413bb1c6473663972736bc73b,"1410,783","1464,1464",895,50
size2000_open_random_seed2020280848,2000,open_random,2020280848,0.4,baa323f579d383358909a39e614d2dd6e066387b3d79fd40cda7d1a10eb9c76e,"809,449","728,663",843,50
size2000_open_random_seed2020280849,2000,open_random,2020280849,0.1,fe84b7068221364eb3a8b4c4bcec63979dba48d600272b85905056a2348a951a,"1297,1131","179,994",1255,50
size2000_open_random_seed2020280850,2000,open_random,2020280850,0.2,688127d8702ac8b0d2a1cf688da99f82094ad50a752d0a7aaec4be999de2f565,"352,1589","1611,182",2666,50
size2000_maze_like_seed2020380801,2000,maze_like,2020380801,0.1,bd708602c40840e6b9a0dacce94c97de19db7fed0a2ded64116d78c1964ff199,"1326,1628","1327,1630",3,50
size2000_maze_like_seed2020380802,2000,maze_like,2020380802,0.2,d7d1b2c2bc0dbf8a37a515243fe43fc06d3f61ffe50927e7ae19abf92fcb2b34,"765,104","766,104",1,50
size2000_maze_like_seed2020380803,2000,maze_like,2020380803,0.3,52bdb9fa200626cc1f02a3a60ffa98bd7fa4a41db2965eed107984f36edab09d,"975,696","975,698",2,50
size2000_maze_like_seed2020380804,2000,maze_like,2020380804,0.4,1e06874564af811c393b2b05d5d117e9760f7ee38d576b3f231190e18276583a,"610,806","610,805",1,50
size2000_maze_like_seed2020380805,2000,maze_like,2020380805,0.1,8cd7cd4fb1022f5aa8144f6e2fba8925e675d5a0ebb6c9a4842b3d351154b782,"585,1320","588,1321",4,50
size2000_maze_like_seed2020380806,2000,maze_like,2020380806,0.2,4a56a772807d3af91215f007558241eb5d901c5b2c55952416c790710f9cc5cf,"922,393","922,392",1,50
size2000_maze_like_seed2020380807,2000,maze_like,2020380807,0.3,5caacf2a5dedea503eb1dd8c84f100cd091c08f52228a4238cf82d5a6147939f,"811,1344","810,1344",1,50
size2000_maze_like_seed2020380808,2000,maze_like,2020380808,0.4,1b546801439ca3c7d60c3dfffa4ebf61f91a50b7464a529a761ba3102e3bc7c2,"62,370","63,370",1,50
size2000_maze_like_seed2020380809,2000,maze_like,2020380809,0.1,a197b7c4e4e1b2d5b501f0375624a84b6a7f7575570ea127889c374991041573,"1372,336","1371,336",1,50
size2000_maze_like_seed2020380810,2000,maze_like,2020380810,0.2,367159ccdf66cb31bdd1f8d2e747adb9772cd8be4dfac1027eac604f8e7f9019,"1590,1942","1592,1940",4,50
size2000_maze_like_seed2020380811,2000,maze_like,2020380811,0.3,d985c631acd2d192a2b095a4026f89b933f4dc467b13ba5cff7ee811945efc41,"215,1090","218,1090",3,50
size2000_maze_like_seed2020380812,2000,maze_like,2020380812,0.4,bf0d3a333ea8c7e77b501d488ae2b989e35fd8fa485456fb2f4c542b8e671637,"1416,1120","1416,1122",2,50
size2000_maze_like_seed2020380813,2000,maze_like,2020380813,0.1,499832299fc0015dfedb245c4048820bdec287a59d7a89d30da5c621a37787be,"1796,1398","1797,1396",3,50
size2000_maze_like_seed2020380814,2000,maze_like,2020380814,0.2,ac860149ddbb125eb5b3fd07975152d158b5da1361c4d96e4c40440bf4b7d41f,"927,1452","928,1454",3,50
size2000_maze_like_seed2020380815,2000,maze_like,2020380815,0.3,f13fd8afe49b6e957289d9c073caad1f114181e8ea258ae4401dfce0a4424b68,"1842,1509","1840,1509",2,50
size2000_maze_like_seed2020380816,2000,maze_like,2020380816,0.4,34dbfe78ca04f46981d813959b6fa847aba679019179c5edbf15b8dda9f9297f,"515,898","517,897",3,50
size2000_maze_like_seed2020380817,2000,maze_like,2020380817,0.1,df20ab5a406587ffd5e81534ab69d6cae6a58f770c84059765b53aa3d8810057,"1321,796","1321,797",1,50
size2000_maze_like_seed2020380818,2000,maze_like,2020380818,0.2,7f1cd2ec1c6f2bf3d88121968f85b31a0d274b6834f8b88bdc3db0fd45d81636,"921,1617","923,1617",2,50
size2000_maze_like_seed2020380819,2000,maze_like,2020380819,0.3,de0625bbd647327cffdb1266565681d8c15d0411b66e6d383bbc0f2c4a697a9c,"1410,930","1411,930",1,50
size2000_maze_like_seed2020380820,2000,maze_like,2020380820,0.4,6cc032d79bd5afbe4ce15b9fa0e58c8a28e57d7188f95165ea189df6d340686a,"900,416","903,417",4,50
size2000_maze_like_seed2020380821,2000,maze_like,2020380821,0.1,f4076aa93170ba6aee7b5a1052e92f5e9c9d841da60593bc326d510c11065594,"838,658","838,657",1,50
size2000_maze_like_seed2020380822,2000,maze_like,2020380822,0.2,43d0db4a401dd8ac7496f2a615f7960ced67f5f85bc7e14124c8e4ccf0003f22,"1656,160","1655,162",3,50
size2000_maze_like_seed2020380823,2000,maze_like,2020380823,0.3,6392cc9eae7739690f01963df84931038348a9c043f111f0ce60bc8d53d1d014,"1907,1506","1906,1505",2,50
size2000_maze_like_seed2020380824,2000,maze_like,2020380824,0.4,7d11155328e8c738cd00f2b7dd07e7954ec22425aff7cec0e8101703ed384d92,"725,333","726,334",2,50
size2000_maze_like_seed2020380825,2000,maze_like,2020380825,0.1,97020ac8f97881ae1f72d964b2d0779e3841fa330dbb4580255817b3e6edc93e,"1127,1824","1127,1825",1,50
size2000_maze_like_seed2020380826,2000,maze_like,2020380826,0.2,ea21bcd26503bafbfed7a898b7896201b0db0a958dbf1a5f18b3192c43a075c8,"975,1424","978,1424",3,50
size2000_maze_like_seed2020380827,2000,maze_like,2020380827,0.3,31210e4e1be9c93164085f29efd3ca598931a08bf89c4c5cb99d6324f7f015f1,"1370,1005","1372,1005",2,50
size2000_maze_like_seed2020380828,2000,maze_like,2020380828,0.4,e96c56f63646f28ab8c0ba07315ad6e2012a0dc1679a242334b6707131a13ed3,"1323,49","1321,48",3,50
size2000_maze_like_seed2020380829,2000,maze_like,2020380829,0.1,5025323c76c4aeb5f5ec57d2bc5b26ef9beaed4f87f113cc6c55768a935e98c8,"1386,1253","1388,1254",3,50
size2000_maze_like_seed2020380830,2000,maze_like,2020380830,0.2,4fc4cd4ae2e2b47ca16f822aaafe9c5520698e97ab2fe4dd62b0e6146723483d,"1000,333","1002,333",2,50
size2000_maze_like_seed2020380831,2000,maze_like,2020380831,0.3,31be48f34cfb70ff2449de33b9b9ac2b01060fae52c2df88c4df3b01af6e28fd,"596,1408","596,1409",1,50
size2000_maze_like_seed2020380832,2000,maze_like,2020380832,0.4,245501afd284af12a916ad323ebda510de2616eb9ae1c4c77255d05a2693afb6,"248,1569","247,1569",1,50
size2000_maze_like_seed2020380833,2000,maze_like,2020380833,0.1,3fd96d5d6b544bd361ba02a9b1aebcdd6eedd007ed966442ea5e939d4cc11ad5,"858,634","857,632",3,50
size2000_maze_like_seed2020380834,2000,maze_like,2020380834,0.2,02aaae52d8782fe2dc85369c7be256e5ef172c884495fb6b606eabc8ff7eaec8,"1267,1576","1266,1577",2,50
size2000_maze_like_seed2020380835,2000,maze_like,2020380835,0.3,f4c9561ea697e213baed0f4df9f537aae4dc5bcb26a2062bb0b129bc69b5718f,"1630,1265","1632,1264",3,50
size2000_maze_like_seed2020380836,2000,maze_like,2020380836,0.4,4e86310c67361110863c87a471bf4cb177212855ba7df502f90e9f206f8dbe04,"45,942","48,942",3,50
size2000_maze_like_seed2020380837,2000,maze_like,2020380837,0.1,2aa87eab00910883e358fd71be5e8181287480b4d649ca6dac1fe68d4c9fee36,"1502,1102","1500,1101",3,50
size2000_maze_like_seed2020380838,2000,maze_like,2020380838,0.2,3ba6197045525aeeb591a28927fbbc08c045bee13be281c22553198fb448984a,"722,1438","723,1438",1,50
size2000_maze_like_seed2020380839,2000,maze_like,2020380839,0.3,9cd91b3fce36a0f0623fcc1905fedfcbbd7edcf561d06fd85048631e12c603d9,"1278,917","1276,917",2,50
size2000_maze_like_seed2020380840,2000,maze_like,2020380840,0.4,98f19b097f315b2ab6a02fd486b32413b57945c903eedfd406df61b469c25a79,"676,1720","675,1720",1,50
size2000_maze_like_seed2020380841,2000,maze_like,2020380841,0.1,1eb7cf2c3080fb32e58de8398db6ae1ea1868e9bbd661d1008fe568c6478c7e1,"1922,1476","1921,1476",1,50
size2000_maze_like_seed2020380842,2000,maze_like,2020380842,0.2,8dbf09e6537e1bc353624499c963a538481b24f8fd70e8e76d674c686299cebe,"357,1154","358,1152",3,50
size2000_maze_like_seed2020380843,2000,maze_like,2020380843,0.3,98043ee741e21af8b6102628a6eafce2b28b4b85948ad25d58721b04198ec268,"1627,1549","1628,1549",1,50
size2000_maze_like_seed2020380844,2000,maze_like,2020380844,0.4,9aba53550602f2c038704e2636d3a80b2683e1457b6c2454e9dd03b9c73df39b,"1575,798","1578,796",5,50
size2000_maze_like_seed2020380845,2000,maze_like,2020380845,0.1,8c64154d78642f70f748a2ed3c5c13191bb606068586a4167d4ea79e427decfc,"838,310","837,308",3,50
size2000_maze_like_seed2020380846,2000,maze_like,2020380846,0.2,4885cca4069a288c8ac075ec7bde9ddcdf0c34b3d4d3c2751538dd1f76cda754,"825,313","826,312",2,50
size2000_maze_like_seed2020380847,2000,maze_like,2020380847,0.3,f68ee8166ecc667cf9a4d56b655f18df81bc1dc983801de0f9add8ca378ab7be,"1936,1489","1936,1490",1,50
size2000_maze_like_seed2020380848,2000,maze_like,2020380848,0.4,a8adaad32f06ec91681cd1808f0433e0ee213485213bb519c483592f3786bd8f,"871,1748","870,1749",2,50
size2000_maze_like_seed2020380849,2000,maze_like,2020380849,0.1,5b8c9737b16f402dcdf5d5bae4ad2f3f2d509c3535398f58bc23427d0f53232d,"701,1996","701,2",3406,50
size2000_maze_like_seed2020380850,2000,maze_like,2020380850,0.2,ed31c5be67eb9a45170574178a7d35bb9217be57842d96bfd8abdf15ac7e9fc6,"1733,514","1730,513",4,50
size2000_bottleneck_seed2020480801,2000,bottleneck,2020480801,0.1,4847df783995da6208476e2432eb243e8d523a60cbeac7ef298ed1eebdba6ca0,"869,196","1858,474",1267,50
size2000_bottleneck_seed2020480802,2000,bottleneck,2020480802,0.2,d9198aecfce0af899b7de247ebd2bdd898167e58bd9f6d9bcda059c75d94dd6e,"212,849","1242,1592",2643,50
size2000_bottleneck_seed2020480803,2000,bottleneck,2020480803,0.3,bb9e99af8b89b2cd9c35b6d031395784ff347eacd67b95ad9bf44ce34671143b,"51,768","838,887",906,50
size2000_bottleneck_seed2020480804,2000,bottleneck,2020480804,0.4,bcf2487df6895ee4fc29d93d3a87d2dc1134a4121de5a93eb7af07a327351d39,"101,1483","225,1552",193,50
size2000_bottleneck_seed2020480805,2000,bottleneck,2020480805,0.1,aa48c6bea1a34e8edcef36ef4d0ee24feeebf62ff7f66cc3537dfb5c7303dc54,"1491,643","540,1641",2697,50
size2000_bottleneck_seed2020480806,2000,bottleneck,2020480806,0.2,d6faab7a5019db71c4cd93b646cb155e9867a00464ae5858682d1ed4960469bf,"1342,1712","826,1575",653,50
size2000_bottleneck_seed2020480807,2000,bottleneck,2020480807,0.3,5b420cd3f0d317705fb482cf3c96743fae96ddf25cf92b2e3fafc7a8d66bb221,"204,1057","1416,1527",1682,50
size2000_bottleneck_seed2020480808,2000,bottleneck,2020480808,0.4,11b004e9dbfaef63f108a6d965b55e4d8c863e6909a5d66aaf9bdf76f26df875,"1226,1852","1647,681",2266,50
size2000_bottleneck_seed2020480809,2000,bottleneck,2020480809,0.1,aa513cbef08a9ef31e71d18872a277f9c861158753d3232b30a238b62bd01659,"632,1571","1260,524",2817,50
size2000_bottleneck_seed2020480810,2000,bottleneck,2020480810,0.2,019e433100ee34ae78c0dcb888cbaf7cdb0e6ac2bdbdaac1a31a4eee22780071,"756,647","1668,1652",1957,50
size2000_bottleneck_seed2020480811,2000,bottleneck,2020480811,0.3,b9d05330495016463e9e6b404bcd5d3271b077d05fc40a9e557b598d29304ca2,"792,743","1791,309",1433,50
size2000_bottleneck_seed2020480812,2000,bottleneck,2020480812,0.4,ea657c35b4273cb7dbd17f26e0db88646960a8e024418b26735d00c2c1792a63,"1524,1450","591,1322",1061,50
size2000_bottleneck_seed2020480813,2000,bottleneck,2020480813,0.1,46833928e1245a6cf2b16bec4ef136271535cdf5eaabaeef80824671c3adf52f,"948,1283","184,580",1467,50
size2000_bottleneck_seed2020480814,2000,bottleneck,2020480814,0.2,9e6df63cd3dc8cff8d9c98f43ea6aad2c9bb39f9801c28ffbb114e44085f309f,"1735,1244","855,1804",1440,50
size2000_bottleneck_seed2020480815,2000,bottleneck,2020480815,0.3,ce94a5a95569a3917ab82c1111bfc0cf437d523b4a1fe8b6cc43baa1f47f8170,"1868,281","222,55",1872,50
size2000_bottleneck_seed2020480816,2000,bottleneck,2020480816,0.4,1d55e68a58c5d4772d4a00ee3ad3e2d0a7aeced996df7b9880a39be653bb98f2,"1404,668","542,25",1505,50
size2000_bottleneck_seed2020480817,2000,bottleneck,2020480817,0.1,1e5cac312c938580874d0c9975806ab6848757a913f9065cda3f85734c5c3a4d,"1436,319","602,826",1341,50
size2000_bottleneck_seed2020480818,2000,bottleneck,2020480818,0.2,0bf01414ee4b01a3a4656b0b598791bf3375fddcf947b73d70c943bdf12ac945,"445,1839","258,1395",631,50
size2000_bottleneck_seed2020480819,2000,bottleneck,2020480819,0.3,bc9340b382d7772afd32654a0e43766bf202195b960d1f6231a1c77eaab4145f,"584,491","644,1224",1535,50
size2000_bottleneck_seed2020480820,2000,bottleneck,2020480820,0.4,f25711101336f4ad9444f2c53b3c650d423b1ac2c112e5707cec81bfca138e64,"1888,1024","1493,1590",961,50
size2000_bottleneck_seed2020480821,2000,bottleneck,2020480821,0.1,59d71d64477e1738fa1e0847f47020e9ff60b146f097be85937269d9e6240b86,"1798,1136","185,42",2707,50
size2000_bottleneck_seed2020480822,2000,bottleneck,2020480822,0.2,97ff9085b71f34ba07313987bb255ffa1692c122b965685079798265d3485f71,"623,1496","1691,1660",1232,50
size2000_bottleneck_seed2020480823,2000,bottleneck,2020480823,0.3,3edc57d378efa92cf2ed911a324e7f8c37e692f8ff3e9707a09a63576c96a349,"1042,465","987,285",235,50
size2000_bottleneck_seed2020480824,2000,bottleneck,2020480824,0.4,e8c31ac0a617b1f0ba9063213f18e7f5b579b976925d9e68f0178966e4846267,"1895,1266","203,947",2029,50
size2000_bottleneck_seed2020480825,2000,bottleneck,2020480825,0.1,fe34111078de37de5b675743fe6ba4b38eebb72b9f461b84873b7f790ab1188d,"718,83","806,1143",1352,50
size2000_bottleneck_seed2020480826,2000,bottleneck,2020480826,0.2,24a427f6a7f6018fc00bf2d5a92c07a87df059cd63803d18ba0633fec1a55f8b,"1756,940","1272,291",1133,50
size2000_bottleneck_seed2020480827,2000,bottleneck,2020480827,0.3,79435e49a3dc93cf0ef0ae7700138cf524b9d0bfebe5ca65c8d9b99688b2407c,"871,1613","1194,1289",647,50
size2000_bottleneck_seed2020480828,2000,bottleneck,2020480828,0.4,062c9534e209b6d08eb86953b9bf892d069e1edef02d6e42b184aafa731edaeb,"1859,595","1475,1561",1986,50
size2000_bottleneck_seed2020480829,2000,bottleneck,2020480829,0.1,7e199d732da04e32d369bb1390e1e346174c01e23c7f2b00a1fadca70e3d7215,"1392,1766","935,1598",625,50
size2000_bottleneck_seed2020480830,2000,bottleneck,2020480830,0.2,e6a012e983eda694c4160fe884707f30e96e3f4b51e746e006b4e092c7f409d5,"1404,1971","360,586",2429,50
size2000_bottleneck_seed2020480831,2000,bottleneck,2020480831,0.3,daefeca3577eb4e25bbf640f0611eaff1e1b32b68876ab5e776dedb750378a00,"642,1286","1433,1960",1465,50
size2000_bottleneck_seed2020480832,2000,bottleneck,2020480832,0.4,482ed200bff6c7886799e8ca87f2a78890a4c0263453695b1c11edcd6540307b,"1257,78","1942,1252",1971,50
size2000_bottleneck_seed2020480833,2000,bottleneck,2020480833,0.1,4d7e44923b6f80254294d9c6c6601eb6435afa755800d73920df86734516d7a3,"124,269","1009,876",1492,50
size2000_bottleneck_seed2020480834,2000,bottleneck,2020480834,0.2,7e0f5270e151017221369ccedbb8a02eea0816db8674464a0363e691cd9f814f,"880,983","425,781",657,50
size2000_bottleneck_seed2020480835,2000,bottleneck,2020480835,0.3,0f33c081ab9feeef71ebe7632797d2137ff119a57460fd23baf7122720314dcf,"1236,512","1489,48",717,50
size2000_bottleneck_seed2020480836,2000,bottleneck,2020480836,0.4,52b583021b59e383a3b048ea7b13d0bbac6d8810d598fd672c9ab5803feef30b,"880,696","1074,1374",2732,50
size2000_bottleneck_seed2020480837,2000,bottleneck,2020480837,0.1,05df707a95d932028a85556a6cfd2da8bd2e04449f4ec9be329446ddf5f54f86,"1572,1470","73,1499",1528,50
size2000_bottleneck_seed2020480838,2000,bottleneck,2020480838,0.2,719ef548c6aa2009b74e75a034435557bf117f82f6e2b116066cd26d4d3b814d,"1450,1171","1561,109",3297,50
size2000_bottleneck_seed2020480839,2000,bottleneck,2020480839,0.3,037bcf322f94114e03274dc2e5ead4b7a4a3e2412f5948e371db6ee75d1e920c,"197,1868","610,1149",1132,50
size2000_bottleneck_seed2020480840,2000,bottleneck,2020480840,0.4,36231e2c288005658fffee0ce4037c6b28b398424beef1045d325061fb288b90,"287,1979","684,1609",767,50
size2000_bottleneck_seed2020480841,2000,bottleneck,2020480841,0.1,e448170f5dbe558fc332054616e1403d2839f6c2627c6268496ff3d621333b57,"925,1847","1812,863",2473,50
size2000_bottleneck_seed2020480842,2000,bottleneck,2020480842,0.2,c04e932519a1aa36fed23c10d2ea3300f39258fcd47908f4d0ba22e060003584,"971,1628","1721,1385",993,50
size2000_bottleneck_seed2020480843,2000,bottleneck,2020480843,0.3,7c33ffe6443f0f489857ebb95a63fc7dba6f6c6667ba3016221da6c32c3ff89c,"1986,1564","414,1475",1661,50
size2000_bottleneck_seed2020480844,2000,bottleneck,2020480844,0.4,0f5ff18ba22130d8419345273ba4542d7c08016c4663479a532d9cae5ea897da,"1206,687","1018,1353",1524,50
size2000_bottleneck_seed2020480845,2000,bottleneck,2020480845,0.1,f216d0795b8626be1d7fba4b2ea8b8e68e6cc9d1e025a9764811bf29bcc23002,"1119,1741","1887,1950",977,50
size2000_bottleneck_seed2020480846,2000,bottleneck,2020480846,0.2,631ee03eb5904ebf96ec446bf8a649af35d2e8e34c0de8f50fb2fe304ccb59b9,"1151,1719","588,470",2222,50
size2000_bottleneck_seed2020480847,2000,bottleneck,2020480847,0.3,396b25f47741d0c22c9498ea90284e39a385ce51b269d5935ec373dee8604919,"1550,95","1956,1311",3012,50
size2000_bottleneck_seed2020480848,2000,bottleneck,2020480848,0.4,ed136b9df6341c96c48b40eabcc0cb304fd55cb412ed65232a9715f49f194235,"175,287","786,1767",3251,50
size2000_bottleneck_seed2020480849,2000,bottleneck,2020480849,0.1,08ffaf816ec7c103c8279901445f2bb814bd8f5efc4e841c50d565b6e4469d47,"1916,599","627,502",1386,50
size2000_bottleneck_seed2020480850,2000,bottleneck,2020480850,0.2,040af30fc94833eab2d8a2cf3f7057d79717c7778be198bebf19e68089e59a28,"341,508","1401,292",1276,50
size2000_large_block_seed2020580801,2000,large_block,2020580801,0.1,898556f76c492bdd001f54911331690b1b73fcead30919de7ce49e4b45c04b0d,"1089,1263","1998,1245",927,50
size2000_large_block_seed2020580802,2000,large_block,2020580802,0.2,dc28578cdd87b8270d944d0896f22f8ab3eb6794f82977f432d69e5aa83386ef,"406,1512","291,147",1480,50
size2000_large_block_seed2020580803,2000,large_block,2020580803,0.3,c9c7c3d845eafc5985869f087c852f0be9756f12faf0ba01d49cf4c41aa3fd0d,"529,1374","1874,1697",2272,50
size2000_large_block_seed2020580804,2000,large_block,2020580804,0.4,67906817b167431e07461079e54720c526487896dbe7fa33d835e063f59cec2b,"1251,127","746,556",934,50
size2000_large_block_seed2020580805,2000,large_block,2020580805,0.1,2c6083e1997332ad5b86f0241087af0eb334891887aae5b57495eedacc8d81dd,"1995,1772","1145,838",1784,50
size2000_large_block_seed2020580806,2000,large_block,2020580806,0.2,12808316e95a2640c499ca5c30de50f29dda746b0f4a311f9fb81e361f24ee3c,"1255,918","106,1802",2033,50
size2000_large_block_seed2020580807,2000,large_block,2020580807,0.3,9c7093738acf2f894d0e4987561ae53339c2008d8ebe3c2de090d1e4e4c2f678,"1537,1778","1291,1164",860,50
size2000_large_block_seed2020580808,2000,large_block,2020580808,0.4,68e1a808e7e0fc8851da94830d6a80461d1142b7f098021662b63f68b3b741ba,"134,109","741,743",1241,50
size2000_large_block_seed2020580809,2000,large_block,2020580809,0.1,9bbb76f863e129c99593a0d0f53a3628d88a0225fbd09f14940e1fcae3ea62f6,"509,163","1395,502",1225,50
size2000_large_block_seed2020580810,2000,large_block,2020580810,0.2,9af692bb01e48f4fce0a2ba20ef73ef94322330a5fe46f87822daaa03ea40c1a,"535,1645","930,1352",688,50
size2000_large_block_seed2020580811,2000,large_block,2020580811,0.3,ef03330ea5177c6799b52e0a42a71fec8d4331d565c9f3089c28e2a355d698fe,"372,1981","1914,409",3114,50
size2000_large_block_seed2020580812,2000,large_block,2020580812,0.4,95684aa5d5f776e6645d9ec9e23b91c41f6b4d58fdbd904a9a2e386f475f7978,"804,578","1221,1597",1436,50
size2000_large_block_seed2020580813,2000,large_block,2020580813,0.1,bc7ced8705baefd1a8a87c6b20f1ed5ad26db7c55942d962a2ffd8e991158549,"547,1925","488,1177",807,50
size2000_large_block_seed2020580814,2000,large_block,2020580814,0.2,80dbd3f0f6ceac996a1a678df5c70d004af2513e8d196527b4898f8c833f9a78,"586,1552","1779,719",2026,50
size2000_large_block_seed2020580815,2000,large_block,2020580815,0.3,e650b6808b3341d6c7442598b91adb55152111f02f25aa2cede42c9013d63356,"1765,1692","1124,1912",861,50
size2000_large_block_seed2020580816,2000,large_block,2020580816,0.4,5965934d12a248973ae01842d9b9c419c34e7cef2e09aff5863a1235f7211b72,"182,1235","556,973",636,50
size2000_large_block_seed2020580817,2000,large_block,2020580817,0.1,41e2b2cacb4224cef68ecc0b039bf7727d0184bde8968333a89408fd54e0c625,"843,286","974,370",215,50
size2000_large_block_seed2020580818,2000,large_block,2020580818,0.2,b4958b659bf51d2d6f04e8d7c8ec1474a7ef7e6e87a4d43276417bf747bfa832,"1735,945","1832,1836",988,50
size2000_large_block_seed2020580819,2000,large_block,2020580819,0.3,89f12d59fcfc9ffc03f011377c647877d632be6980de52fbe5b230dec41e3961,"718,1425","1765,1801",1423,50
size2000_large_block_seed2020580820,2000,large_block,2020580820,0.4,b0217361c87cfcec46e8df8474991062bb81fff632e4bfe24e364e1740b3181e,"530,1952","403,1626",453,50
size2000_large_block_seed2020580821,2000,large_block,2020580821,0.1,8f6ef236cbfcf54e851ce1c7ea8108a26c88dbdbed516e7b6e9695ffe1ebd005,"1345,1221","1597,1888",919,50
size2000_large_block_seed2020580822,2000,large_block,2020580822,0.2,40ca596e8eb0eaaa38b3b02c61c544e1ca4e6cb5b63a5ef655dc7063bb689d59,"1898,1656","1915,47",1626,50
size2000_large_block_seed2020580823,2000,large_block,2020580823,0.3,368323e89421e2e7bb164e6e89d2c968e236d79d839301a1ccb53e679415a3a9,"902,76","918,228",168,50
size2000_large_block_seed2020580824,2000,large_block,2020580824,0.4,4dd00184d7e91ed7606051fb923e6304d127f0fb4daece687c08e39877bb7b89,"529,119","855,327",534,50
size2000_large_block_seed2020580825,2000,large_block,2020580825,0.1,57cc7eba471b2931f476ddc18ef5d3088687c3f9a6025f57a9154059b48b1dba,"264,1058","651,1894",1223,50
size2000_large_block_seed2020580826,2000,large_block,2020580826,0.2,3d3d6a49e08b982ca1d73d5d8a09ba96a5fffc97b450bf621f13dac1efdb2b8a,"332,1267","1348,1654",1403,50
size2000_large_block_seed2020580827,2000,large_block,2020580827,0.3,21648043ff609c4f8dfab5a29b8f46163f7b8a72be11acb0f207b65270d35be5,"299,705","1662,1335",2353,50
size2000_large_block_seed2020580828,2000,large_block,2020580828,0.4,983bc83783585984445f419b1e7715563b1d77b34e399718329601a9a25fbd3c,"843,311","1045,951",842,50
size2000_large_block_seed2020580829,2000,large_block,2020580829,0.1,5099191e6ff784e7cedf2f5110743e54e60ec3dd23dcc98b9415aefe8e15a484,"523,1034","1078,1463",984,50
size2000_large_block_seed2020580830,2000,large_block,2020580830,0.2,c87d1ea41f7fa9b43c862b6366856dc09f270696cbb1f9020ee04bab0357fccc,"350,851","605,1473",877,50
size2000_large_block_seed2020580831,2000,large_block,2020580831,0.3,acf1379db23d3e6b595883fe46cbd714427dff89daaa700c36572b1d9dad8e16,"421,720","915,765",1979,50
size2000_large_block_seed2020580832,2000,large_block,2020580832,0.4,34ddcaa3f003f510246c10874b4ef74c2512105548061af7944146d32222f58c,"588,36","1686,205",1339,50
size2000_large_block_seed2020580833,2000,large_block,2020580833,0.1,21be9cd953e09878b8b90b8a344ef0882ef8f47f4787bd2a5e8e3c3be5aaaa57,"1574,1250","968,1032",824,50
size2000_large_block_seed2020580834,2000,large_block,2020580834,0.2,e75b6da4d347b2f8d0502b11460e693bf9eef56c46036642ad2c7b7771813cec,"1616,295","295,1729",2755,50
size2000_large_block_seed2020580835,2000,large_block,2020580835,0.3,413da3fdb9ebf6b94284bacc4846f18232c5361ef4ee3144b917b2a332b18cf0,"757,1458","838,85",1454,50
size2000_large_block_seed2020580836,2000,large_block,2020580836,0.4,1fe02a907c63ed50664d3edcdbfcc3f72e1be5b541457d25975118e9f7476b1f,"936,500","1499,1310",1373,50
size2000_large_block_seed2020580837,2000,large_block,2020580837,0.1,283e5958f5c74a7f276e788801dbfb4039fe77ce1fc5020e555fb6d38600aa72,"60,1014","426,1816",1168,50
size2000_large_block_seed2020580838,2000,large_block,2020580838,0.2,a94f680e81b39df223e3b04a0cecb7d850cbf13c8f0de19548b20edad3411b56,"1977,1761","224,1039",2475,50
size2000_large_block_seed2020580839,2000,large_block,2020580839,0.3,371806bb3c4aba6ffcf325eae7aca7863d5470367e16b1d26fb11a2a14f3d246,"1704,1232","1703,1042",191,50
size2000_large_block_seed2020580840,2000,large_block,2020580840,0.4,335fad959c76b637095818ce38c2c5b5cede1a9409f86d17f8000690cd49b974,"84,1045","1490,542",2347,50
size2000_large_block_seed2020580841,2000,large_block,2020580841,0.1,42aeda25ada6fdd76f61c8bbe6f00167fa4c1f976ab487291127acbe47f4cb74,"214,1540","385,1980",611,50
size2000_large_block_seed2020580842,2000,large_block,2020580842,0.2,4f0d590f553d323ed8a7115db8f86e0fb47f02390becf444f709f3d270ac279e,"614,721","1698,94",1711,50
size2000_large_block_seed2020580843,2000,large_block,2020580843,0.3,9ce8465cde79a3918e6166ac2ccd42f5fff24a109971b8b001ab16f6b8d59c94,"34,402","117,1717",1398,50
size2000_large_block_seed2020580844,2000,large_block,2020580844,0.4,7009392db04ab4e90f457a3c8a63ce01de76d51a065c7f6786fdc3c047042a59,"100,1189","1796,1949",2556,50
size2000_large_block_seed2020580845,2000,large_block,2020580845,0.1,afced32b8c71856e0d5682f57aa12862b2afec3a73b4f023a9f4f8b9ea895632,"1505,1472","1278,75",1624,50
size2000_large_block_seed2020580846,2000,large_block,2020580846,0.2,1d31baa1b1cd564a762391e6c865557e6f5c79057cafaf89451508b900459c8c,"1581,734","1657,488",322,50
size2000_large_block_seed2020580847,2000,large_block,2020580847,0.3,7190e95b698dcd18b2f4ba1d43d53542ceb89673826efa2e8f1bd2a1bd11158b,"1670,1974","1646,1894",104,50
size2000_large_block_seed2020580848,2000,large_block,2020580848,0.4,47ad3b0839476e681890af8101b040f446ac46e9f90d2a9a1b7d238032abd41a,"1914,1870","336,553",3153,50
size2000_large_block_seed2020580849,2000,large_block,2020580849,0.1,20fbf0b2f5bfacb7aee395d6fb4eecd884ee9c8fab980949ba1e1fa3d7e345ba,"729,944","42,110",1521,50
size2000_large_block_seed2020580850,2000,large_block,2020580850,0.2,3a971b92d6a4cfa2c6794e1146c6346435232c63e98ca63f7402e7fe7e8818b0,"1623,1702","26,1794",1689,50
size2000_narrow_corridor_seed2020680801,2000,narrow_corridor,2020680801,0.1,43a35385e3fabd2748120966e254da4a3d9f75f061d2c8544af2a69b9a266093,"547,1344","1356,1744",1209,50
size2000_narrow_corridor_seed2020680802,2000,narrow_corridor,2020680802,0.2,319896b51c26de156a95d1e6a77b42eb4457a00c5adf0a459e4c83f91105581a,"1074,560","1239,229",496,50
size2000_narrow_corridor_seed2020680803,2000,narrow_corridor,2020680803,0.3,cf7c03b97c9bf813781590c06a4f61e81ea437687f48cf530f2f7418b41c868a,"109,1764","1099,1376",1378,50
size2000_narrow_corridor_seed2020680804,2000,narrow_corridor,2020680804,0.4,eadcd1c6fd96d7f6c6ec8e6b47fb54433bd77955775a88db6caeead0bb38ff63,"824,1379","1967,448",2074,50
size2000_narrow_corridor_seed2020680805,2000,narrow_corridor,2020680805,0.1,b5c60fdc1889f946be8625f63710701d2c688c4c375c73d272f88bc2f5123a18,"1416,467","1824,1869",2288,50
size2000_narrow_corridor_seed2020680806,2000,narrow_corridor,2020680806,0.2,bc82a691e6a3d0c7c9e8b7b8fa93c12547977b0995ce86817a71366849349ea8,"1248,170","1995,1694",2657,50
size2000_narrow_corridor_seed2020680807,2000,narrow_corridor,2020680807,0.3,8334acd0fad98c3b76633725ab1514367b7f9b6aee3bd4d833bf34bcff21f635,"1378,1956","1087,1598",649,50
size2000_narrow_corridor_seed2020680808,2000,narrow_corridor,2020680808,0.4,3532f4b315890d9eb5e9c8f02e5b2a149f9b64f53f194123c584eb60c7e1a57f,"908,1560","181,447",2598,50
size2000_narrow_corridor_seed2020680809,2000,narrow_corridor,2020680809,0.1,8311054ca2407e565be5ea96c026440fffb89b9a10940bf273eee5dba6cad459,"622,1698","155,632",2925,50
size2000_narrow_corridor_seed2020680810,2000,narrow_corridor,2020680810,0.2,8604b7ff88c8998bc4d17e7fddb867c58bc639b8a9761256a4f85157894aa90d,"1956,61","1162,213",946,50
size2000_narrow_corridor_seed2020680811,2000,narrow_corridor,2020680811,0.3,d6b22a84b44409f9e7b1f64972a0981e3c58857bc00df161f9770acacbb84a73,"1744,1941","957,1490",1238,50
size2000_narrow_corridor_seed2020680812,2000,narrow_corridor,2020680812,0.4,27ee37d4c18b79705bfdc70cc6f632a47ee270e038e64ed8156b3020ee655642,"884,1456","199,1715",944,50
size2000_narrow_corridor_seed2020680813,2000,narrow_corridor,2020680813,0.1,700cba2e5be1ab884547246badef00c8d4cebcbfade348174feb78680c3a4e11,"1320,135","289,1824",2930,50
size2000_narrow_corridor_seed2020680814,2000,narrow_corridor,2020680814,0.2,467960d26b8b4c8f95ff92ad60afd1737800515ff5d306eece2dbf911e052615,"8,1367","1612,531",2440,50
size2000_narrow_corridor_seed2020680815,2000,narrow_corridor,2020680815,0.3,1baaf3081631e36edb834b9cf3f3cbc01aa68592cccac1a093707d0a7da30150,"410,1344","461,644",2705,50
size2000_narrow_corridor_seed2020680816,2000,narrow_corridor,2020680816,0.4,93e42ed43b3661b9484bd375944648771a694b7199666510a140425f6c3de7e9,"342,296","641,1950",2475,50
size2000_narrow_corridor_seed2020680817,2000,narrow_corridor,2020680817,0.1,c07efd2b15c22ad999f869b81c146b485748804c0b169af96efceaf4cd400b83,"967,220","1092,1785",2392,50
size2000_narrow_corridor_seed2020680818,2000,narrow_corridor,2020680818,0.2,130cb72804a3cc524dbe7acbbec58d809f076d9aea0baeda15bfab86bb3b0662,"1919,1725","1323,444",2831,50
size2000_narrow_corridor_seed2020680819,2000,narrow_corridor,2020680819,0.3,ad8545ce826d627323d2d241c65ed7b87b666609f50c778a71587ef726ef4c8f,"1837,119","431,1425",2712,50
size2000_narrow_corridor_seed2020680820,2000,narrow_corridor,2020680820,0.4,13ad3dff0e8658c09598937827eeb31231d0fd183cf8f4590dc8ea2f74922022,"930,289","674,284",261,50
size2000_narrow_corridor_seed2020680821,2000,narrow_corridor,2020680821,0.1,543051156ae5bf38f8daa5c10216ec5e020213fbb0706ab2a6eb11442ee425be,"662,486","1218,546",616,50
size2000_narrow_corridor_seed2020680822,2000,narrow_corridor,2020680822,0.2,07bde8091d41821415efc3054d90bd592310c97c5468f7ae44fc5eccff8c7055,"99,356","1128,527",1200,50
size2000_narrow_corridor_seed2020680823,2000,narrow_corridor,2020680823,0.3,9b3cd411d2cb5d7fbca30d6df7d4f77f66bb6d68c22c72e020d9a5b2e127b746,"1848,301","255,1428",2720,50
size2000_narrow_corridor_seed2020680824,2000,narrow_corridor,2020680824,0.4,51893e0957bc7dbfbe497c7cdd0b3f46ad6309409dc10e0f25e33ee59c9bcf87,"95,1948","554,1702",705,50
size2000_narrow_corridor_seed2020680825,2000,narrow_corridor,2020680825,0.1,94ce95caed50e24320c73a4ae0b3539ad2c1f40806dadfa3409de5c7f0e08ce0,"1045,111","274,192",852,50
size2000_narrow_corridor_seed2020680826,2000,narrow_corridor,2020680826,0.2,47ff4f1243614a0258cd1e0c6e91766f7abaad0c89069beb94603c8e1ae56f74,"532,189","567,1891",2541,50
size2000_narrow_corridor_seed2020680827,2000,narrow_corridor,2020680827,0.3,6c6d17ffd0ab2ecbc3fdb8fe02688677bcd1b6ea61d9b0d032c74611019268bb,"1889,1610","542,1477",1480,50
size2000_narrow_corridor_seed2020680828,2000,narrow_corridor,2020680828,0.4,4dcc46bb6562b1c802cc8471594f2c628069e368ca9ed674e936bdef35bdffdf,"1298,507","1776,1760",1731,50
size2000_narrow_corridor_seed2020680829,2000,narrow_corridor,2020680829,0.1,857a3013d082372f48ff95e5a6b7c6b6a5161007791efcc0d0be48176e985097,"302,148","939,431",920,50
size2000_narrow_corridor_seed2020680830,2000,narrow_corridor,2020680830,0.2,f89c754fa8152f639f747f426bc6a5ad4374e960228213131aacd92f4b6a0086,"1851,1856","1166,1430",1111,50
size2000_narrow_corridor_seed2020680831,2000,narrow_corridor,2020680831,0.3,a4d5bfed1576b30fd14db3ac865d65c29f7aaaed3588a8d86401ca183ddc6d0a,"161,1639","1003,73",3180,50
size2000_narrow_corridor_seed2020680832,2000,narrow_corridor,2020680832,0.4,7bd8be5cabc457146cb3e7e0f0d7e9ec8ec8a5a1ffacb0285ddb044194f890e3,"1659,1700","487,1713",1199,50
size2000_narrow_corridor_seed2020680833,2000,narrow_corridor,2020680833,0.1,225b5890c87f7887fdb89aa2684d2203ec26e937cd6a0c0295ce62a2311c1391,"258,1993","1352,315",2772,50
size2000_narrow_corridor_seed2020680834,2000,narrow_corridor,2020680834,0.2,68739d1cff8983c57c913bb471460623f05b5c6b33130d7303c7e9f3f7ccc323,"34,1591","224,1729",328,50
size2000_narrow_corridor_seed2020680835,2000,narrow_corridor,2020680835,0.3,6d7dfcd058b899f6ec88023de64f2c3310f90e36ae50f44db17276a510017f1b,"1659,1804","295,583",2585,50
size2000_narrow_corridor_seed2020680836,2000,narrow_corridor,2020680836,0.4,16f30450ba4f400ceeab3df086fbdaefc9b124f409c46f0c90c97983f30a63e0,"706,406","1385,155",930,50
size2000_narrow_corridor_seed2020680837,2000,narrow_corridor,2020680837,0.1,deef68cca471bc26b29850c6986d8f5350fd9b732684367f46dee70f7e24cc30,"1576,1500","1139,327",2456,50
size2000_narrow_corridor_seed2020680838,2000,narrow_corridor,2020680838,0.2,49a45f7cbcc6fe6445faf3f439b99a4e3891aee031a1000c1d361e1939370422,"1761,542","435,1521",2305,50
size2000_narrow_corridor_seed2020680839,2000,narrow_corridor,2020680839,0.3,17d2577dec8b3e928e1a3dfbef8ecb84f3a3b36ea5c2869b011a76e13ba09bed,"1365,45","939,1953",2510,50
size2000_narrow_corridor_seed2020680840,2000,narrow_corridor,2020680840,0.4,08be9e93f5401dbb23f5c36928e195fccc1366eba0fde6e503525ed68052c69a,"1567,469","1990,1592",1924,50
size2000_narrow_corridor_seed2020680841,2000,narrow_corridor,2020680841,0.1,b5596c001fcd9bf118071ad29064fb9b6497113f2876e174e1936d60bda8bc35,"1968,1483","1287,95",3025,50
size2000_narrow_corridor_seed2020680842,2000,narrow_corridor,2020680842,0.2,b347e9e5d45edab2ab770302c642f37ceacb4059a7b5267410c63e934c239802,"958,246","373,1463",1918,50
size2000_narrow_corridor_seed2020680843,2000,narrow_corridor,2020680843,0.3,f995bc934b68f04e5cdd173668d509bd5528ca367b64a4d0271ec590b3568f8e,"541,313","1992,1881",3019,50
size2000_narrow_corridor_seed2020680844,2000,narrow_corridor,2020680844,0.4,0c36cf7ff0377a0d2719df95a933448815925eddf961e137292e014e2457fa6c,"80,334","1417,1506",2509,50
size2000_narrow_corridor_seed2020680845,2000,narrow_corridor,2020680845,0.1,a3502716bb8f9e45e23f6c3f1e238b08044e21d318cdaf8e2adb23952096516d,"894,1649","1029,289",1831,50
size2000_narrow_corridor_seed2020680846,2000,narrow_corridor,2020680846,0.2,47563d5a38f65da3f6e3b6822e577c981229d968803d22e805ce13c774fed142,"1168,420","1065,661",344,50
size2000_narrow_corridor_seed2020680847,2000,narrow_corridor,2020680847,0.3,4eac360f990dbfe255848e5c988042d9f64af798f2e0666f1e9671cd21fb3db9,"1348,1563","610,1748",923,50
size2000_narrow_corridor_seed2020680848,2000,narrow_corridor,2020680848,0.4,918f33337eb6f281aa9c73ffbb8f8e766a534b885f5330f08b50541a9648f36e,"908,131","1886,181",1028,50
size2000_narrow_corridor_seed2020680849,2000,narrow_corridor,2020680849,0.1,aedb4d05ae2017b69c14d5ac4ddc4287eb131671a6a8124c7071425929bd1251,"1170,591","566,14",1181,50
size2000_narrow_corridor_seed2020680850,2000,narrow_corridor,2020680850,0.2,9af803383b6009d145928528ad6dd817cc41b0497bd4869cbda181d79e4c07db,"172,67","1065,495",1321,50
