case_id,map_size,structure_type,seed,obstacle_rate,grid_sha256,start,goal,optimal_cost
size100_open_random_seed120260728,100,open_random,120260728,0.1,f9a2404b560cb2f41fc97dbebedee38e18920aa6c87c79ad0e443b795d07a10c,"78,29","81,69",47
size100_open_random_seed120260729,100,open_random,120260729,0.2,25d03f9280282586b6cf35647cc55a81b51df7604c635e5648dfa952d1c64a26,"28,93","99,1",163
size100_open_random_seed120260730,100,open_random,120260730,0.3,bf17b5dcfe05a004c20b12bacd45c8ddc5b04cd8e952c565b6035d551f76b483,"23,42","24,20",29
size100_open_random_seed120260731,100,open_random,120260731,0.4,fca1cacd5515eb9795c57be2c6eea37370029af6cfeaf5ee2be933a4807847d0,"18,12","17,10",3
size100_open_random_seed120260732,100,open_random,120260732,0.1,e6df55454183165e29a95f7794d00077749d38860262188f66fa80b6b84ffa44,"34,48","14,28",40
size100_open_random_seed120260733,100,open_random,120260733,0.2,409849e3f7d483e49f74406df5ec4b1f5f3145881b3859423d78904f7fbf2638,"15,4","13,73",83
size100_open_random_seed120260734,100,open_random,120260734,0.3,5909186704f26ee610df055eec34f870cf42e2a49cee24ee862c4f71d868653f,"63,93","15,58",89
size100_open_random_seed120260735,100,open_random,120260735,0.4,cc74ef5be8d07aeb6cff6d0e674a671fb5631926448d3ce6bd89818fdb8fc6bd,"14,57","24,98",81
size100_open_random_seed120260736,100,open_random,120260736,0.1,62ee5aa074df5479d6c381e05a19473442fa5043586e623c72a88580e4c3c2bc,"79,10","15,65",119
size100_open_random_seed120260737,100,open_random,120260737,0.2,9896c18cecc5ff5a7191e37f99254d086549ca321dc418b149469eb302391ff4,"44,23","48,97",94
size100_open_random_seed120260738,100,open_random,120260738,0.3,49a3c1d739f2c6d8fa633d8f40c3b7d7cf2ec11f92d632258d3f4a9c3636819a,"3,18","66,54",105
size100_open_random_seed120260739,100,open_random,120260739,0.4,dd5c70b1d44c1312c2d726aab86418207ed58a9c4f9cb24e78f7d346f4fe195f,"83,76","51,69",51
size100_open_random_seed120260740,100,open_random,120260740,0.1,576b767b0f894cbe636524d6e97d3ddf857bd2d61480dd2f6ba791daba61154d,"27,48","16,43",16
size100_open_random_seed120260741,100,open_random,120260741,0.2,b95947e46ea8803207299981bd8bf8e6541832af921c8d128ec4c3040706008b,"34,69","2,34",67
size100_open_random_seed120260742,100,open_random,120260742,0.3,e594a80c6a36c888c82770efe41db250bcf75aab575259f55f561b43f0318d52,"50,52","9,24",73
size100_open_random_seed120260743,100,open_random,120260743,0.4,e47174db4153737dbd60932b40f652f5b6444b0b6ed3304ac6e8dd321dc3a3ab,"65,67","65,69",2
size100_open_random_seed120260744,100,open_random,120260744,0.1,ca783fc06e8f77a58b147f82653d2380fa9a0e0d3dde8a3e15878e3bfe66be12,"38,80","31,59",28
size100_open_random_seed120260745,100,open_random,120260745,0.2,4b5f155b9e6e720f851ac2f5b59109494ee90730e83319906b6b0853491dc6f9,"45,34","87,98",106
size100_open_random_seed120260746,100,open_random,120260746,0.3,10a13c7baaceb666bb80d51320c52c934f69b195a4180812c4012bc9b4db6155,"86,86","62,55",59
size100_open_random_seed120260747,100,open_random,120260747,0.4,e3d8babacafa49ebf52a139771c8718f44733a7f492095ea803c2d353f4e61bd,"30,4","83,46",105
size100_open_random_seed120260748,100,open_random,120260748,0.1,a0e42c220ef093f50ec5770dbecc8fe33a5e17a7b54d78090fb6c1c4a4b3acf8,"77,75","38,46",68
size100_open_random_seed120260749,100,open_random,120260749,0.2,39e2708f0ce78f44e1b20491e5836c6aadda37498de36a670fade8237f4ac19d,"4,24","28,76",76
size100_open_random_seed120260750,100,open_random,120260750,0.3,72269ca10d7c20c6bc5afbce107e1d8dcbcc95cc2f25f1fd759d9ce5abb2989f,"85,38","50,0",73
size100_open_random_seed120260751,100,open_random,120260751,0.4,495155173b0dc1043ceb1bb3d24b2c41dac16e43753b284bfffe9385f1d20dea,"76,16","57,19",132
size100_open_random_seed120260752,100,open_random,120260752,0.1,95965f63384ead2bce8a2e91002527936f672c20082ce5cbaa11657728745ece,"32,48","67,19",64
size100_open_random_seed120260753,100,open_random,120260753,0.2,8c959907b6805c9bdbc125fec4a6580fa40d1440fcbd406cc5aa9fc18bee3404,"5,31","2,15",19
size100_open_random_seed120260754,100,open_random,120260754,0.3,bfb3d393efec845eae485af62895b00d1d6b625afe5b90977b6fb49ff54ea1ec,"71,64","52,56",27
size100_open_random_seed120260755,100,open_random,120260755,0.4,3f5901d7671af6b5146d1dec773cfa72d2d8345c8c86482c3f4fa08d8b36a3d4,"83,53","49,29",96
size100_open_random_seed120260756,100,open_random,120260756,0.1,65a51a5359860abfa6df349d1fe525f14479edf8295d9daa29db31b2bbd9f56c,"66,1","73,60",68
size100_open_random_seed120260757,100,open_random,120260757,0.2,71a35906f8786a732fa89078345c08975c357680ab13dde34eff5284416216d4,"68,50","90,17",55
size100_open_random_seed120260758,100,open_random,120260758,0.3,95ef1253f11b0370a9af91fea8f2da271e7d98c55373c0baf9e51d47f561df41,"72,16","83,43",42
size100_open_random_seed120260759,100,open_random,120260759,0.4,13e41dceaf2a755504c2d619395e32eaa5b4fb104f0209ee39c81f7ef8268a0f,"61,75","60,86",24
size100_open_random_seed120260760,100,open_random,120260760,0.1,fc3ff2ea4829abd4113f2c6e91de02e04d76384d563533b4a0dd3e7aea714666,"61,23","61,95",78
size100_open_random_seed120260761,100,open_random,120260761,0.2,2d3cde413ba70133ed02685336247fd393af9c62f06114c0c554ef7c399d9b4e,"94,59","30,16",107
size100_open_random_seed120260762,100,open_random,120260762,0.3,aeb71c5beaee66f81f7517596d81392d9e1c65dc97ccf27c013c191df32c6dcf,"48,97","47,91",9
size100_open_random_seed120260763,100,open_random,120260763,0.4,f2b30a5ded3c9822239f299b73c0811397149b52ed25881d9f319374bbf37755,"56,11","62,87",200
size100_open_random_seed120260764,100,open_random,120260764,0.1,11af170dda5fe51ece932b10b9e65685e802d37e9d90abffdd96543bcbc3c07c,"90,76","75,25",66
size100_open_random_seed120260765,100,open_random,120260765,0.2,1320f397ae135b845eabb931f5801700b9ba262f88bb93336fa6922d8c6f3362,"38,28","36,15",15
size100_open_random_seed120260766,100,open_random,120260766,0.3,4c71499aa0f0477dbe08963fccc7192eae91d5ea2a727256225844bcf97aff36,"69,56","58,32",35
size100_open_random_seed120260767,100,open_random,120260767,0.4,41656bbe2d51e828379503ada5f709bd132d095ba55fafcaf72d204ba37b6660,"61,62","49,21",93
size100_open_random_seed120260768,100,open_random,120260768,0.1,b041a882cc7a9ed1a24657f88aa89098293b59b85e6e1c7a49bf5995abb06878,"37,21","54,92",88
size100_open_random_seed120260769,100,open_random,120260769,0.2,9c96574a1a2a9318a4dc95cb7d4ad9091b67115cde360c630ed136645a9a2675,"22,29","89,48",88
size100_open_random_seed120260770,100,open_random,120260770,0.3,621895587221a44587641682105825853d54beda18040e5fce30da912cc4817a,"38,88","76,83",57
size100_open_random_seed120260771,100,open_random,120260771,0.4,16550f86b766ddd5e4d2f0596a7251755395582f2645471919c597ca47970460,"90,64","14,1",231
size100_open_random_seed120260772,100,open_random,120260772,0.1,dcbf81076624a4b76f8b52b9606c7e20d458c7dc6b559e203c5bcba7b09a8e02,"20,45","62,28",59
size100_open_random_seed120260773,100,open_random,120260773,0.2,e92673695caa9f7586e4dbecc5f4f86688955586efec39c5a8c9a559d260915a,"53,73","59,97",32
size100_open_random_seed120260774,100,open_random,120260774,0.3,bd316adb684319936d69f30f46c4c1902e703f193a44dc51fee9cd1f0010fb3a,"82,68","38,37",77
size100_open_random_seed120260775,100,open_random,120260775,0.4,0768708978ff780348964f6acc957af76fd8cf861e5c9d789443f9e1f505769f,"96,69","7,1",187
size100_open_random_seed120260776,100,open_random,120260776,0.1,49fe87edc8b924abf18326df8b88b53835de3ae7e5e2e89aa4166f0f919e8bfd,"35,28","76,75",88
size100_open_random_seed120260777,100,open_random,120260777,0.2,acb8a49e07dad1ce3be3cd2c52f212cd902faaf4051d54c01a808bd7a3fe0b41,"11,36","59,63",75
size100_open_random_seed120260778,100,open_random,120260778,0.3,257fc8a9c56df25cd31627c1402a481b14f6c3c2d12fe006b51c639ef3269fe4,"31,27","33,64",53
size100_open_random_seed120260779,100,open_random,120260779,0.4,494691431b98caf50575efefe64c6a801ef37a84d734218b8be2a84ffcf5b408,"24,6","25,6",1
size100_open_random_seed120260780,100,open_random,120260780,0.1,c3e1af24746dd87f3d718d78d57497ec409f79e5536cc8298b2607de5f99418c,"35,71","96,87",77
size100_open_random_seed120260781,100,open_random,120260781,0.2,0e198f3c3f749be76de7cbd86d3a60d6a0a3b543545bc7acb7adbcd63770f955,"80,92","25,92",65
size100_open_random_seed120260782,100,open_random,120260782,0.3,c1039b4b887b1bdbbb1b6d0d2096b63477319027a70f4b3bb21818847d2304f4,"3,90","13,92",14
size100_open_random_seed120260783,100,open_random,120260783,0.4,cca073a254d19184405526f682a9d88f7bbba54ca0339a96c8441ce34e63a479,"24,94","6,72",46
size100_open_random_seed120260784,100,open_random,120260784,0.1,ac3900925208b687ee1eaa9db8f32d601ef69bf2946317c5355019fa307e1b37,"42,95","38,24",77
size100_open_random_seed120260785,100,open_random,120260785,0.2,5313ec998f79cd7fb79a93722bcf77329df906775f9896c03382a333ac86270d,"33,25","63,37",42
size100_open_random_seed120260786,100,open_random,120260786,0.3,70bb0dff9523665fad38f6a3bf88295f965f4827d3df4e4b593d4ae0bff18c4d,"60,56","91,61",46
size100_open_random_seed120260787,100,open_random,120260787,0.4,dcda8969f0072e4369085664eec18e71b946bff3de85bdf8555b4f21e827980b,"25,64","26,64",1
size100_open_random_seed120260788,100,open_random,120260788,0.1,cebb833a4858aa5d834d6ee14bd0ef0807c98a3f5bbf012d1b611e79e37089ee,"4,45","69,56",76
size100_open_random_seed120260789,100,open_random,120260789,0.2,9976e9bb7d246899672d9efd7ad1bf0b3f9ee797e2e038f4494ccb5c339514b4,"14,23","68,2",75
size100_open_random_seed120260790,100,open_random,120260790,0.3,301c6f810e2e58a60e527b1a4ce1014a10192cb95f340d00504d39bcd4f34faf,"93,27","73,66",107
size100_open_random_seed120260791,100,open_random,120260791,0.4,d0625a3e1c59329c5c4e666f2858c237fa1b32edc3c8783299dcd320aabaf0d6,"51,84","52,80",5
size100_open_random_seed120260792,100,open_random,120260792,0.1,b766d77dc6171b16afd8e28e2a7c75fce2d886c925021687b883763e6104a836,"12,61","86,77",90
size100_open_random_seed120260793,100,open_random,120260793,0.2,902038878556bd538ba6d99a324663662da0f957b1548ab644fe28a1831964de,"49,20","1,23",57
size100_open_random_seed120260794,100,open_random,120260794,0.3,f1f435052e0bfb0bd27337d1f783bee24c0a1e28bbc5ca2fc1089f8cd513fd1c,"15,1","30,12",26
size100_open_random_seed120260795,100,open_random,120260795,0.4,d92f3ff6c2760ad2076f0f694f0347dec9343b453e2f459721e9c15d4835ceb7,"83,71","93,96",39
size100_open_random_seed120260796,100,open_random,120260796,0.1,d49517ad0ce217e7c360565fec64439df43c6d232f9cf2faeb8c15b57d13373f,"97,45","27,18",97
size100_open_random_seed120260797,100,open_random,120260797,0.2,a1aa44578eafb42fc07dd8181e8874034832d986b473d3b8843a0de9cfcbf587,"9,57","77,29",98
size100_open_random_seed120260798,100,open_random,120260798,0.3,7b5d97d4ca26f473d6dd655937252b8d42e69c9734c92ae31ac502d957112bf3,"60,86","63,7",114
size100_open_random_seed120260799,100,open_random,120260799,0.4,f0841b35af1a269d13f32980348214d4cf85a1a1e231c64fc39577b3632310ec,"5,47","7,92",59
size100_open_random_seed120260800,100,open_random,120260800,0.1,09ab4929b2ad5d4576f5496c0ec0f4823b27f23914bd3c38a8e68b8f8b76afa8,"14,42","11,77",40
size100_open_random_seed120260801,100,open_random,120260801,0.2,3973625c7979fc8671cd20170381a7509166651f72327829ffcaab4d07f37afc,"99,18","9,0",110
size100_open_random_seed120260802,100,open_random,120260802,0.3,d508e2fb6752699715676dabf3e50140bb96ba835babfe585e88bee636fdf20e,"59,43","67,7",56
size100_open_random_seed120260803,100,open_random,120260803,0.4,de09c0cb3bc2172748099dfb62f9bee02be47e3231985fbcc140f9cde6c36692,"70,86","25,65",130
size100_open_random_seed120260804,100,open_random,120260804,0.1,654d5960c9eff4bbd000db792ebb543a2c264dc2d4b44a538885c17df11e6b0b,"86,50","38,39",59
size100_open_random_seed120260805,100,open_random,120260805,0.2,9ba4d289dc971f7fa2a5ada80fc6ee633bb1389a57bd5edacdd6a14f3eafd82b,"60,33","38,53",44
size100_open_random_seed120260806,100,open_random,120260806,0.3,e0428b02c2cfc71316c5a5735b906ae55a7cff8fe3f38d648b59067b76fcd9da,"56,54","71,1",86
size100_open_random_seed120260807,100,open_random,120260807,0.4,6905698af412f821d78281701d71c34e62614febe90f184d78881915bf84387a,"64,51","3,38",176
size100_open_random_seed120260808,100,open_random,120260808,0.1,61de23b9926cb65998da8b23869465566fb909df0710c0675f210535500234fa,"45,39","91,21",64
size100_open_random_seed120260809,100,open_random,120260809,0.2,7b61f0b227876a069994b4aeaa8f36d0bfb2af00286825a14c78272bb0283dcd,"90,86","81,56",41
size100_open_random_seed120260810,100,open_random,120260810,0.3,098406e877a1ab3eef47a89f631580ac057c1512c7b6c71f1b560107444b9311,"11,55","45,43",68
size100_open_random_seed120260811,100,open_random,120260811,0.4,254138c7a731ca789578a50ac939f2dc24d4577c703260ef4b53bbba2c201100,"19,38","30,22",63
size100_open_random_seed120260812,100,open_random,120260812,0.1,8fd8f9c46009087154cdbe0df5f40788e95167d3d4d59893b66ee70aa291d1b3,"95,47","45,87",90
size100_open_random_seed120260813,100,open_random,120260813,0.2,a6b6142a9b3016c42ab6f9fba2176ed4e853aefdf9b46ad2d0c74bb1ea56ad1c,"99,64","22,66",89
size100_open_random_seed120260814,100,open_random,120260814,0.3,fcea9edffbb8a7b713a099a4995d044e56b167377bf2e7a5b3abc2a8ded450f2,"95,30","21,2",112
size100_open_random_seed120260815,100,open_random,120260815,0.4,57a61880ffadbbde087d7a8571704adceaca893f67bd9e4710082330c62dd975,"16,5","87,29",189
size100_open_random_seed120260816,100,open_random,120260816,0.1,35d760d41baa91a7c83045c0f09066f1efbc2909517fb4e0f247bf170f81933a,"59,95","73,66",43
size100_open_random_seed120260817,100,open_random,120260817,0.2,54de4c2355ddf545a064d6324837b03e52ec4e04d554691f211e33a118201058,"80,62","58,58",32
size100_open_random_seed120260818,100,open_random,120260818,0.3,ed4840997f1141eb2f44c0938305bb2f86105d15ed4e68589e4e31db8f51ad1d,"91,76","97,49",41
size100_open_random_seed120260819,100,open_random,120260819,0.4,dd733b8c639a57c206625737e32945ff1b4fcbe49939a33ca3550c6a4f68b7db,"80,53","88,29",52
size100_open_random_seed120260820,100,open_random,120260820,0.1,1a0b1852950423fdd858d7e1f00e94bc8b4d1d85a01a09460f4e8310dc346da1,"29,95","42,41",67
size100_open_random_seed120260821,100,open_random,120260821,0.2,d16da03e09495509ccd65465f04b3bb687e04efe7872e853f50b68198a63ed89,"86,9","72,85",96
size100_open_random_seed120260822,100,open_random,120260822,0.3,8e0720e1df5342a1a102934d93bc2df27fa0a936757029f04fc31445bfef8963,"62,40","46,83",89
size100_open_random_seed120260823,100,open_random,120260823,0.4,bae49b186af5b1cf46fcb58b6de83f17aa2b978607edf6e98f4fcc742c5a9f3d,"13,78","15,79",3
size100_open_random_seed120260824,100,open_random,120260824,0.1,8089027e6c5e268f27d0e7a90557c10211353fa7379969a372e83580f8ff4fdb,"66,77","33,38",72
size100_open_random_seed120260825,100,open_random,120260825,0.2,f84257568d34d3bca9fa3c68104c1eadb69ab333b092fdf4c8ab4318e0373ae3,"11,57","52,57",51
size100_open_random_seed120260826,100,open_random,120260826,0.3,3c9ba36cd44e1961546654f2b714a2c91787014fd047b7053fc0cd4fed865fa1,"42,50","92,1",99
size100_open_random_seed120260827,100,open_random,120260827,0.4,3bbfe139ef87acf43381c807ae9d124ed4d91acf87a2c6a2ec5fba6ceea138d3,"53,66","96,15",128
size100_maze_like_seed120360728,100,maze_like,120360728,0.1,6ace2a6022c73723928c5ee8e3bdc9daa91e2e910777fc6104a8a93ea14199aa,"55,9","57,8",3
size100_maze_like_seed120360729,100,maze_like,120360729,0.2,a44e3a122eca3de698abc03b59a2a2b436cdb4ff83e255764f6617a9da1189cc,"30,14","31,14",1
size100_maze_like_seed120360730,100,maze_like,120360730,0.3,e215bc8f472314e8fdb5a08b2f88016e3c295023a5eadfb92a960b6790f670a9,"0,0","7,2",9
size100_maze_like_seed120360731,100,maze_like,120360731,0.4,cf1e44e26e182666f3e7aea75d8c40039a36e9e1cdb240e9954ce18c3d326769,"65,73","67,73",2
size100_maze_like_seed120360732,100,maze_like,120360732,0.1,d999c576d0711d1fceafeda7c6a3d5f0d7d12cbb2c75a97179dec01bc7c268c4,"96,34","2,56",194
size100_maze_like_seed120360733,100,maze_like,120360733,0.2,bcfa898a95e012f81f4ac8c6c04e3694a09efc2a700db9af26328ede6d3a7d98,"50,98","7,99",44
size100_maze_like_seed120360734,100,maze_like,120360734,0.3,4c0fdac834cab87f36c4a2c0c942ffe2c52862b9e2676578a059c68dabe123b8,"62,20","60,22",4
size100_maze_like_seed120360735,100,maze_like,120360735,0.4,9db99b6908b7af38d1d93c9a6fc8a747c00721f034809689203935a030315d7b,"18,20","15,21",4
size100_maze_like_seed120360736,100,maze_like,120360736,0.1,3c32057b01988f90fd9c326e6f96875fa0653317bcd60c46df45253391899b46,"87,73","86,72",2
size100_maze_like_seed120360737,100,maze_like,120360737,0.2,e48b037114987579fae44145462794ff82fef4beb2d7c51b9869563a28916497,"63,80","63,82",2
size100_maze_like_seed120360738,100,maze_like,120360738,0.3,ee8f17a961e9fe1b15e1fe70f22507dd4268cfb89377d8e1c9150205feb3202f,"77,38","78,37",2
size100_maze_like_seed120360739,100,maze_like,120360739,0.4,bdd2ceca9f7828595707fa99cec791c0e22e9e2bed847392bbaf0c4d83193434,"76,13","78,12",3
size100_maze_like_seed120360740,100,maze_like,120360740,0.1,0d65cdf62078b6e40c0a3f98576abf2c9050d110d7497ee4f475e7635572dc03,"38,52","37,56",7
size100_maze_like_seed120360741,100,maze_like,120360741,0.2,771ed10719cd7faf789c98a0ee900fcddc0e649deab6f5d218df392f7c48bfac,"20,50","22,53",7
size100_maze_like_seed120360742,100,maze_like,120360742,0.3,a99f6a25e17984171b3c309fc0d4a858603a478bf8109364227f986d79dc4d76,"3,24","97,76",202
size100_maze_like_seed120360743,100,maze_like,120360743,0.4,49ec33f7b87bceab7d7295218df44a192d54d1b19a64da01f90cf7352f2213ec,"32,60","31,61",2
size100_maze_like_seed120360744,100,maze_like,120360744,0.1,680adfbfceafba25ff7516dc12e6138e0522783343df816598b1131ae3f9ee5d,"38,98","99,76",85
size100_maze_like_seed120360745,100,maze_like,120360745,0.2,e3d9a416604cb6baa175899233464e6c605b6f61a3933918877c86032043f4d5,"60,66","63,64",5
size100_maze_like_seed120360746,100,maze_like,120360746,0.3,96f7f52a3a2f8afa1072af58694543603c655d27aa01e5265873c2e86860e84f,"26,74","28,72",4
size100_maze_like_seed120360747,100,maze_like,120360747,0.4,e0e94cfd74fb66c638b5e2665103dfc079b4109da8027663bbfb47b40e6597db,"81,81","80,82",2
size100_maze_like_seed120360748,100,maze_like,120360748,0.1,bcad264029422a7894b9a80d143560efbc0c42e8865e5739957b353ddff9e8c5,"29,99","3,72",59
size100_maze_like_seed120360749,100,maze_like,120360749,0.2,f113abedaa8979fc908232ddf198d32c2286f0cbdee730e2c33faf3338782293,"21,1","14,0",8
size100_maze_like_seed120360750,100,maze_like,120360750,0.3,223951d663d01983c163bcc3a01360ce73e95b7a62e8c18ddc879e4262e97090,"16,9","18,8",3
size100_maze_like_seed120360751,100,maze_like,120360751,0.4,b9412d90fe7bc3f6963af4912588a270fb43f28e70452f780ce7ae7e4ff8f5fc,"36,0","1,13",50
size100_maze_like_seed120360752,100,maze_like,120360752,0.1,7253e2f29e113df2e8a3d81efc663a31c6df4b6a416aee3cd1441d82b01a8639,"12,20","13,21",2
size100_maze_like_seed120360753,100,maze_like,120360753,0.2,a42680f6e3dd41522f1ee1ed17ff4cfb955a7106b0024e318a144d05804e01be,"70,96","45,97",30
size100_maze_like_seed120360754,100,maze_like,120360754,0.3,ef79ecaf9ff30aa9454f322cfaec55ad91c0dca6acd8a4664bd0bd63ccbfb9a5,"91,32","90,32",1
size100_maze_like_seed120360755,100,maze_like,120360755,0.4,705f3c5c59a45c9033147ea01216e779f90f5a26846c5cbd9100ec03383030ea,"37,84","35,86",4
size100_maze_like_seed120360756,100,maze_like,120360756,0.1,77d5227a069f717f1d1a8dda32ae964f6d41a2d941d8390093b001005243930a,"41,68","43,70",4
size100_maze_like_seed120360757,100,maze_like,120360757,0.2,b976f7fba5a021230b5d1063be34fd707ba3c54efc12cb31f0a77e5096d5847b,"66,42","67,41",2
size100_maze_like_seed120360758,100,maze_like,120360758,0.3,e68abe121cf5861041b8917816bfe25e0fcde495dc7cb1f724d216b212cbfe0c,"91,20","71,2",62
size100_maze_like_seed120360759,100,maze_like,120360759,0.4,1a9d717472d6bd715bbdfb1d4b4c6593e4b5585ec46a65c5c7da3f71e88c5064,"97,94","13,2",184
size100_maze_like_seed120360760,100,maze_like,120360760,0.1,f77a14fcf397de586d27e590508e16cf16fec8960c199d5d8b51e1ed91825206,"26,98","96,80",96
size100_maze_like_seed120360761,100,maze_like,120360761,0.2,0e7eb8a6d7ade34fe67dde0ab86da895a4515a2e415e487f6821cb830f410840,"67,25","66,24",2
size100_maze_like_seed120360762,100,maze_like,120360762,0.3,d6223bf8d782d59e4e63f81773c3fe472c3f2519cb6d68e5c408d4672c97f898,"36,97","3,68",72
size100_maze_like_seed120360763,100,maze_like,120360763,0.4,e0594257cf8784b41859ea05cbc61a3e8f26a61daf2797e8b27edac15a9b957c,"8,10","8,9",1
size100_maze_like_seed120360764,100,maze_like,120360764,0.1,a14c2ab9c0e0db757487299f798a0873e4cd976b2e8a15c4598f5d05ee8e83f3,"85,82","85,80",2
size100_maze_like_seed120360765,100,maze_like,120360765,0.2,267ec327a07ce5e58fc5edc7f030849586afb474f6c8fc28a7a874cdaf892ef7,"58,97","48,98",13
size100_maze_like_seed120360766,100,maze_like,120360766,0.3,1e7b86d00cd838b1ce2aa6c63df493504960f57de8b741fa4e1db06f0774d829,"90,64","93,64",3
size100_maze_like_seed120360767,100,maze_like,120360767,0.4,c83cfa22499fbe7261a9b914d10c47245da1705627358e405c0c432f7c3a9dba,"33,26","30,30",7
size100_maze_like_seed120360768,100,maze_like,120360768,0.1,08f4c2d72c43bfe991a76595a11291dab96183030055127e6d7a44af4d16bd56,"48,42","47,40",3
size100_maze_like_seed120360769,100,maze_like,120360769,0.2,395e490a8493a2570ef6c2bd6b425f2fe15f3155f55a7d9e6abe83ebc66840ea,"87,89","85,88",3
size100_maze_like_seed120360770,100,maze_like,120360770,0.3,59c2b74cb12da94729625bfa6a3da995bdd7ab929e455c16a70e48e6484e9463,"72,8","72,9",1
size100_maze_like_seed120360771,100,maze_like,120360771,0.4,cfe9d3a8e329ed13393285582cc254d1ca4e5b75e0735595cbf39cd0f53c48ea,"3,37","17,0",57
size100_maze_like_seed120360772,100,maze_like,120360772,0.1,aea226f585bf052a91a61c6daf13c09ff98e1e232d9484a95b7799534628c007,"38,57","38,56",1
size100_maze_like_seed120360773,100,maze_like,120360773,0.2,c9df86f24778e87a853fdf1daa615e9b43f8790e9d4ab975c1359012fc53c263,"68,66","68,64",2
size100_maze_like_seed120360774,100,maze_like,120360774,0.3,943362b965cd13f77e378df3efd7e5c05b44f32dd481dc66d5d9763ad8d756cf,"41,30","40,30",1
size100_maze_like_seed120360775,100,maze_like,120360775,0.4,394783fd18ae8c8cc43cf7d6a848ec9077d83b5a8f24c78398553d68e637c14b,"70,38","71,32",7
size100_maze_like_seed120360776,100,maze_like,120360776,0.1,eed4365c70a45fe6cfb1c57949227d38840d8c20a4e05ae7daf1615a560b438f,"1,76","81,99",105
size100_maze_like_seed120360777,100,maze_like,120360777,0.2,d8d27b3be162637949229479108031dd43023c30bb1d6e116ae8dabf6a4f0409,"76,0","23,2",55
size100_maze_like_seed120360778,100,maze_like,120360778,0.3,0932602379f4a7fb6f830eab5861ba4ee671e26ba5b306da36cbd38bf8aa287a,"73,81","73,80",1
size100_maze_like_seed120360779,100,maze_like,120360779,0.4,95479b87a5e003f41cf6d984cceea1ba4bd5204faef976e62233952666239e5c,"92,52","92,53",1
size100_maze_like_seed120360780,100,maze_like,120360780,0.1,8b1d08846e1e810cfa4c5a3eefa44a7a15a772d674210525f842d8786130aa08,"78,78","76,77",3
size100_maze_like_seed120360781,100,maze_like,120360781,0.2,422e0ffe41a3343613da08d58c05e27537b58ffc1acfa0d6448b79c5eadd4b30,"61,96","98,41",100
size100_maze_like_seed120360782,100,maze_like,120360782,0.3,f2a626b75d9bd66c55d70d83f3bf6fa7bf6f8fbbcebf7e6802d6920263ea8b86,"75,97","95,88",41
size100_maze_like_seed120360783,100,maze_like,120360783,0.4,617ba51e33e5788a0e2d37d8c9432dedbb917294b20e942155e8de4cec6422de,"46,1","99,99",153
size100_maze_like_seed120360784,100,maze_like,120360784,0.1,7ba789a3beef9faec30d099aa2d502eca8391e86102adf30369a2bb4af7aa9fd,"7,9","7,8",1
size100_maze_like_seed120360785,100,maze_like,120360785,0.2,1c6cad845268f3fdd8f2d1626ebdff2eccf773361aef590d48c51b7a666d1972,"70,48","71,49",2
size100_maze_like_seed120360786,100,maze_like,120360786,0.3,b91e950c2b8f4f7780e387edf53e78a9de0bb9be5af4b01e86fca11b5ac8341e,"80,90","83,88",5
size100_maze_like_seed120360787,100,maze_like,120360787,0.4,16d03b6a57a660f823051820604316d7ec0f0563c127d2aa018ccf28e24bbca4,"22,81","23,82",2
size100_maze_like_seed120360788,100,maze_like,120360788,0.1,0bb5446e3ce7f914988877723e5976e62fe78cbc97dba9831f4bc1314324245b,"56,73","58,74",3
size100_maze_like_seed120360789,100,maze_like,120360789,0.2,31b94d768ff8d74c27d5d684a2db23b5d608b4685b15be897ed89c6ba5aae1fa,"43,29","40,30",4
size100_maze_like_seed120360790,100,maze_like,120360790,0.3,5ff83a3b1a951cecc8e4bdbd51b903b9c1fa93e930399d1f82df0c4ff3c13b8a,"63,43","61,44",3
size100_maze_like_seed120360791,100,maze_like,120360791,0.4,6ae0b86c881f2745833a44dc5e511903fb5c69fc6af549030ab02e51a1922e32,"31,81","31,80",1
size100_maze_like_seed120360792,100,maze_like,120360792,0.1,bfd2877a3229dcd0731fbf35592490626d92866c37e29dd101fc72a67ef572a3,"3,23","17,0",43
size100_maze_like_seed120360793,100,maze_like,120360793,0.2,67a61c8ba31a72391c24d431cdd582df6e66d20c4ed1b42091f1abc755786f98,"83,54","82,56",3
size100_maze_like_seed120360794,100,maze_like,120360794,0.3,9c8b9a051976bb91f94b3c344b3f1a073ef15b5d7703873e9ff1d988d8108f9d,"58,82","58,81",1
size100_maze_like_seed120360795,100,maze_like,120360795,0.4,dfadad4da4e1f635efc8b596e8f49fe25cbaf2aeed3184bc517a78de212e47a9,"53,22","50,22",3
size100_maze_like_seed120360796,100,maze_like,120360796,0.1,eb64b2181f693fd9bc9c3c5806e40ff9b562c3f0cda5c8d26c903e6944943c83,"88,98","79,99",10
size100_maze_like_seed120360797,100,maze_like,120360797,0.2,027906e84948a56c3ff028f3b3eb777a298cc597a351fe0710e166480d43995b,"81,72","83,72",2
size100_maze_like_seed120360798,100,maze_like,120360798,0.3,9dd573230a47312c05d540686939e5a458b8c6c2deabe1d9fb06a46e8dd9212c,"99,92","2,90",117
size100_maze_like_seed120360799,100,maze_like,120360799,0.4,91fe96cda22b92b3d11597735d260e9f0b61cb393b246223b1f8ff5242da5a26,"66,46","67,44",3
size100_maze_like_seed120360800,100,maze_like,120360800,0.1,e900205bfbe2f4b9c0f1cefcc26ba7a5a8ebffcec968830e9606cfed94a61656,"87,42","88,41",2
size100_maze_like_seed120360801,100,maze_like,120360801,0.2,e0bb230bfe058b858ea9cdab0a3e4091ca9eaa8b62239644b3c0b49a7f1b76bb,"10,49","11,50",2
size100_maze_like_seed120360802,100,maze_like,120360802,0.3,7481df9a8505c7ab4161d39646b236395ed3d69efd9b9cd0e5d329aec2711f8b,"41,72","40,73",2
size100_maze_like_seed120360803,100,maze_like,120360803,0.4,2456b818a2230135f58f1981d22c30f367104b72e61a23c0e675f10a8d0c0b8c,"82,69","80,69",2
size100_maze_like_seed120360804,100,maze_like,120360804,0.1,2692ceeaded625848a44fcfd1ce6310edebc685735d39d4cbc8549b7a8fc7456,"25,66","25,69",7
size100_maze_like_seed120360805,100,maze_like,120360805,0.2,f91599ae7911b4de38b3d3b7f383027141635d9bf3feca702ecd618c64d2b5fe,"85,92","88,93",4
size100_maze_like_seed120360806,100,maze_like,120360806,0.3,4b7541f547d684da38a16ac2301153b91577f0fe19557cc7b7ca6943576dbb5c,"73,36","71,38",4
size100_maze_like_seed120360807,100,maze_like,120360807,0.4,e919804f349b0a3b0a3338d5224c400d6a9ec52a2ee07dfeb2a306e362731503,"41,54","40,54",1
size100_maze_like_seed120360808,100,maze_like,120360808,0.1,829af79052beaac917ebdedeec21343513152f26749c627575f00240c1399022,"41,46","48,46",11
size100_maze_like_seed120360809,100,maze_like,120360809,0.2,bd55e3189b2e340e2f3c5a95257eadd7b824113f14450c74cd3561e09193c8c5,"76,26","77,26",1
size100_maze_like_seed120360810,100,maze_like,120360810,0.3,52c8ca201da0be3d6ff14d5f841a16337d53488800f8ac5f41c27f9212c56193,"52,25","51,25",1
size100_maze_like_seed120360811,100,maze_like,120360811,0.4,1f0fcd4aa4d410ccbb72ac3b9e3057f77216d2e30fd58a51ccc2748ace9b671d,"62,12","61,16",7
size100_maze_like_seed120360812,100,maze_like,120360812,0.1,ad3d0c7123494be85715b2f15e020e1021244f88e7eb3adf2686fabb2ba1a309,"1,58","0,79",22
size100_maze_like_seed120360813,100,maze_like,120360813,0.2,afcab832e86de9171ca0ffa51bdd555ac130ee1c3e3a7c883c665509feef97dd,"80,64","81,64",1
size100_maze_like_seed120360814,100,maze_like,120360814,0.3,c0cc2204ae0902f901619a4ab71506f6179d0868ff5867c768348e3a65c84f89,"55,48","58,49",4
size100_maze_like_seed120360815,100,maze_like,120360815,0.4,a0ee77bb7e1573d521271228d57f57f70e0ebd3d9ab295e268bc0af38334aba9,"42,45","41,45",1
size100_maze_like_seed120360816,100,maze_like,120360816,0.1,8bc266f1844e4fa0e928e841e01640fc8b91d9da636bdd9bde3db9493e60641f,"85,4","85,6",2
size100_maze_like_seed120360817,100,maze_like,120360817,0.2,a3a4f2c2fe0a0a39240011ed89ebebee837b785ba66cc5141a5a1531943bcf12,"5,20","6,22",3
size100_maze_like_seed120360818,100,maze_like,120360818,0.3,e8a0476f36acdb837a36e2672e7a4429c8fe9d5024091f1717d21b6b63813651,"21,73","20,74",2
size100_maze_like_seed120360819,100,maze_like,120360819,0.4,c238c4cb6cefb71b010da39b024dee79b4ac34718e869300105b02af26102cab,"23,56","20,57",4
size100_maze_like_seed120360820,100,maze_like,120360820,0.1,28b79cfb8d6d4cdd6cfd8a2030530c62bbe4474309bab4bb96cd10fca092685a,"11,2","78,1",70
size100_maze_like_seed120360821,100,maze_like,120360821,0.2,e36706a2f6e2623b4586b9366168f18ed90303ee5b75961e896111c5482c9191,"81,96","15,2",200
size100_maze_like_seed120360822,100,maze_like,120360822,0.3,71c1d552c672130c03058a452c976d2ab6677cf7a478739bdd0e84e9ccb975d0,"6,66","10,66",4
size100_maze_like_seed120360823,100,maze_like,120360823,0.4,03bf03ec3fa5c6076dd4edaf13e3bda61bb4d926f2dc03c16a42838d742186bb,"96,25","99,81",59
size100_maze_like_seed120360824,100,maze_like,120360824,0.1,48ce348afeee483d75bf9f2df1f1cf0d3f75c0386706690308aa32edabebe8a7,"7,34","8,32",3
size100_maze_like_seed120360825,100,maze_like,120360825,0.2,317568dd5d9aec0d2e0dd3e4ab4853cc7f9bd5bb80dfc5f895cda645bf96eb84,"70,77","73,76",4
size100_maze_like_seed120360826,100,maze_like,120360826,0.3,520280a3b850e6bb016b91f329f51f008cc276ed8ac1c0fbedcb18efa59e274f,"57,88","56,89",2
size100_maze_like_seed120360827,100,maze_like,120360827,0.4,52188d996396242c58de4621ef26f3611e02e79a18b3c08d1f6a249a8f4c6125,"75,18","76,18",1
size100_bottleneck_seed120460728,100,bottleneck,120460728,0.1,25ae4bae8da9b555489ef7eb250c10412e8d3a58ac593671b82c0af6d8a8a1a7,"55,38","96,91",94
size100_bottleneck_seed120460729,100,bottleneck,120460729,0.2,78096728225309fc7580560f9db960f8670ebe931aa01259817db523346aad4b,"98,45","74,64",81
size100_bottleneck_seed120460730,100,bottleneck,120460730,0.3,847f75b125bb14c2b9e6d0930acc7040beb5907930e9b01c169a189dfc797cf8,"36,49","49,83",115
size100_bottleneck_seed120460731,100,bottleneck,120460731,0.4,541c7c783b349fb5698c6ab674567f78031b192b02298ccb272b2ffa5fa29fe8,"90,3","31,78",144
size100_bottleneck_seed120460732,100,bottleneck,120460732,0.1,264cfbe8f349240126d9991311c63cad5dae4c6300cb3105af6936076a126940,"76,59","27,22",86
size100_bottleneck_seed120460733,100,bottleneck,120460733,0.2,9eba650129fb10f0b6cdd71d2565d4af5257717ae1e8c0091f5a623068d9208d,"82,45","25,4",98
size100_bottleneck_seed120460734,100,bottleneck,120460734,0.3,c4b8126ed435f9035a9e6990b2e4324a245184a3ece558a42880bb85061bcc09,"53,32","52,5",30
size100_bottleneck_seed120460735,100,bottleneck,120460735,0.4,faa5fe2564397b74c4a3740d668d1950479f5550d25617a020a07bcee17b322e,"86,41","34,56",71
size100_bottleneck_seed120460736,100,bottleneck,120460736,0.1,5a879763155da4bf8794f6393c997b4b3eca58f9bcf3fc8b2eacd9b3bd1f48bf,"53,73","90,28",82
size100_bottleneck_seed120460737,100,bottleneck,120460737,0.2,3816bab7f866e782c7b62350b076de3b768b9e2a76cc87491bbcd25c81b85ad8,"20,49","0,99",130
size100_bottleneck_seed120460738,100,bottleneck,120460738,0.3,e522570563c4c8e126fff9728e12620fd9741c0c66d6fa972a7caa906e0c125f,"10,63","1,86",32
size100_bottleneck_seed120460739,100,bottleneck,120460739,0.4,d3749cb0ac2fc303781da1927a46604f2bde96ea19697116a82153b5fe423e78,"75,34","2,13",94
size100_bottleneck_seed120460740,100,bottleneck,120460740,0.1,bcf72f21c0d503485ab3139e2a127caf97dcec9b12ffdedca9ab0e9a2783d206,"21,86","61,44",90
size100_bottleneck_seed120460741,100,bottleneck,120460741,0.2,f9760208a7e4542474496340f1bd1fb6d356372898e3a2af3facc8e931028701,"81,36","26,67",86
size100_bottleneck_seed120460742,100,bottleneck,120460742,0.3,24d7fbe2e0b341bdc596f291312b0d6e8ed04f1910c4c75f80a2f37e6c663a42,"31,96","33,95",3
size100_bottleneck_seed120460743,100,bottleneck,120460743,0.4,e7f275812b5e1a5008ca04b6c9a87f8d0be9b19f6020cf78545ac87797197af6,"13,96","52,32",115
size100_bottleneck_seed120460744,100,bottleneck,120460744,0.1,55b11fea4e15c49a712d4855e8e3628b48b1ddb9730dcbf2f931f2d3e8b3ee0d,"85,76","41,48",72
size100_bottleneck_seed120460745,100,bottleneck,120460745,0.2,d9287c590ca51e9b943d129b938974c772eef54cb0a608dfc388dfd1d258ddc0,"28,91","42,48",99
size100_bottleneck_seed120460746,100,bottleneck,120460746,0.3,d6bd3343b2bbd3b213452f7b1219f4c02996a995c89941b5d3011a31cd171808,"11,26","52,54",105
size100_bottleneck_seed120460747,100,bottleneck,120460747,0.4,006d639c7db438267c5a42e8866885c5f680e3a3df4c4b106e7d183b896500bf,"24,89","81,96",64
size100_bottleneck_seed120460748,100,bottleneck,120460748,0.1,cd7be3d6eccf241b873a4c47f59c09577556197d4700f192353a6a5063344eb7,"24,26","16,63",165
size100_bottleneck_seed120460749,100,bottleneck,120460749,0.2,60f2e4534d16294b2e332866bf66fce2f90ea4d91b65627ca0a47b8af5134174,"8,78","93,80",87
size100_bottleneck_seed120460750,100,bottleneck,120460750,0.3,b529dc83577eab5f658d73200370af7d3a71e935f52d359a5bfe1a15782bb023,"41,13","74,23",43
size100_bottleneck_seed120460751,100,bottleneck,120460751,0.4,c7a72a5eac04bfd8ca345385593f1cecf5d8a8639ac5eb10cd01709641363c1b,"28,42","82,79",133
size100_bottleneck_seed120460752,100,bottleneck,120460752,0.1,9f305861ef9f753aa22b6e48baeb20a075d6ce595138c0045563599e594b3e0c,"37,2","2,82",115
size100_bottleneck_seed120460753,100,bottleneck,120460753,0.2,dfce92bea5d63a2a7f2e05bccfbad47823b85240cd2fcc70bd9c04b34287faf8,"99,39","27,39",74
size100_bottleneck_seed120460754,100,bottleneck,120460754,0.3,1be884ffa41dd5ee81363c193ff91368094a7345d4c05577f8129365277f8b62,"49,4","36,70",97
size100_bottleneck_seed120460755,100,bottleneck,120460755,0.4,64b6008c67378b8c3109e6665e412b981f83e588620053d27c16f48f0ed1ba9d,"92,98","97,98",5
size100_bottleneck_seed120460756,100,bottleneck,120460756,0.1,eed5da6137592abc6e7933dbc7a35b6219fc09e5dd36ba281f8d9cf33d8aad15,"49,91","80,79",43
size100_bottleneck_seed120460757,100,bottleneck,120460757,0.2,73a1c44e6f40dcb4f2de78b3b2d9f1addf116a9c9316b620b304a5860059b291,"74,44","92,13",49
size100_bottleneck_seed120460758,100,bottleneck,120460758,0.3,f708b35d9a95cfe0e0f845831063c6cb9942fba1c611261ea51e9798f235fcb4,"13,0","22,46",79
size100_bottleneck_seed120460759,100,bottleneck,120460759,0.4,266cade7873bcba9cdc29439f3e8ced34963b75a1c2b95463883051e0765d3aa,"70,33","10,22",71
size100_bottleneck_seed120460760,100,bottleneck,120460760,0.1,288384d5579bc0d08860b280fcf0c9310f99e5a3e6f5ba4843ca9dfb89f43333,"13,56","76,14",121
size100_bottleneck_seed120460761,100,bottleneck,120460761,0.2,1ec6c813633687a51588ba2f8f6da6c1a69f093e613af99c6052125bb663c4a5,"82,31","68,14",31
size100_bottleneck_seed120460762,100,bottleneck,120460762,0.3,b314fdcd560a8c5cc118105b2b57647018bc802159c9cf06f260009d1889684f,"65,99","86,17",149
size100_bottleneck_seed120460763,100,bottleneck,120460763,0.4,ce7e076ebcc8f6ef2b6a85c2e8502650f7ee097830b548f8e5097911cdd26ede,"47,17","81,15",36
size100_bottleneck_seed120460764,100,bottleneck,120460764,0.1,4e71919204f2fd00269f2dd4b9ddcb90e93e07f8d41b21456da85075d29cd0d9,"12,9","5,53",83
size100_bottleneck_seed120460765,100,bottleneck,120460765,0.2,4e1a0e49b73c796c72bf7fa3e131af59c5c2391c5368dad5658c7ab434ada55f,"70,18","12,82",152
size100_bottleneck_seed120460766,100,bottleneck,120460766,0.3,c55875bfeb8f3a3b2908747d135ea8b304635c70d4e66ef82dc31af530b3920b,"61,71","20,13",101
size100_bottleneck_seed120460767,100,bottleneck,120460767,0.4,618ebec84d32aa6059160f4fca6f4ac69e664960d049f8a35ac8a43d67d12983,"86,34","8,30",84
size100_bottleneck_seed120460768,100,bottleneck,120460768,0.1,e7ba8b8a5152d66f3d8eb4fc89f66e04ac0fe54f935b260eefd11946e21b7197,"11,89","72,72",78
size100_bottleneck_seed120460769,100,bottleneck,120460769,0.2,92d72be9fbe789fbbc1bf288b295889468f929b13a12637a5c70353c560bdddc,"73,78","77,11",75
size100_bottleneck_seed120460770,100,bottleneck,120460770,0.3,eb175d023a149a1461dfa19b0134ae146f6c24a83f43222d659b41677b0db495,"20,90","59,43",110
size100_bottleneck_seed120460771,100,bottleneck,120460771,0.4,85bad55679d166d6616bb164416ea88b15c30ede724180f98027e9ec7de15423,"74,64","45,11",160
size100_bottleneck_seed120460772,100,bottleneck,120460772,0.1,28e4311aa79397f006dee907bc5fc850e889c05a54f7a1033be2c4e4ea9e61d9,"17,2","85,1",69
size100_bottleneck_seed120460773,100,bottleneck,120460773,0.2,5eb15011fd69842d5575bf29c8e3c5aed33f0fc1487d88ea76e87b1a739f1c3c,"41,42","46,46",9
size100_bottleneck_seed120460774,100,bottleneck,120460774,0.3,88a238266c0cccdaa2f716ddb57c4cb211540aac24c2cdc513287ffe3737077d,"70,41","10,45",64
size100_bottleneck_seed120460775,100,bottleneck,120460775,0.4,b2c46906ce9f726ea4baded9ed5288ceb65c2cc3677c7cd562a29df6a2065efc,"92,69","32,55",74
size100_bottleneck_seed120460776,100,bottleneck,120460776,0.1,5f4fefbff72a8e4b4f2b52f56a75d1e5c96ffd3bc4b195fd61c32cf7839fd4c5,"72,65","79,83",25
size100_bottleneck_seed120460777,100,bottleneck,120460777,0.2,4df69177e793df89a77a5c0f929be5d26ca5acc5cc70401803e3e59b079469fe,"20,33","51,32",32
size100_bottleneck_seed120460778,100,bottleneck,120460778,0.3,f25a56b76eb77d26dfee2181ab57067631b530d0abe316007da7dece575c53fb,"61,56","52,35",110
size100_bottleneck_seed120460779,100,bottleneck,120460779,0.4,171936490b542acede35523d99d198dc460aafd28f967526ba96e8a6cde74fcc,"60,27","95,57",183
size100_bottleneck_seed120460780,100,bottleneck,120460780,0.1,eeea32cb29dcff1db37a8e2a67ba28fe216af0e67e01a039a8df8693397d3b8d,"86,80","51,32",101
size100_bottleneck_seed120460781,100,bottleneck,120460781,0.2,cb5ea80f955b19fe5a4e940818894c2de0103f22eb3e55e6c8b53695b1cd1644,"83,0","0,73",156
size100_bottleneck_seed120460782,100,bottleneck,120460782,0.3,74f01f114fae2fda21950c0b5a31943192110960a5b9f2d36303787c7a4e6585,"59,90","29,32",120
size100_bottleneck_seed120460783,100,bottleneck,120460783,0.4,777702c30ae3e2400b43d788fa82155caf1237d087e184ff7dffcc07d9be266e,"55,92","29,28",126
size100_bottleneck_seed120460784,100,bottleneck,120460784,0.1,5b712d52df7adbe643fd02d4754aa6412c7430d117cf5bdffc120901d60d90c0,"84,37","84,74",57
size100_bottleneck_seed120460785,100,bottleneck,120460785,0.2,37b105cb220bcda820f1d854639d5dc2f949e9204932d4b78f825899b187e19f,"97,53","82,33",47
size100_bottleneck_seed120460786,100,bottleneck,120460786,0.3,64ac6a4bbf120d20beeffa773a55db5104edce8d33fffe7283dadd867dced158,"11,72","83,10",160
size100_bottleneck_seed120460787,100,bottleneck,120460787,0.4,3a382bf425c8ffe7dac2515185431ca8435ae7d7a0ad49cb656713cf21261e4e,"46,64","43,99",40
size100_bottleneck_seed120460788,100,bottleneck,120460788,0.1,9c974577c2e61a2f7e0044913f62ce2764ff2c842509582633266ff090b9f0e2,"75,68","99,17",169
size100_bottleneck_seed120460789,100,bottleneck,120460789,0.2,d36619b5f90928f58c3dfa0c7e09a6efdfba6423a476751cb7732f74d0b82c21,"90,11","81,43",41
size100_bottleneck_seed120460790,100,bottleneck,120460790,0.3,09163678621f92ef921fdd82533d4cd095ccecf62b60a31a240cc56b391867e3,"66,59","41,58",28
size100_bottleneck_seed120460791,100,bottleneck,120460791,0.4,ca0db85b632634a862c9e1a98227ce59bec1132717a5589ced5e1cb7c011e0ae,"48,62","76,40",74
size100_bottleneck_seed120460792,100,bottleneck,120460792,0.1,9400689d055b722b748763660e22aa6941aa2924c074d69576baa626a9af714d,"3,19","77,33",88
size100_bottleneck_seed120460793,100,bottleneck,120460793,0.2,fa3d5ace9a04e7920ac8fa8280b3f8ee270ae5b421288c46050e35b3d68beb0e,"56,30","50,2",34
size100_bottleneck_seed120460794,100,bottleneck,120460794,0.3,9a27b80a37198f89892868d942660f67a21c26da844368d3e765e8e7b7115e2f,"35,97","37,83",16
size100_bottleneck_seed120460795,100,bottleneck,120460795,0.4,035f466820365812c1fd27b80a531f7cbd65f6eb3ca77fd7e405d7d585808845,"72,80","67,84",9
size100_bottleneck_seed120460796,100,bottleneck,120460796,0.1,ada280f9ffd9dcff96c113e23cfd3275236f099a83304597f9bcb83121e12e45,"44,74","7,98",61
size100_bottleneck_seed120460797,100,bottleneck,120460797,0.2,930e1b1756b33a897c23cf1aed800c1be5b007e4b4fb10c27d3fe70383bcf957,"32,25","4,77",176
size100_bottleneck_seed120460798,100,bottleneck,120460798,0.3,b7ed610f89d89364c8245442ad86df05bcd4b8aaa1199a48b7bddb21bda27a82,"83,48","52,40",39
size100_bottleneck_seed120460799,100,bottleneck,120460799,0.4,7bf1b49075d4de5898d1327438d36a1db4f3edd419116b4797feda71bb352f29,"70,51","19,7",119
size100_bottleneck_seed120460800,100,bottleneck,120460800,0.1,bbe4637de42ef3812e4d4b7dee1b012ad390a6a8d4602d0a2c85c75826b05b1b,"80,56","77,96",43
size100_bottleneck_seed120460801,100,bottleneck,120460801,0.2,06d2698e3c1105a074db0bc2777691419da86ad6881b08e1b2aa935f4cf3ebf4,"74,92","94,59",53
size100_bottleneck_seed120460802,100,bottleneck,120460802,0.3,8bcf8931bb5d6290eef7a6b79cc939ad5cef260e415043c524447db206651bbe,"43,37","78,63",131
size100_bottleneck_seed120460803,100,bottleneck,120460803,0.4,fa8d12d9f039a40b135ddfb22443422b43658357694acc880615d361a54df6ce,"81,65","67,1",170
size100_bottleneck_seed120460804,100,bottleneck,120460804,0.1,fc930dd8ff428791a502491e90262d5852b450bc64b8adf7a66af6ac76b2a4d4,"22,52","7,14",177
size100_bottleneck_seed120460805,100,bottleneck,120460805,0.2,3a4c0c8d7eeaaaa5e4706ba5ac91c2de0d8f89c89b70929a7eebee7458695740,"41,93","74,94",34
size100_bottleneck_seed120460806,100,bottleneck,120460806,0.3,39386de3b39ce8f09757460c179046dfd723f8fdcb201c0f06115de701c4c002,"2,54","77,53",78
size100_bottleneck_seed120460807,100,bottleneck,120460807,0.4,86af52a8080a699f569d40248acde6763a10c5e35b2ad6835365d89839058808,"29,53","76,22",124
size100_bottleneck_seed120460808,100,bottleneck,120460808,0.1,f4ef3bbc1c884edb4565f7b4b51366ae386b889969b0cb2bd7406810c57bb0c5,"5,44","84,86",145
size100_bottleneck_seed120460809,100,bottleneck,120460809,0.2,beddadc6c5788233aa1dd3e8497907ee449ed923f0ded35760b24e1ddcb55acb,"52,48","96,82",116
size100_bottleneck_seed120460810,100,bottleneck,120460810,0.3,b5b62988df72f3daa154956e35fb64f9b26b3fb21160f0680e208eadba16abde,"49,62","75,83",47
size100_bottleneck_seed120460811,100,bottleneck,120460811,0.4,df1125734130c3ded01a2f2e7079229fe948cc27a7d470b36d0e4ada8b1fc1bf,"71,41","0,42",74
size100_bottleneck_seed120460812,100,bottleneck,120460812,0.1,828ef06e3e6220a630d9b94207b870faf5ed8f489cf7d9c3d3d38fc3e8be1f1f,"64,94","44,64",50
size100_bottleneck_seed120460813,100,bottleneck,120460813,0.2,dc9fcc57a09755912dba73738c926724e8298bb9b4a6b4f164f670ffce7358a3,"25,1","47,47",68
size100_bottleneck_seed120460814,100,bottleneck,120460814,0.3,7ef678367fd32d2027152d4e4561ff1da8e90739ab1bc1091f8eedef0418aa03,"20,6","63,41",78
size100_bottleneck_seed120460815,100,bottleneck,120460815,0.4,9130c2436cef86c1ad7d3349467410a1d1c69cb9187ab947a24bc662cd0d1da2,"53,21","6,68",184
size100_bottleneck_seed120460816,100,bottleneck,120460816,0.1,4fdde4c1e942991558408d1a4061ac130db605eec4ee6834b2d398995508ea1e,"31,67","48,7",119
size100_bottleneck_seed120460817,100,bottleneck,120460817,0.2,c004686065f9cdde653697083afd6ed1b6ca951cbc70a721a38ccd03499c3441,"75,10","53,94",106
size100_bottleneck_seed120460818,100,bottleneck,120460818,0.3,07fd9349093056aee35db90589885d95e41ef5d316458cda2a11c467a04aabe3,"80,78","44,80",38
size100_bottleneck_seed120460819,100,bottleneck,120460819,0.4,b8be3f87593b24bf62fbff8cb0047b626835147bd07bcb65630cb3533f324b24,"66,69","33,64",38
size100_bottleneck_seed120460820,100,bottleneck,120460820,0.1,23da8095060bef4d976102fb514cf1c5293da78477eeb9499e9316d2e7073096,"68,70","85,87",34
size100_bottleneck_seed120460821,100,bottleneck,120460821,0.2,2a458e846e12d64ba354bb1f09645867f10d270e656588c5da65a21eccd17959,"67,74","87,66",28
size100_bottleneck_seed120460822,100,bottleneck,120460822,0.3,13143333dde868e5c9110f07b75897241453c1d8b049e79fee37a0ac90304d62,"13,38","65,48",62
size100_bottleneck_seed120460823,100,bottleneck,120460823,0.4,4c0ad0cb60085882a14c08f8d665d68686ba24ad4a2e4acace582cd596bae269,"35,85","95,6",147
size100_bottleneck_seed120460824,100,bottleneck,120460824,0.1,2010d32cba2693e84d03cb054c41c587f5cc92d70a138d93d90e27158ab2be94,"30,41","69,92",90
size100_bottleneck_seed120460825,100,bottleneck,120460825,0.2,b2e2dfd69981d795d77f4b2d86a39486649513c2567de5475c2d996ae10bbcf8,"44,32","6,14",56
size100_bottleneck_seed120460826,100,bottleneck,120460826,0.3,4dfff52b86d8e773dd605c7561acd2fefd6c617a265fcba37bdef0cda5774249,"72,99","60,30",135
size100_bottleneck_seed120460827,100,bottleneck,120460827,0.4,21e72384161589e8542337c611ba24e8c97af025eb10af2454d24aeb77f52079,"57,98","79,95",25
size100_large_block_seed120560728,100,large_block,120560728,0.1,bbda56e7efe988c4d13bd7121b2d4ad33da16e60e0de162805c2993a767b7542,"80,3","30,20",67
size100_large_block_seed120560729,100,large_block,120560729,0.2,9a63578206bed4340aee332521204417045076c5b0c4e514101100e5032e7ed0,"51,50","54,77",30
size100_large_block_seed120560730,100,large_block,120560730,0.3,8b253b137a5859c563b26531bc8e202b46d616376f9f2dc165b68df2da59e88c,"69,2","41,21",47
size100_large_block_seed120560731,100,large_block,120560731,0.4,1c1ff6cc27c322f727d8d4c137d7469941bd819a21f8bab39f85419480a66146,"14,84","10,37",51
size100_large_block_seed120560732,100,large_block,120560732,0.1,288f87bdddbafbcb33254a023e75ac97c27fb874f95162df26aed47413dafc2e,"96,93","53,51",85
size100_large_block_seed120560733,100,large_block,120560733,0.2,c2362cee93011b4bdd953b7a213fc0d78ef966f5beb8a0215dc0d26fbf991f4f,"67,42","98,53",42
size100_large_block_seed120560734,100,large_block,120560734,0.3,049dad62e09fdbb37a4d52bf00d30a8a1280e855243135eb7f08c6ea6cffd1c4,"75,3","92,21",35
size100_large_block_seed120560735,100,large_block,120560735,0.4,f3795181dc2eb816707af2d6bc89232cd70447f8dd5cdc54342cfd88fdaa9fe0,"22,68","1,5",84
size100_large_block_seed120560736,100,large_block,120560736,0.1,7072ba68b0d4b0473027c415413825e4ef57d6c0a0f5ded6bb35d123025a7d22,"3,61","53,80",69
size100_large_block_seed120560737,100,large_block,120560737,0.2,935fc8d6b9039a03a2f73d4e3ba2194b2f19c374e0f0323670e8193b8cc77c03,"25,24","39,89",79
size100_large_block_seed120560738,100,large_block,120560738,0.3,507b90f9c1c0982fd17307254a7a46fd6fee05ba2419ae0b0b7e9f3a181afa05,"58,81","37,24",78
size100_large_block_seed120560739,100,large_block,120560739,0.4,67262f1329e6be2b3c033647dec3dfa01059cdaca237c3d1280649975e3148dd,"51,14","16,34",55
size100_large_block_seed120560740,100,large_block,120560740,0.1,93f569f9aecd41acac0e6290235ec73247780d0fac0c965ad09c5d1c3ad53277,"82,45","69,19",39
size100_large_block_seed120560741,100,large_block,120560741,0.2,464435a3b16b666ec5559490f5c0a25af3eaf29c011b94640df0b017fb9f70cc,"77,37","12,21",81
size100_large_block_seed120560742,100,large_block,120560742,0.3,a01045b608a05638a2c704d145b32070cf8b012c88e44cba5db41dfa0c5fcf2f,"41,42","32,57",24
size100_large_block_seed120560743,100,large_block,120560743,0.4,bbd0915cc7cd8e72f35cf3880fcdb24768d3eb32ff030f5a7c17628abbe1bbe0,"74,59","79,2",62
size100_large_block_seed120560744,100,large_block,120560744,0.1,78d7cd5a29c513158f8229056e1173117a53833b1544e1919a5931a481d97bab,"63,31","66,87",59
size100_large_block_seed120560745,100,large_block,120560745,0.2,1368162494022675a451e4a557d3ed84bb3c509b58160a590341f9404cc3b879,"21,61","39,23",56
size100_large_block_seed120560746,100,large_block,120560746,0.3,e453921c9fef5e3256eed24e1ec4436bc2b1b9ce3c42e01401d7b3eeedbfa82b,"76,87","40,50",97
size100_large_block_seed120560747,100,large_block,120560747,0.4,ed970e623c39547ca88b8fdc9710667a849e85f136b8b561acd95ac278060e74,"40,62","50,10",62
size100_large_block_seed120560748,100,large_block,120560748,0.1,345505519ed5ace5e9d0731bc79d41703f1ce2599522aec32dcb4aab53dc8d1f,"24,97","26,37",62
size100_large_block_seed120560749,100,large_block,120560749,0.2,75c41977c90986d43906eb991ba1dbe316b65a049281d26ee2dc944d9af405c5,"12,58","26,39",33
size100_large_block_seed120560750,100,large_block,120560750,0.3,4f44b07f957c07f85cb108cb4c42ccba5d524675993f42460cb8d74a0ce45345,"34,5","11,78",116
size100_large_block_seed120560751,100,large_block,120560751,0.4,d6bfa528047e73a9a3bef38f82d7b9cdb33187bb8e3e4d88ab8109837a619f07,"3,45","80,67",131
size100_large_block_seed120560752,100,large_block,120560752,0.1,a3e2eb729f017f1d9d559bf7b9304a502123a336764bc2a5e3487a4b114cbbf7,"70,91","13,84",64
size100_large_block_seed120560753,100,large_block,120560753,0.2,0e5b814abc417ba29a1491e69be361c8a954196ba29e4ccc7559a6417e839163,"98,24","66,96",104
size100_large_block_seed120560754,100,large_block,120560754,0.3,6d0c8fdde6358b97b4501954cf817ee95a5616cdb0324b7f144b32bf526c3975,"57,98","26,16",113
size100_large_block_seed120560755,100,large_block,120560755,0.4,b6f5c6c2f3bb786d5f3edcc688a747e648abbd9f4853c2d95cf22597c8a0b62d,"97,97","32,96",70
size100_large_block_seed120560756,100,large_block,120560756,0.1,35a14d2e8fc9577664e774890110da333a40087c4bf7fa40e917c6570c895a8a,"22,21","82,60",99
size100_large_block_seed120560757,100,large_block,120560757,0.2,406874418c53ae82c7234ac21c495d937171521a767293ea79c27283465546e9,"47,24","67,71",67
size100_large_block_seed120560758,100,large_block,120560758,0.3,fc5bd25cae84eaa320669f65472bc97baf37b15b814022f5514215fb9838a0a3,"29,36","44,16",35
size100_large_block_seed120560759,100,large_block,120560759,0.4,9da30e4af9dd6d67321ec344af7bee4c553ef6c2b5a6a82b146a76b91057ffa1,"86,35","48,47",50
size100_large_block_seed120560760,100,large_block,120560760,0.1,54ad3efc4ca4c3aaf9d513dc398e66ce59b4f3d200f20156adfc27439cd89e00,"84,1","44,43",82
size100_large_block_seed120560761,100,large_block,120560761,0.2,a6cc4997c1590228d035235461e8a912d68b85666d322940ef93dd1dff01ea1e,"42,14","86,65",95
size100_large_block_seed120560762,100,large_block,120560762,0.3,1bbef7afacb53cb1df071ee53d31f4a281f333c3b2771dfaf5ff8865cd9ad543,"84,40","69,48",23
size100_large_block_seed120560763,100,large_block,120560763,0.4,7340ab2097cdb81787fd163313c8e03916c5f29353ef19a1dfc6f3859ec17be0,"81,95","17,87",72
size100_large_block_seed120560764,100,large_block,120560764,0.1,beed2e1a2a073556ee77728b2a9db3ce01603f62b6c68ef3c129c7424f68b896,"81,0","9,88",160
size100_large_block_seed120560765,100,large_block,120560765,0.2,a0aa775290aa838218edef83e72dcbb5881f4b5213be19d88c0c874916a01887,"90,80","17,70",93
size100_large_block_seed120560766,100,large_block,120560766,0.3,c7d793fa0729d5c5594acdddac315e3c4650894b890919c285f19821c9f84833,"86,87","97,65",33
size100_large_block_seed120560767,100,large_block,120560767,0.4,7ebfe38c50aa613d0c6024bfb2d49a2a14b4beafc323068de76924dfc4d2c280,"58,21","99,97",117
size100_large_block_seed120560768,100,large_block,120560768,0.1,216d782b3364110247f988db44b43479a42926c3cca70758c0a79903a414a937,"7,49","83,12",113
size100_large_block_seed120560769,100,large_block,120560769,0.2,e803d7bd26c39ddc8fdb7f66f2b8a401d4d8e8c6703866acab31c1024ab6620b,"48,17","7,12",46
size100_large_block_seed120560770,100,large_block,120560770,0.3,6b91a7ad1dbc4ee84114e7a9cb5b9a79697366798ffd56c430ac015c4f56b3bb,"13,82","21,12",78
size100_large_block_seed120560771,100,large_block,120560771,0.4,8def99b1c3e1922415626fb61177dde43e219726f969562b57b3c25677a381d5,"21,42","4,43",18
size100_large_block_seed120560772,100,large_block,120560772,0.1,10360d6c39b4a69455cba2b91c90cb15fc88970f2fc0e18ab6764bcfc89fc358,"87,86","7,66",100
size100_large_block_seed120560773,100,large_block,120560773,0.2,fdd65d5d0c7e21ed3ef6ee8cc4d33a865e1d1a57798c289c589fe53a67716942,"7,97","19,61",48
size100_large_block_seed120560774,100,large_block,120560774,0.3,ed3794f72b3df6095f1daafeeddfb5a05d8882182d566c6da519dca677c1523e,"63,1","63,27",26
size100_large_block_seed120560775,100,large_block,120560775,0.4,42fbd0371060a2cbbeb20af9306a6a2626184299e87ace8cba28665cf83598b6,"88,58","7,52",157
size100_large_block_seed120560776,100,large_block,120560776,0.1,abc48b4193669a4ef388b6ea394a01d18298bb02d206a2e631c716eda633e243,"23,48","50,86",65
size100_large_block_seed120560777,100,large_block,120560777,0.2,8f8f0d11418f1028efd8bf7e2ed6f5c72066791ce9dfdba6ddc0d2710cff02fa,"31,82","70,75",46
size100_large_block_seed120560778,100,large_block,120560778,0.3,0ad85ebd9014e1298b26e7fc2a8a567ed1de5f5bb15f81a92481b98596d470ad,"71,46","97,49",29
size100_large_block_seed120560779,100,large_block,120560779,0.4,622c4d07a9d2179648fcc5832d7becd64f10b29887df3d8b5b8a6825c3d055e0,"72,68","4,35",101
size100_large_block_seed120560780,100,large_block,120560780,0.1,c9a656c2be420c4909e3d5ba23ba807c036ad6eb902aa02f1c67423e8b733ef8,"54,11","5,8",52
size100_large_block_seed120560781,100,large_block,120560781,0.2,8632a2bffa813aa920a279579aba95b630bad74306a93838596fb5c48ed25fd1,"2,68","86,87",103
size100_large_block_seed120560782,100,large_block,120560782,0.3,c3ac5306c4c07b56a5eb0a11393d45a9b4074dd2cf558b8981c95abd1b5d6db3,"85,41","71,67",40
size100_large_block_seed120560783,100,large_block,120560783,0.4,9d0a89df1b76ac053302a3d4833ba530dcb053d78baf82ab72a1448762ea5559,"0,50","2,69",21
size100_large_block_seed120560784,100,large_block,120560784,0.1,58b275528b69b7d31f51a6a6996a56d32c15c30891f8e5561492886acd92fb88,"59,22","47,86",76
size100_large_block_seed120560785,100,large_block,120560785,0.2,e5fe94b6fde6ef2c642a65db541b14ecc2f48ebef52a8164e98bfaa0216cb50d,"97,28","4,71",136
size100_large_block_seed120560786,100,large_block,120560786,0.3,696e271c33d3ce8392f695b6fd067920da4373e35be98321a554479c6cbb27a5,"9,81","29,10",91
size100_large_block_seed120560787,100,large_block,120560787,0.4,61ea44e7b4eb6acdb68420e5492473cf4657c8c58324d0709a1f6b338e3b2e27,"87,40","59,21",91
size100_large_block_seed120560788,100,large_block,120560788,0.1,94620c6c2dbef109ae1bd8541b2c5e1740a61b31d827bff6ca866b54e6fd21b7,"7,86","70,2",147
size100_large_block_seed120560789,100,large_block,120560789,0.2,35fd007aaacf1970e7d0d7efa2a8a94c253581e96652aeee465981b3e7c32f30,"24,80","75,70",61
size100_large_block_seed120560790,100,large_block,120560790,0.3,aa781d44819edd87158480ec44d5d20cbf71be627508bfd8c061bc310c2ac5fb,"19,93","40,35",79
size100_large_block_seed120560791,100,large_block,120560791,0.4,af255fecb5f0822eb61d2636b4911469041dbcc3e744df81ea252f8a1e596fc3,"80,44","24,20",80
size100_large_block_seed120560792,100,large_block,120560792,0.1,b0457f1654bf8f0c36dfe3d3300503593d1d24ba532e9e7b9b69d832d780ca82,"42,50","79,20",67
size100_large_block_seed120560793,100,large_block,120560793,0.2,60d645c17b94aef8310b1675c3ef8901ee58d5bfcc6a784259c4f7692b07aafe,"41,63","88,73",57
size100_large_block_seed120560794,100,large_block,120560794,0.3,c353515b5bc3db3c9d6a9711d93cbaa24b64392ad7a9ef08a4040bbec548ab22,"92,96","52,5",131
size100_large_block_seed120560795,100,large_block,120560795,0.4,92ace414056112f46c36797e77f9db4cf876efd1d0a7e2f6104a525aacfcd35f,"58,60","53,7",60
size100_large_block_seed120560796,100,large_block,120560796,0.1,ef5357f1e0c9883ee2ba796a587c519ef54ff7c4c9bc96d575e716c1f4bd7822,"32,97","71,66",70
size100_large_block_seed120560797,100,large_block,120560797,0.2,4fe44147985c86c103e6b67c5396cf0f2e06ad781bd11eaebde10050eb731851,"71,17","16,36",74
size100_large_block_seed120560798,100,large_block,120560798,0.3,5309f06d460b031018a085f6fa707e8e015ba0edc3e1f76403b77f974264e28e,"44,38","88,38",44
size100_large_block_seed120560799,100,large_block,120560799,0.4,ad7f568d2b4bee17dcbcacd0c6bbf2726e23ffa229dc04f27d7307783faec819,"73,0","0,95",168
size100_large_block_seed120560800,100,large_block,120560800,0.1,9466102e1838a99458bf14016fbf6f983758299571be742d60ec58df41eae60d,"81,78","95,70",22
size100_large_block_seed120560801,100,large_block,120560801,0.2,7ff5db252e0891fcc13744211f17d779194aa9a4ee5d6f5650f85d0827d4180a,"65,9","26,30",60
size100_large_block_seed120560802,100,large_block,120560802,0.3,034304e2e9d83e4717c079d31f0ebb51bb63b2e38cc231c66ccad89b6d5c0f94,"23,98","12,71",38
size100_large_block_seed120560803,100,large_block,120560803,0.4,8e3539fa62f487e9b66878a5fdca4154fc3b7fd136c839046b057f57e7270285,"28,89","98,2",157
size100_large_block_seed120560804,100,large_block,120560804,0.1,7fd162fd49fca5e3798f92769a1c691403e420b5183021290a5e8145db1a91b8,"58,22","14,25",53
size100_large_block_seed120560805,100,large_block,120560805,0.2,364b2300a77ec078514c663ccc4ec58b9abb91cacb9fc0d66312588bf8f08560,"19,58","91,39",91
size100_large_block_seed120560806,100,large_block,120560806,0.3,3530a1829c9fe609900415f960841c1d4bc813819f2892a9d11f6e3e607633b0,"85,26","20,14",105
size100_large_block_seed120560807,100,large_block,120560807,0.4,7bcd37e26e8e5acd5c09ab2d6890c8006fbe1535fdfbc23ac40847a41a3bb052,"65,25","42,83",81
size100_large_block_seed120560808,100,large_block,120560808,0.1,083a82f678d7e84e7995b74d5a5d4901f93f02869caaf327dcf769765e045e68,"46,19","27,78",80
size100_large_block_seed120560809,100,large_block,120560809,0.2,1389fa238b79f88afca8f5f15eaf4ee428b8482ea65c21ec91f988b34781a40c,"80,75","90,0",85
size100_large_block_seed120560810,100,large_block,120560810,0.3,24163f16a3f9204a36dcc6f3308e2ccac6e8537948702fd1fd130867025ed162,"15,59","24,88",38
size100_large_block_seed120560811,100,large_block,120560811,0.4,d53ff6a73e4a1c8b2124e3958481dec56d435f61ba8a4a47822c85243a3461a6,"82,7","36,87",126
size100_large_block_seed120560812,100,large_block,120560812,0.1,be702965151db1d34be73123bef0337f85795c35dffd2494e83344c2d22e301a,"64,22","32,66",76
size100_large_block_seed120560813,100,large_block,120560813,0.2,796a741b741ae5068d93c0c469c8bfb0114c165cb48ea9acb54cec09b30b4e3d,"67,52","15,51",55
size100_large_block_seed120560814,100,large_block,120560814,0.3,0c3d38aba74eb4a39cc552a4cf02583621e20d798a2ee8a09e13563f0869d4ee,"4,77","66,11",128
size100_large_block_seed120560815,100,large_block,120560815,0.4,3e46ca6645c0727fbed8453197d58f3107d2c1999727364e43db5d1c532be151,"98,9","27,9",71
size100_large_block_seed120560816,100,large_block,120560816,0.1,df02479789cfee8f353fac41cea18ec2aa671f512f3588ee863c7f6f1bde1039,"99,36","66,51",48
size100_large_block_seed120560817,100,large_block,120560817,0.2,439675bb3d8cbd8294f110176fbce019c5feb53932cfc8cc7506c109f5e69e70,"35,43","48,44",14
size100_large_block_seed120560818,100,large_block,120560818,0.3,e9e8cf56e45a22e9184385662a22d89b26c75de99bb113d4d34efb8f712fcc62,"43,90","44,96",7
size100_large_block_seed120560819,100,large_block,120560819,0.4,19956c368881a03d4ce7119e593b063d8b5081d8fccb440d6bb97d935c291588,"76,21","93,16",22
size100_large_block_seed120560820,100,large_block,120560820,0.1,0fa5eb33fa1e31b2115d0b931f1ffa70d0bebd1447a2bf66562521fb12b3ab00,"61,5","0,1",65
size100_large_block_seed120560821,100,large_block,120560821,0.2,32e9a171f206fba5aadc5f35f7c91aac90f0529ee2fee189a5c55f89c6087f99,"79,96","46,43",86
size100_large_block_seed120560822,100,large_block,120560822,0.3,31269a00fa79b9eea2582596214e38f197e2880072fd50b3bcb2c2a589372358,"65,19","94,45",55
size100_large_block_seed120560823,100,large_block,120560823,0.4,0a113ccbc985dadd24c6cb7becb8e98dd5da4f909f41074e8c46a4410e9fe4b0,"50,23","47,9",17
size100_large_block_seed120560824,100,large_block,120560824,0.1,3f8a13ba313749a95e0d6cd4fbf65e1a3ff16b883875455742079db86f96f00c,"88,54","40,69",63
size100_large_block_seed120560825,100,large_block,120560825,0.2,d20d92d2d9e03e3e6e7f74ac67acca5da1c3d54c514c51e5049826566072b64f,"76,17","51,42",50
size100_large_block_seed120560826,100,large_block,120560826,0.3,f94322d5d03475175ba64b5f446c03c6222e034285bd3570e891ba067e5edf76,"15,4","30,98",109
size100_large_block_seed120560827,100,large_block,120560827,0.4,cb5a17578cd1571d6b48761f2540a16623a7706cb0993ab7e8eee68448f25b28,"82,75","61,66",78
size100_narrow_corridor_seed120660728,100,narrow_corridor,120660728,0.1,fdbfa4f187786b32f5e84c21c746bc71ed052866bc37c5efbf9db99ce7d6f57c,"87,9","35,88",131
size100_narrow_corridor_seed120660729,100,narrow_corridor,120660729,0.2,5aaa8b5cb04763819ab37418b12eb08fd5dc5af6ef6f17c83d86c64565ca3149,"98,84","1,96",109
size100_narrow_corridor_seed120660730,100,narrow_corridor,120660730,0.3,e6aff4a291c4e9ca229eb7074681d60a95d70e76474de6a2eb215fd95e7bafbd,"52,79","61,77",11
size100_narrow_corridor_seed120660731,100,narrow_corridor,120660731,0.4,0429f9febb1b899243758f2f5beee0bd1817fb9bf109ea665bad4b70e48f1281,"78,7","98,8",21
size100_narrow_corridor_seed120660732,100,narrow_corridor,120660732,0.1,799fd1aa34c9d7a1a168036414ffe02b9bf04ab87eee049cd0aa5bb39ff27899,"55,77","80,75",27
size100_narrow_corridor_seed120660733,100,narrow_corridor,120660733,0.2,c732eefb54b50b66dabe9830690efc0a0eddd6a976580fcbee1518d68a3d5649,"57,70","41,81",27
size100_narrow_corridor_seed120660734,100,narrow_corridor,120660734,0.3,1d05e28d798e9d444cfe483ea270809043fd8cafb63d74882ea0f6429d13c27a,"71,2","80,88",153
size100_narrow_corridor_seed120660735,100,narrow_corridor,120660735,0.4,afcb6742c03edf47ec2f99dbaee76a22ce85be4cae43c4645aa03d98ccac85b3,"91,22","63,76",120
size100_narrow_corridor_seed120660736,100,narrow_corridor,120660736,0.1,b1530514d77eeba4edbc09ab3df34da5362249611986e8f38d3050bc59fbefa5,"17,1","44,98",158
size100_narrow_corridor_seed120660737,100,narrow_corridor,120660737,0.2,ec9830e247a3c4004ba2070e29f6777cfa73602ae8883d5aa3f9c94b9ee0de48,"17,27","36,12",34
size100_narrow_corridor_seed120660738,100,narrow_corridor,120660738,0.3,855c559b2ce623fa839e20591419fdd8413be4c195aaa103ca3cef7a4cdf61c4,"12,95","62,95",50
size100_narrow_corridor_seed120660739,100,narrow_corridor,120660739,0.4,8b8a72cbb79352ffdfdb39c51d747f45c3a9a23b2e3895a6e089501c61fa3086,"36,83","84,29",102
size100_narrow_corridor_seed120660740,100,narrow_corridor,120660740,0.1,f87740e009e18147a49b363b42a498fcce1ac9cd874f71ea39cc01b0047c876b,"27,78","52,87",34
size100_narrow_corridor_seed120660741,100,narrow_corridor,120660741,0.2,8f25df330bf8401771c0e5628d5de6bb212e21ddde8404ba11d9a125249507f7,"82,10","79,17",10
size100_narrow_corridor_seed120660742,100,narrow_corridor,120660742,0.3,05353d8c5f74dbdc32948e6a17750eaf09138178d7cc6fb9fa44e7331e6c041d,"10,19","32,8",33
size100_narrow_corridor_seed120660743,100,narrow_corridor,120660743,0.4,3bd9e48694a3cc7ae655b752ae1e1ebbf4de1e3fd80ea5b7b1fc389f17d5f879,"85,25","47,91",104
size100_narrow_corridor_seed120660744,100,narrow_corridor,120660744,0.1,dc26f49198d8845028b55518acde65c413f7db7b75e091dace841d63b5fe3ec7,"98,12","18,96",164
size100_narrow_corridor_seed120660745,100,narrow_corridor,120660745,0.2,b0ef75635b59e231aed46b397c7da86368de42e92aa45c9615f93545b4bc24de,"50,70","94,90",64
size100_narrow_corridor_seed120660746,100,narrow_corridor,120660746,0.3,2076a8584a971bf4bab4a12d617cba5b6eefb43f61ac69e470b953baaa2722d9,"56,14","71,16",17
size100_narrow_corridor_seed120660747,100,narrow_corridor,120660747,0.4,3ccc261f1bc5aa2ba68fcf40a87aab19beb125468fdc1b49691bd5f98e21a149,"26,22","29,14",11
size100_narrow_corridor_seed120660748,100,narrow_corridor,120660748,0.1,ea44ca4641576da2999d8e439d3a423920d2825d0deb2655720df88be4bd3edd,"64,30","77,76",107
size100_narrow_corridor_seed120660749,100,narrow_corridor,120660749,0.2,d4f356c4f5e539af64c4d7974c087d393de876b5b668f47df679e7d1f90e6bac,"69,12","92,30",41
size100_narrow_corridor_seed120660750,100,narrow_corridor,120660750,0.3,236e563482d49415918981e7a48c02b66a6c1531fe1f64cf2e8488565d50ba48,"50,83","48,9",112
size100_narrow_corridor_seed120660751,100,narrow_corridor,120660751,0.4,2497af2203403c07af1d3ac193640cbff2716b4f05b73df02e5c4bd47bd1492b,"13,80","68,6",129
size100_narrow_corridor_seed120660752,100,narrow_corridor,120660752,0.1,34adc8590228d804752aca7e9d57b8263e49310277b019bcc828158a23d8f5a7,"23,91","86,82",72
size100_narrow_corridor_seed120660753,100,narrow_corridor,120660753,0.2,9f9b2b5e3b69299bb252df6fd5c5c800e84c17ac9a9526614699be89c642f24a,"60,94","90,8",116
size100_narrow_corridor_seed120660754,100,narrow_corridor,120660754,0.3,996f8c0355896246f21d8c160a4a713d6043013e2e3bf1be28f8347f22a62b9f,"57,32","77,93",81
size100_narrow_corridor_seed120660755,100,narrow_corridor,120660755,0.4,b93de0f40203f06eb8c2757057ec96355289c4224c76ae94001bbb5cd5848dce,"18,8","11,31",30
size100_narrow_corridor_seed120660756,100,narrow_corridor,120660756,0.1,71fe95ae000cd52dec17d5e0e788d5d1deb0c632a023f4a86d607c73dd452442,"1,16","41,93",117
size100_narrow_corridor_seed120660757,100,narrow_corridor,120660757,0.2,f67170f17960b804988d7065d23e2678a9894227a2eb0eefab41e82fd12f47cd,"32,81","42,81",10
size100_narrow_corridor_seed120660758,100,narrow_corridor,120660758,0.3,b7d0b7c5abea4f52f822d5e9eb0ca76f81c9f67a342fb1a74cc55653365d5fb4,"78,75","58,25",70
size100_narrow_corridor_seed120660759,100,narrow_corridor,120660759,0.4,317da465ea4f3bae684703a0a65ba0482b5ef9763c410ed75703152ea05e057f,"32,15","20,94",171
size100_narrow_corridor_seed120660760,100,narrow_corridor,120660760,0.1,dbce7938d994241793f2a9ee846d9b20321bfc0e504738f291d60e68776398e5,"17,13","90,68",128
size100_narrow_corridor_seed120660761,100,narrow_corridor,120660761,0.2,119843b5dd50128addef92beedf304970908de6fb40d52548fecea0a6931da91,"51,24","13,28",42
size100_narrow_corridor_seed120660762,100,narrow_corridor,120660762,0.3,9c9a8c88251111540baa73e090a3282a05eca67b060c78e78ac43f52d289a0a6,"8,98","75,20",145
size100_narrow_corridor_seed120660763,100,narrow_corridor,120660763,0.4,3d004d0d3e67d4c62f8757630de80e435a35829eca3f513d82e2cd3f600f6fb0,"13,22","29,9",29
size100_narrow_corridor_seed120660764,100,narrow_corridor,120660764,0.1,4abcd337fa7d062fc2fea718cc744e38a44a6803e30aa181766b202189c95868,"56,22","92,7",51
size100_narrow_corridor_seed120660765,100,narrow_corridor,120660765,0.2,945bb734278ebecf76b81c59df0206bbbf735d4f974a5121f56490fbbae1e226,"15,88","37,8",172
size100_narrow_corridor_seed120660766,100,narrow_corridor,120660766,0.3,e60b386047d65d872a443b62b7ae1f52c80bdb853a22f1e2523426e8c26a4a0f,"51,68","5,96",74
size100_narrow_corridor_seed120660767,100,narrow_corridor,120660767,0.4,a720030520b8849d9ca79a086de128b76b53bf328f30ca3ab5900380276045b4,"19,82","33,22",126
size100_narrow_corridor_seed120660768,100,narrow_corridor,120660768,0.1,4ab1ef8937b0dd7f98000bac7464a72d8e8bcafe2aa85b93d3b8c11e5d1d744e,"62,3","44,88",129
size100_narrow_corridor_seed120660769,100,narrow_corridor,120660769,0.2,1df1342c74a86dc818b96a60f9f7d64cbef006a3b374da33a3d49b1fcb0f29bc,"88,23","42,74",97
size100_narrow_corridor_seed120660770,100,narrow_corridor,120660770,0.3,0e3e506d6f820bbc0f4fe5cdc56b112ef7eacf3cc88eff68400b114a9dcb366c,"23,14","36,97",142
size100_narrow_corridor_seed120660771,100,narrow_corridor,120660771,0.4,6ca76b645e85d6ee11751bc79c4229f065d77f50b137a2a6646aa4ef29d1607c,"7,96","17,86",20
size100_narrow_corridor_seed120660772,100,narrow_corridor,120660772,0.1,99063458434da5e079a15a805f7fe111d3fdd8654de75936755cdce3431c7562,"19,82","72,98",69
size100_narrow_corridor_seed120660773,100,narrow_corridor,120660773,0.2,e71887117d0f4491c656ba2e5ce1e612921103b212300c8ef0dd1c2c0e29d195,"95,68","87,31",137
size100_narrow_corridor_seed120660774,100,narrow_corridor,120660774,0.3,11beac5d2d03e7c23721e45018ba9be73d2d5775045a455b8757b6e36454f3a5,"24,18","72,1",65
size100_narrow_corridor_seed120660775,100,narrow_corridor,120660775,0.4,edcd621fe8dfb3fa2199e1620c5284098b009895b9d381b07e353cf90c6f18cf,"94,25","58,26",39
size100_narrow_corridor_seed120660776,100,narrow_corridor,120660776,0.1,0dddee1445ae6bae4e23567744203796cacbcc2a0bb2c452ba905dc172a5f7dd,"37,68","93,80",68
size100_narrow_corridor_seed120660777,100,narrow_corridor,120660777,0.2,fe43ac798df027373ab5b637c8a657efd7b7897f04e9e0c5bb524508bf16f21c,"84,78","22,15",125
size100_narrow_corridor_seed120660778,100,narrow_corridor,120660778,0.3,9c3748c3f07dd78393ab63dc50a96e640d98d04c12f5045b7bfe4e57df5f2df1,"45,82","14,13",160
size100_narrow_corridor_seed120660779,100,narrow_corridor,120660779,0.4,6646f1d3a66b291a084865da0f2079a22cd566c8841f8211d3385a0812805378,"92,80","14,28",130
size100_narrow_corridor_seed120660780,100,narrow_corridor,120660780,0.1,e8f6d1323b4b30c99decc3ad09b46d1954ed0f721e736234243c46ae8a44532f,"24,86","30,30",86
size100_narrow_corridor_seed120660781,100,narrow_corridor,120660781,0.2,443665415a6bc6ed411842e75ef3f8568ec42325601a0a045f506245226cad6c,"88,75","58,32",129
size100_narrow_corridor_seed120660782,100,narrow_corridor,120660782,0.3,68474d0aa8f1d0b49fe69f70a58da77a21f195e27cf50a2bd586faae5b085945,"5,90","3,89",3
size100_narrow_corridor_seed120660783,100,narrow_corridor,120660783,0.4,fb9e32a79f7214ddcdb4f3c4d13b4b051dbba204022de85da8ddce0ecbab52b9,"53,77","40,82",18
size100_narrow_corridor_seed120660784,100,narrow_corridor,120660784,0.1,439a80c89cc925fbd3a614ce50b36420497b53d0e7fb96fa1ecac1cb3fbbe4c3,"26,7","54,24",45
size100_narrow_corridor_seed120660785,100,narrow_corridor,120660785,0.2,89418bcf9b9904ac1a603623b0ac222a1dbedaf24eb3a681a7fe4340a8fc6255,"3,19","68,79",125
size100_narrow_corridor_seed120660786,100,narrow_corridor,120660786,0.3,792587c7cf58615c3ebebaf8f00f2c0ca73e9dd54ad22f26cd0a74adcdf5ce80,"28,4","80,15",63
size100_narrow_corridor_seed120660787,100,narrow_corridor,120660787,0.4,275815d3bfac55d5b56a5d00ef1d8fec18e63f47d8c7ee5ec85a262cbb1b5b12,"54,91","36,90",21
size100_narrow_corridor_seed120660788,100,narrow_corridor,120660788,0.1,212592b37f6e409603273418f6ef126b564730a8d5a4e38cd21456a55c8b7d5f,"94,6","51,91",128
size100_narrow_corridor_seed120660789,100,narrow_corridor,120660789,0.2,c5bb1c4a7c4916f110b157ba897f68234fa6d5745681b97f5460b708dfc53fb0,"53,91","72,15",111
size100_narrow_corridor_seed120660790,100,narrow_corridor,120660790,0.3,3e4b437129d7609d968b3a8f49c3212e697a41cc827005500db72fee57dfe118,"57,30","71,81",77
size100_narrow_corridor_seed120660791,100,narrow_corridor,120660791,0.4,8057d2de7448fcc3f4d2c77c4cae7d85540304e1a11a45ab4cf10b3fad258d5d,"46,66","88,83",59
size100_narrow_corridor_seed120660792,100,narrow_corridor,120660792,0.1,1e52d013cdfa6dcd20e13beb5ef7c6b5d2c61183aff0cf1b147403a12b248ecf,"23,29","76,2",80
size100_narrow_corridor_seed120660793,100,narrow_corridor,120660793,0.2,f513f2759df35f46c46dc5b254138200a68d16d9b68e3638e9d823893e5af78b,"60,6","77,77",92
size100_narrow_corridor_seed120660794,100,narrow_corridor,120660794,0.3,cd1fd26455bfa328a6e0301a3bffdba94c867d967af585fb0daa1d5cac82c169,"21,95","33,22",125
size100_narrow_corridor_seed120660795,100,narrow_corridor,120660795,0.4,561ef20bd1ba9cc55e312ab801c40977cf7764f5ea3c1e4539292b5132c6840f,"60,92","65,73",24
size100_narrow_corridor_seed120660796,100,narrow_corridor,120660796,0.1,38f1c20c7483d4c3b3c394f4b7ddb741a9303a638a5a2fcbc150283a15c481ae,"76,24","55,89",138
size100_narrow_corridor_seed120660797,100,narrow_corridor,120660797,0.2,ebc09a12909c6e4de381b3077b61ff4c94f5178059acbbfd6b41770241889083,"31,75","73,23",96
size100_narrow_corridor_seed120660798,100,narrow_corridor,120660798,0.3,c1fe62f86c77271ee5d00719e75eaf2ddb8357750e1f287c60f25073e379db48,"92,91","56,71",56
size100_narrow_corridor_seed120660799,100,narrow_corridor,120660799,0.4,e4ccd78a88a6b47b8be3ed285679466bf9a450b5a36a5e00f4e19cc67605c118,"8,88","41,67",54
size100_narrow_corridor_seed120660800,100,narrow_corridor,120660800,0.1,d024afa68c73023ea03da6a754481b68534301a617a3aa8d2acef01cec71ad42,"62,89","27,22",104
size100_narrow_corridor_seed120660801,100,narrow_corridor,120660801,0.2,2bda5fc1e4b140a987a6d4cb56ea8bcf4bcba31d6a5d0f418e54009fa2589e1a,"56,87","62,66",27
size100_narrow_corridor_seed120660802,100,narrow_corridor,120660802,0.3,d48247e5dee87c538ccf0375145bd8488554297d048a5e945a8a4ad460c4117a,"35,77","94,81",63
size100_narrow_corridor_seed120660803,100,narrow_corridor,120660803,0.4,3e8c5c04a0cc6c5eca7d49936d2ca933a0cbdc5a72c6404e07b7abcaef5f0508,"84,18","37,22",51
size100_narrow_corridor_seed120660804,100,narrow_corridor,120660804,0.1,f50e103062d59a96c017ce22e049ea0118b79ea9d44867efbc23056db8e33733,"1,30","65,71",107
size100_narrow_corridor_seed120660805,100,narrow_corridor,120660805,0.2,eb179fe733cfa75b7038dc1dd3b432801f246993365632b0568328cf452136cf,"19,27","98,91",143
size100_narrow_corridor_seed120660806,100,narrow_corridor,120660806,0.3,cbf6c9f6305a1a010d0e038e6f1e91d0462f04562872edab8e0d1790b03e8d38,"5,2","63,83",139
size100_narrow_corridor_seed120660807,100,narrow_corridor,120660807,0.4,319df3239c1ed0f1817f9368bb22f5c35d32df76b01e22e36492802997ac157b,"35,13","16,31",37
size100_narrow_corridor_seed120660808,100,narrow_corridor,120660808,0.1,7ab381100798ff4e44c924a0f53deec923ba0b591cd3a3b3df2a76ac1c80bc12,"48,22","13,73",124
size100_narrow_corridor_seed120660809,100,narrow_corridor,120660809,0.2,cb0147a155718bb99457174e58c582b50a0804a79eea3d1fe450fa7ce6d0df5f,"85,72","28,11",118
size100_narrow_corridor_seed120660810,100,narrow_corridor,120660810,0.3,c65aa8ef866870c1e91e70e84ffdc4a3707104f879d5fa454d7298d4bf027b77,"1,73","76,15",133
size100_narrow_corridor_seed120660811,100,narrow_corridor,120660811,0.4,607729b09475ceed74595fa4a228046db4a20edb0b5fc9064bffd9daf3b7bdd7,"8,95","21,88",20
size100_narrow_corridor_seed120660812,100,narrow_corridor,120660812,0.1,15528106f56898eb26d4e6e46ecedc570e932b697cb3a3c9c493bc34d3473b9e,"75,83","34,66",58
size100_narrow_corridor_seed120660813,100,narrow_corridor,120660813,0.2,b839cbe0f26a6f4cc4757849d626b72eaaaba16c2b3fb5979fc3d0ce8a8117d2,"59,14","16,76",105
size100_narrow_corridor_seed120660814,100,narrow_corridor,120660814,0.3,4356d8d450cb0caf747b8309f9f3ef5adb7953f602e28135cf8f9bd5a7b0cb1f,"53,2","68,78",105
size100_narrow_corridor_seed120660815,100,narrow_corridor,120660815,0.4,79e53eae092d458dd62f4aa5dd53a03822c20fd00be8ab6d9ac3563d55aca130,"40,15","7,73",137
size100_narrow_corridor_seed120660816,100,narrow_corridor,120660816,0.1,30ff791ee92eac7fbc1e75d32b2f8453f47583e3352d543a8691002b8d857f34,"82,67","37,2",110
size100_narrow_corridor_seed120660817,100,narrow_corridor,120660817,0.2,e81f801bf4e5af4e88ca4fadbf47f3c39193092645a6ab446fe8bab2c4109685,"75,81","17,88",65
size100_narrow_corridor_seed120660818,100,narrow_corridor,120660818,0.3,2fab0e2647fb3abb5845bdc7082f4685bcb2519aba15ffc7a32fb6926405f022,"24,31","56,86",97
size100_narrow_corridor_seed120660819,100,narrow_corridor,120660819,0.4,e87a869ab6818f4fb5a67c7ef00ee2f4e366aba60d2cca85c3c3c35545a0da14,"47,19","71,81",86
size100_narrow_corridor_seed120660820,100,narrow_corridor,120660820,0.1,4d0b33ed8f8d0659f60ed441f736a2b3fbb025d52d0d785bed1660e580fce09a,"12,4","44,22",50
size100_narrow_corridor_seed120660821,100,narrow_corridor,120660821,0.2,6fbc6a3b16364d6353883d98984da614f722b9a9914ced41ce21ea1b2938e81f,"85,22","12,15",80
size100_narrow_corridor_seed120660822,100,narrow_corridor,120660822,0.3,af3c3274acf33f81ea048c56374d6b130f1ec3280ca9a1c87b022280a0421ed5,"43,90","37,18",78
size100_narrow_corridor_seed120660823,100,narrow_corridor,120660823,0.4,1952dce754644852a1e78236bae654ca83a9d409686ac18db153df7258f44c11,"64,31","6,3",86
size100_narrow_corridor_seed120660824,100,narrow_corridor,120660824,0.1,8bc1209b6beafb11afb11ced8aadff0101cd58c8d370c43d1c0f7f4264d78f79,"32,21","94,97",138
size100_narrow_corridor_seed120660825,100,narrow_corridor,120660825,0.2,85407de39d0a225dbeb6504cbcbaabd200cc54b5169ba5d55412d874d5384d78,"95,5","71,8",27
size100_narrow_corridor_seed120660826,100,narrow_corridor,120660826,0.3,b60d16435a7a63960b0bf729d990679ec8fd9f2c7376569732bed95dd29201c5,"75,93","72,68",28
size100_narrow_corridor_seed120660827,100,narrow_corridor,120660827,0.4,1a07b1435edb9f0f6e1bfb3c948c24ab6eeb6b2498d11b42ad30690f21b6841a,"76,81","30,11",116
size500_open_random_seed520260728,500,open_random,520260728,0.1,2d24e4114309ade5ca5068f6a4b5cc413bd9300254b307aa07f0e46e5b13c339,"222,90","342,44",166
size500_open_random_seed520260729,500,open_random,520260729,0.2,ccf4d491d2d06c9e90afb73d076180ad9cd2f6d661bb9c47ad63403c24d3e27e,"61,397","482,303",521
size500_open_random_seed520260730,500,open_random,520260730,0.3,eca084a955702ae4c3b6f5029f0af55a258e6e7d67361421617e8c472b340659,"138,128","178,387",351
size500_open_random_seed520260731,500,open_random,520260731,0.4,24c7b56e79d547c9d6cda2f7e448fa9f6d333122f3d012cffe4d7cc5d085e3ea,"376,249","467,267",197
size500_open_random_seed520260732,500,open_random,520260732,0.1,24ba4525ce8386883534062f33a29ab520ce1b2596f07879bec93f22a696f890,"137,412","97,369",83
size500_open_random_seed520260733,500,open_random,520260733,0.2,c40acf9b223ba5b946632f23d496167cb5d4a15e570be63dd28e66bf20146f3a,"108,42","275,439",564
size500_open_random_seed520260734,500,open_random,520260734,0.3,3b3e9667717547669ffb602c009c4a93983dc8a969ae2fda6df39d7bb7b62069,"450,192","206,111",361
size500_open_random_seed520260735,500,open_random,520260735,0.4,1e24ac0d083c568bd8d7877c08f0dece236dba8dc0582bdafb3ce8a517dd55ae,"379,59","210,246",618
size500_open_random_seed520260736,500,open_random,520260736,0.1,001555df0b3927bcbd88fe8450f78d2053f00669b22dfbd164fa37bbbabc8b7c,"267,422","73,459",231
size500_open_random_seed520260737,500,open_random,520260737,0.2,6f13c9622e3292659470255e4d66bd96d6ad816d72ee3050c843b9230f99af85,"400,269","126,453",458
size500_open_random_seed520260738,500,open_random,520260738,0.3,eccadc90f577c4416be06c651250b38626605f59c261b2bcea7cc2c14143e973,"21,435","313,409",392
size500_open_random_seed520260739,500,open_random,520260739,0.4,df080f03d1597935b135cd73487894b02453c1bfa15134b08b01d9eab9c851cb,"107,211","111,212",5
size500_open_random_seed520260740,500,open_random,520260740,0.1,9b331cd6c76ba6c9d487e30979e5c790f453a2099406e2dfbc86fe7650b6a01f,"117,296","195,21",353
size500_open_random_seed520260741,500,open_random,520260741,0.2,df6272fc67a029ab378be90c3ff6b03bfd2660d4dbfb6c2e4c62baf6432d3506,"219,48","207,210",192
size500_open_random_seed520260742,500,open_random,520260742,0.3,83d8df87e19a1dcf7da97388ebd214e91dc36aca6690d9e5493b3c5063174144,"371,487","213,139",522
size500_open_random_seed520260743,500,open_random,520260743,0.4,44a9a646ffa4d275d4cd9dd355e3f9aeaea1f1f1bba6c898afda39185e6639bf,"169,436","277,157",699
size500_open_random_seed520260744,500,open_random,520260744,0.1,11113b92448ec78f24b733d21c47324bcd3d5e54e369a056783a30524d742f5a,"91,15","445,415",754
size500_open_random_seed520260745,500,open_random,520260745,0.2,91fb23fd60be8519337335be078911dd79c48be5f3e823d40598e0d3a5175258,"128,317","1,488",298
size500_open_random_seed520260746,500,open_random,520260746,0.3,b19e0b0a203d22e04340a5e95f980e59ada121dfdb5d2187717a7aa761eec50e,"256,356","173,193",258
size500_open_random_seed520260747,500,open_random,520260747,0.4,ae4d502372754b54564319a1d73b9d06f8a7e040b4efdc16931ab44975319628,"302,127","399,338",666
size500_open_random_seed520260748,500,open_random,520260748,0.1,a23f4eea2d945a418a0e823c6dec28a26e49d12375c9d3940c212c6928d1d30e,"315,55","162,116",214
size500_open_random_seed520260749,500,open_random,520260749,0.2,418237b7aaba9900946fd61bb3fcad35a08d00c9dd8fa8b9dd2f90d6d21cf39e,"434,386","499,354",99
size500_open_random_seed520260750,500,open_random,520260750,0.3,9a51d3ee554ab668cc736fa322edc51926dc4e0333fe74439346f1d8057ed790,"92,439","82,275",230
size500_open_random_seed520260751,500,open_random,520260751,0.4,0206c787b06bfb706ac830d268331f5f010658e7f32584dc7f8320e442d4530a,"244,287","478,333",522
size500_open_random_seed520260752,500,open_random,520260752,0.1,117e162a6536df23cc766bff8ca1a9d8e699ee97128db29a7fecc6c3a8b4ead2,"393,114","415,245",153
size500_open_random_seed520260753,500,open_random,520260753,0.2,1ac5fe32aede3eb51ef7a4197a5661598ea3013abcb54aefec899a1cd0dffc2a,"145,336","468,7",654
size500_open_random_seed520260754,500,open_random,520260754,0.3,7e3717d8e3d4795e7506d2bc75b7da3a31e620024e79003186608723d4c89702,"290,242","99,199",270
size500_open_random_seed520260755,500,open_random,520260755,0.4,1007bca1e8ab2a8f1a38e35446d22aed8e30d8ca15b9fdde468f02d66e75f410,"201,85","98,233",409
size500_open_random_seed520260756,500,open_random,520260756,0.1,1db4e2df857883eacd5f838fa56a10f05ae05f7e32b3c181a9c56d0bf6d57bc2,"377,270","361,156",130
size500_open_random_seed520260757,500,open_random,520260757,0.2,0ea4bbd1f5d6410f038c7949e9bd6d1ae0787917b9270da75d001163d0faa896,"30,402","324,13",691
size500_open_random_seed520260758,500,open_random,520260758,0.3,09b78c536545d07884146198fd15873f80f9aa243fdb37ca3a10ea2ec33159a5,"320,135","482,223",256
size500_open_random_seed520260759,500,open_random,520260759,0.4,ee3df8c0a245f3e65218496bb6c0f87d5344114f2438ab2445c64cc16437bd4e,"345,497","325,491",40
size500_open_random_seed520260760,500,open_random,520260760,0.1,dca536f4f03ed51b27fdd0ec0db802be4bdf07ad838dfd8a491ab655517ba0d9,"217,434","434,204",447
size500_open_random_seed520260761,500,open_random,520260761,0.2,38ae67685c2ee79e54266653fa7eedb2cc2b57639b79b1669dbb59ebf3d6b99a,"41,183","108,193",83
size500_open_random_seed520260762,500,open_random,520260762,0.3,c5076c757cf0f40b6d95130e8b570c5dc987a105eb5173fbef8fdee7b230be8e,"375,323","253,170",277
size500_open_random_seed520260763,500,open_random,520260763,0.4,a118f9c4c8891e670495eeaf8d43f06ef3b654179e38d48f23d891bb5bdf254b,"397,64","339,26",114
size500_open_random_seed520260764,500,open_random,520260764,0.1,fe5a6bfb9aeded7cd82a2484d30ff4cd83ad637820baf385ed3119d6e42712c8,"197,141","213,203",78
size500_open_random_seed520260765,500,open_random,520260765,0.2,1e18373e919d1f2e9346e55b5e8bd04d2cb02a00cda69a4620a628b36ba2870c,"293,64","442,358",443
size500_open_random_seed520260766,500,open_random,520260766,0.3,6151dfde9523489a1b4f9bcadb1bd4d52bb90a107378901c3fa3996407837745,"120,125","285,20",296
size500_open_random_seed520260767,500,open_random,520260767,0.4,5759c4ebf3a4e385469146aa614467b104b3b142f30980216efb666086250a20,"97,226","161,12",494
size500_open_random_seed520260768,500,open_random,520260768,0.1,3c56c1d67cfe0b684c3b12a8ebb6f03a5d6656fb6ebdcdec96657741204ac715,"66,94","26,97",45
size500_open_random_seed520260769,500,open_random,520260769,0.2,766af8772c1c53a03c32e8a23559e483854f2c9616aa381ed2a48848784942b6,"236,103","209,89",41
size500_open_random_seed520260770,500,open_random,520260770,0.3,83cacb256d2dc9f16e951181a975026fff1c8f2ed0e410415a434a55443030c9,"412,318","429,363",68
size500_open_random_seed520260771,500,open_random,520260771,0.4,49044d49405121532c8cf86c338a0037a33b8c3b1b63c5b33cb1e5317675893d,"254,464","56,336",596
size500_open_random_seed520260772,500,open_random,520260772,0.1,5b53bdf2bea15c12dcac9d5bf8486527348799814f4ccc33b456cbb2d81307d7,"365,436","202,184",415
size500_open_random_seed520260773,500,open_random,520260773,0.2,a722b47489fa4ebfc087a82c3773fd4814453423cf65e7a5473a74cf94967470,"322,172","430,133",147
size500_open_random_seed520260774,500,open_random,520260774,0.3,78f20a411be802ee1cdd698e92f1044ae808db2b8363e0269a52786d83dea225,"19,72","58,165",138
size500_open_random_seed520260775,500,open_random,520260775,0.4,4cf3c4eaf7529c80ea0d27a0a360540ba0b9adc557542f63bfafc6a44d11960c,"296,478","252,294",450
size500_open_random_seed520260776,500,open_random,520260776,0.1,9d28c45a574fbeb1a9de417897423d1f9adfb15bfbed629c0ba1f6c0388098db,"70,83","373,425",645
size500_open_random_seed520260777,500,open_random,520260777,0.2,a394c37aab5af3c444492f13071ca9c1d96fc5f1ca5209504b0794b8a8423c06,"311,273","124,250",220
size500_open_random_seed520260778,500,open_random,520260778,0.3,8f6f27bfb800d43ea2c7a3fccfd7ed30a4f64cea4315b1d2af82d8649138f34f,"186,43","70,293",384
size500_open_random_seed520260779,500,open_random,520260779,0.4,0674a2ddb11309e2a67af3091d346e7becbf539af00a730537bda9a79064f31c,"88,154","298,311",817
size500_open_random_seed520260780,500,open_random,520260780,0.1,7919c8ed50972e4843426a61dd2782eb7067aad23d9640098c30a9035f650e18,"203,319","263,281",98
size500_open_random_seed520260781,500,open_random,520260781,0.2,6fcb87994eac061ca2416111bc717548eded2f5fc1eeac6b2788d29141c301a0,"41,128","389,438",658
size500_open_random_seed520260782,500,open_random,520260782,0.3,6f36aefc5e64b9958b53c28374b1d08922f7ef0ed220f1f7e567275a7a2d87a7,"321,361","124,356",274
size500_open_random_seed520260783,500,open_random,520260783,0.4,655a61ad5073a5ae44711403b7ca373ab7b64b21243dc603f513838b14d21b2f,"129,423","434,59",975
size500_open_random_seed520260784,500,open_random,520260784,0.1,9dc8da252fbcc18c666d7c94dda3c0c983655f5946a8a2a9ec53a395f67fcd49,"466,244","58,254",442
size500_open_random_seed520260785,500,open_random,520260785,0.2,38befe64a400e2acc7bf8ef309735246f11b19981887e0e7deb99912ca29fc54,"188,91","89,462",478
size500_open_random_seed520260786,500,open_random,520260786,0.3,97e18b010d312830abbd43205719beea2efb298790b65a483b70c84fa7540210,"3,392","174,478",279
size500_open_random_seed520260787,500,open_random,520260787,0.4,e0b4577ec5daea94ca21cf432894ef268c724fdd7f2417598361f291ceb832ed,"380,94","101,427",904
size500_open_random_seed520260788,500,open_random,520260788,0.1,5caf942237253f0db545e4d2da9ed0b2f1f40e736817c61bfbf9440350a4f12f,"134,58","433,105",346
size500_open_random_seed520260789,500,open_random,520260789,0.2,01fa7aad287fb1b1311de2d1fede66e66668eb046ed8c11e77938395a01f10fe,"156,158","388,127",277
size500_open_random_seed520260790,500,open_random,520260790,0.3,53a551d1d81aa622fbf0dae115c382882f797807087e544937062fd6e0661b68,"407,118","354,61",110
size500_open_random_seed520260791,500,open_random,520260791,0.4,d49d05cdf5ee9999895ead28ee24008fc04c013e706377e9ccca4d8e715e3158,"202,342","61,256",521
size500_open_random_seed520260792,500,open_random,520260792,0.1,ffbe8d7f2592b72b948e3586a6e86dd41d915d8d37e2641e3173fefbbf71281e,"85,473","15,411",132
size500_open_random_seed520260793,500,open_random,520260793,0.2,31b606ee40edd24f9ac6781b0f874d6633e1f688b4630d66b65dccb761d48172,"473,19","63,220",611
size500_open_random_seed520260794,500,open_random,520260794,0.3,f50777e39d98cfce465a7d74fcc20eaeb8dd8a8a9e6ce9078d6deec1cc2549b6,"472,224","70,339",553
size500_open_random_seed520260795,500,open_random,520260795,0.4,d3a8097dc79510f68e7eb8425b87fbe853f494c6cf84b160647c8d9880912325,"391,156","326,459",570
size500_open_random_seed520260796,500,open_random,520260796,0.1,0a005cdddfe22907fab4c5a68f1dde8b9e61a635c501e278c31aa86aace4b884,"378,396","492,316",194
size500_open_random_seed520260797,500,open_random,520260797,0.2,a44f9e8359c65cd7087d51afe62823385c49e5f2a8e03bf52946701ad4d8741e,"267,290","484,167",340
size500_open_random_seed520260798,500,open_random,520260798,0.3,0fb145d36325e963e6459eefbd52249c8f31c6529c0f773f4f6350b7c523fff4,"294,130","483,103",272
size500_open_random_seed520260799,500,open_random,520260799,0.4,a98fdfc7afbd816443d56b475b1d9d27af6f3d45e1dfb845cf3a2269caeeb964,"413,51","318,183",501
size500_open_random_seed520260800,500,open_random,520260800,0.1,bdfbee10678fd6221bc1472a0683e70a344c9617c28edd8b3c0de9cfdf730b67,"41,401","241,271",330
size500_open_random_seed520260801,500,open_random,520260801,0.2,146538d766f9e05eb82a313dfc29dfd674ebbc1806e79003663ba5c654f67cc2,"107,231","359,432",453
size500_open_random_seed520260802,500,open_random,520260802,0.3,574aff5ed2bc7f7b7b881152f50a18d765f09bc62115186d2628b7bc97ecb29a,"214,119","86,445",490
size500_open_random_seed520260803,500,open_random,520260803,0.4,9e50b05f6caaa8a8463c8b0f338f05a9fc4a3d36342b4437b3806dd1f317ec52,"59,163","84,183",57
size500_open_random_seed520260804,500,open_random,520260804,0.1,f5e2b7b56f30b50a7251dc92942793802d584090b28d264c06e5add3917572ab,"464,495","4,327",628
size500_open_random_seed520260805,500,open_random,520260805,0.2,6ae2ccae13128f99be430a40974ac3fa9c0e05c71ae5eeb0340b06764c20ff5c,"68,443","328,321",382
size500_open_random_seed520260806,500,open_random,520260806,0.3,26dbb5e890918beeb533fdce68505b3324970831dfece6e52716825eac898c99,"277,38","403,212",302
size500_open_random_seed520260807,500,open_random,520260807,0.4,ccd07cdbeda19d6821f1d6ee93e918658b1dbd927668f61ebfb9f27dc6752c36,"146,160","393,204",945
size500_open_random_seed520260808,500,open_random,520260808,0.1,720197225cceb83e7d77c84d0fe455400b907dce963faa8d24205569c9cac125,"252,478","139,365",226
size500_open_random_seed520260809,500,open_random,520260809,0.2,845ea54aeded4a90eabdb7fd1712ed79cbbf6f9a2ffc30e1d2b53a80a4597348,"161,44","184,323",330
size500_open_random_seed520260810,500,open_random,520260810,0.3,05b4473f037183f32ab3dc13a8082c1d9e4e62ce8ec4770e77776c36af6a2ada,"10,424","398,380",528
size500_open_random_seed520260811,500,open_random,520260811,0.4,78e80a1af2a212787a8334b7d50c86619afc614656a4c2be9094fa21b2298e50,"275,209","153,483",520
size500_open_random_seed520260812,500,open_random,520260812,0.1,1fdf67bc60997791817608041ace5a7547065a0e44d768e4e175f61d9c98789a,"34,380","199,16",529
size500_open_random_seed520260813,500,open_random,520260813,0.2,42b478dae9bfb1f1a44868d79f102503b721868bab4f844680520adca4fe5f47,"23,236","388,32",571
size500_open_random_seed520260814,500,open_random,520260814,0.3,8d076d6bdab59051eb38779da1188818ddb8e552cfc990ee7ec99ec555a9a367,"242,392","24,277",353
size500_open_random_seed520260815,500,open_random,520260815,0.4,eb5fdc911cc9039f24f2f0c61e61aa42854262d8c540b4d65845876bc2208c03,"215,261","153,392",415
size500_open_random_seed520260816,500,open_random,520260816,0.1,76a447840afd059475953ccc9fffb9547c54c5f26eb29099df2e5b9aa24633a3,"259,41","325,298",323
size500_open_random_seed520260817,500,open_random,520260817,0.2,916765acc415ea172302f53914716108a735d74b5857a6fb670f16e6197e93aa,"416,469","50,321",514
size500_open_random_seed520260818,500,open_random,520260818,0.3,659c0ecb749343de83c69b1db5d33357d57d8d6bc0ec76100cd49ca6c9d1d5e4,"371,183","185,492",511
size500_open_random_seed520260819,500,open_random,520260819,0.4,f8b852f7d5316b345afd545646a58c3e05ccaf9b05917970bfd1484e5bb08d74,"148,379","348,184",925
size500_open_random_seed520260820,500,open_random,520260820,0.1,4dafe6456ff1f4f1a8b7ab55370a01bbbb78b3435c08a49a80ea36f1165474fc,"55,376","489,117",693
size500_open_random_seed520260821,500,open_random,520260821,0.2,4617dcebc537fb9174ab21fb0076ac719446bbdafc9209e284653a4a58f6280c,"392,149","404,446",353
size500_open_random_seed520260822,500,open_random,520260822,0.3,9f0d135cdc5ec2cafafb2c39f0cb78f08c6b58eb940e875a26d49c1e885c5f86,"108,66","210,93",143
size500_open_random_seed520260823,500,open_random,520260823,0.4,800e8b36b115de3825d40557e356c8e5025aaddc02cbf410ab75fd04c96b23bc,"147,116","73,86",224
size500_open_random_seed520260824,500,open_random,520260824,0.1,2ab2070aa1966dff98e540cace14a3431bf0ffe0cddfe276d3b528365592ed31,"334,228","307,225",34
size500_open_random_seed520260825,500,open_random,520260825,0.2,4c0547999b1afa41caf4891b49bcd0e8ef871c96161afa73733b347a5941d849,"475,164","304,254",261
size500_open_random_seed520260826,500,open_random,520260826,0.3,28d3d82b44073e17207e36a5c5451de0900eafee54501477f6ab6f18653c5034,"355,199","360,260",78
size500_open_random_seed520260827,500,open_random,520260827,0.4,5ee24b0764d68c09d02a8f76244abd7d94619d2c97e1994aaa769636f7d83489,"476,178","41,332",995
size500_maze_like_seed520360728,500,maze_like,520360728,0.1,6632345672209cb8dc244f7ca544c8ac13a134b3f94f16147185eb4ec4597a15,"112,366","111,365",2
size500_maze_like_seed520360729,500,maze_like,520360729,0.2,8fdd70128219e45bc73eb9c33953b62b9c49e73a625d58722e295b5c1787a681,"450,478","452,478",2
size500_maze_like_seed520360730,500,maze_like,520360730,0.3,b2a7e69e57253bdb97e1a8becafa0b6e81ccae3a8302a2b32f94aba4c1aa7911,"402,98","400,96",4
size500_maze_like_seed520360731,500,maze_like,520360731,0.4,ea60aed421dbdbd66f87ed4f11cceef587efe6cdcc0f0aa9a74b9c2cbfeb152f,"486,426","488,426",2
size500_maze_like_seed520360732,500,maze_like,520360732,0.1,b20e71a45007200c0b09e8f0db6e9b4e9b425860e0226c3d6e0e2714f724996f,"212,328","213,329",2
size500_maze_like_seed520360733,500,maze_like,520360733,0.2,4362d0f27951d653ef391bc42fa7be4af0299d8a371e99cafb3da3f9224f1259,"261,408","263,408",2
size500_maze_like_seed520360734,500,maze_like,520360734,0.3,4e2cb19a636f976767fe0c6ba26155e72a8561565e9f40318a763c850177edda,"236,422","237,416",9
size500_maze_like_seed520360735,500,maze_like,520360735,0.4,96aaec255374eb5e5dc96f0a5142d79b49abf0da214c1577b2a6dec1e665c617,"363,172","361,172",2
size500_maze_like_seed520360736,500,maze_like,520360736,0.1,e1c7c6071aad110db44215b89052b3138861838a1f06d90c7a90e88a7a6beb1e,"368,101","366,100",3
size500_maze_like_seed520360737,500,maze_like,520360737,0.2,525a0416d2cb56c1fa1dd7a352fe9e09d02a3e8fbe143cebe91964effe05a30e,"63,361","63,360",1
size500_maze_like_seed520360738,500,maze_like,520360738,0.3,3b7a4c3adcb2b3173c3c5a2fe81e73b764ffbd95a914ea48d38e1eeda6bcda98,"213,153","211,153",2
size500_maze_like_seed520360739,500,maze_like,520360739,0.4,6cfa7d24b61fbf3158a7ecc104791f1b5a4a0102ac88d973c93db58244de783d,"298,210","297,210",1
size500_maze_like_seed520360740,500,maze_like,520360740,0.1,9fd2dc834df5d6925ee7e766c1b29a94716e734797ce1bd82993bf8835daefca,"312,262","311,261",2
size500_maze_like_seed520360741,500,maze_like,520360741,0.2,c306b4ea99766902c304267e484cb08f79068718c2fbf2d518332cb3836321eb,"292,326","293,325",2
size500_maze_like_seed520360742,500,maze_like,520360742,0.3,c2859d372b78154a705dae0e5e81303a3ac74baeee8cd4283b6b0708a2698240,"116,32","115,34",3
size500_maze_like_seed520360743,500,maze_like,520360743,0.4,ec53619070ab393d4e9b1907422db91c61b0ef42b7cc5f0280a42414368dcedc,"475,169","475,168",1
size500_maze_like_seed520360744,500,maze_like,520360744,0.1,0aa38de6ecd05ecdd4eafdfba8e8a9ff921bd093383ddcd39e7d867c434e434b,"410,252","413,252",3
size500_maze_like_seed520360745,500,maze_like,520360745,0.2,28c205632c01b5cf9db072d903c29f07f40897bbb45394cdd2d2fba1b8ea84bb,"18,452","17,453",2
size500_maze_like_seed520360746,500,maze_like,520360746,0.3,b711aca7dc58760ef2559be11e71f954b0f141bc6cbc181b6a250b66a7d3aa96,"335,128","336,128",1
size500_maze_like_seed520360747,500,maze_like,520360747,0.4,caeb169d2d30216d03b28a6e77e6608909681d3ed18c469deffd169e6e2131bb,"482,201","481,202",2
size500_maze_like_seed520360748,500,maze_like,520360748,0.1,181c6be8a2dc2627f96ef571431fd2b0dab60065378708216c8d0e8efbd9531c,"196,149","198,148",3
size500_maze_like_seed520360749,500,maze_like,520360749,0.2,b8cc6323f58ec078541d0260ec19cfe095826e1ae10ab576c0bb5ed61cc9d8d0,"427,494","428,493",2
size500_maze_like_seed520360750,500,maze_like,520360750,0.3,a07332a396b3115c95b7999b13a0c35bc1d8d4cd609318d53761cce17828f793,"392,312","392,314",2
size500_maze_like_seed520360751,500,maze_like,520360751,0.4,fbb4b7db70e151a67da56f36037559ed4ea0951b0afc41f6de91dc9ef05942ff,"330,462","330,460",2
size500_maze_like_seed520360752,500,maze_like,520360752,0.1,ebbce1669666096a964f73c0f1dae790a963140e5e4fd1269d962088ef0fadd7,"191,369","191,370",1
size500_maze_like_seed520360753,500,maze_like,520360753,0.2,ebea44204d23a2ee53249ead3e78824a7539962c10b0f673ad8c0b345c1252a1,"345,74","347,74",2
size500_maze_like_seed520360754,500,maze_like,520360754,0.3,40f6df472cb00f17df4a2ddaa11262d9f660c7852fd2ba58a28ae25d7d60efbd,"151,37","150,38",2
size500_maze_like_seed520360755,500,maze_like,520360755,0.4,1f6fc27702a939f581921e5cb73697214543b733d04d9ae8ad1f9d4889be13fa,"405,334","407,333",3
size500_maze_like_seed520360756,500,maze_like,520360756,0.1,e361944154c1677bfe6057733d0cda25864c79f2701072588ee0c05d7db7a8db,"348,89","348,88",1
size500_maze_like_seed520360757,500,maze_like,520360757,0.2,f81f22fa469b8d35f3643c6d9913981bee4f8e6e18bda392a7173a015a0e7751,"95,102","95,100",2
size500_maze_like_seed520360758,500,maze_like,520360758,0.3,bb6e25c9936e8d41f994d328f4426b320a03b4146770d1671a5a5f60dc5e895c,"206,329","207,329",1
size500_maze_like_seed520360759,500,maze_like,520360759,0.4,21226b0302424d6eb97efb36a71f14741bc9685d76f2b69acfff64d83a4c11ab,"98,269","98,268",1
size500_maze_like_seed520360760,500,maze_like,520360760,0.1,9fd4d1b2654f235ce6b971b28b90e849804a36b9553ef87163eb0f60b50e5fc7,"380,406","382,404",4
size500_maze_like_seed520360761,500,maze_like,520360761,0.2,3b6e3cfdece86b3bbcf9de56f9658e9cdca8d470b80c7c9376658484d0f7cf0c,"261,133","262,133",1
size500_maze_like_seed520360762,500,maze_like,520360762,0.3,c86c6e0f03a2f9578b372e1b1338cac3283cac58a6a381e7cfd502f955e64505,"393,374","390,372",5
size500_maze_like_seed520360763,500,maze_like,520360763,0.4,55af03d23c112f9594b1333b7b83d2eb9bdc819b99c34b2e49cd961d697621c4,"42,273","43,274",2
size500_maze_like_seed520360764,500,maze_like,520360764,0.1,1e389cb8e49fa35b1e45cb7b2e2d44fc051506e51fcba1d2b59b8425edf15afb,"450,24","453,25",4
size500_maze_like_seed520360765,500,maze_like,520360765,0.2,b993e60e275c0d21ae579e5533cf20cc09f3be3e37350877f93b0999ef46f500,"197,250","196,249",2
size500_maze_like_seed520360766,500,maze_like,520360766,0.3,e2b37e9fed2f3ca97d46d8e5eb2829a3745dab7137a28e1ef05b9de780edf2df,"488,224","487,226",3
size500_maze_like_seed520360767,500,maze_like,520360767,0.4,0cb636234bb6fd4534528e1643f12d92123a02ed45c58c58db30a1f2d2fd2560,"457,116","455,117",3
size500_maze_like_seed520360768,500,maze_like,520360768,0.1,90bc5a6f459509add9f144ed8d42121ae19d74b683956a4de72488af21c865fe,"345,445","347,446",3
size500_maze_like_seed520360769,500,maze_like,520360769,0.2,dcece21a39be8378bdc62e28052f6043fee5bc611d7c99a43fc813ba51071744,"177,72","175,73",3
size500_maze_like_seed520360770,500,maze_like,520360770,0.3,9b3a7898d2292a42c664576fdb5313091dd47ad0ac1006bfe8b93f8d3bfcef9a,"151,65","150,64",2
size500_maze_like_seed520360771,500,maze_like,520360771,0.4,0e934e99bb917806b85699d2fc099202d2c8ea40eb74346ada01948385400f8f,"376,62","378,62",2
size500_maze_like_seed520360772,500,maze_like,520360772,0.1,8e2cf981622a1d30f8e206f19703df79a70d8a1d1144e8dd46bc9803b195d49b,"110,270","113,269",4
size500_maze_like_seed520360773,500,maze_like,520360773,0.2,f7e146408412dda008014b66bdeafb2fc5bf77cf2c9516c22ae4b7b93bfc3a16,"337,193","337,194",1
size500_maze_like_seed520360774,500,maze_like,520360774,0.3,9f80a9c23b5fc06b1051a0c2d73be4cbcaff4dd8d67386b8a5e43dba53f09bb6,"327,353","325,352",3
size500_maze_like_seed520360775,500,maze_like,520360775,0.4,9e67339844da43e8d35b5181f04593fbfe143ed6f8c3aaf1b30bff1c15f21856,"411,450","410,448",3
size500_maze_like_seed520360776,500,maze_like,520360776,0.1,d9c344ca40f54437212c66dcc9862484bbd23708c7343942abf6a95f6c0234b9,"168,65","166,66",3
size500_maze_like_seed520360777,500,maze_like,520360777,0.2,feb30fdfe6028a06c9d43660429528f58f3ca3f67750713db1421315fa9295b5,"417,152","415,153",3
size500_maze_like_seed520360778,500,maze_like,520360778,0.3,466fc3a9d330ca8ea918bdcb54428f70f1634646926ae9608dd8ce20797839b8,"15,93","17,92",3
size500_maze_like_seed520360779,500,maze_like,520360779,0.4,9681ff34a71c237dc7441631a5a3945fd0d3057f1d32627098679419de325bfc,"30,246","32,245",3
size500_maze_like_seed520360780,500,maze_like,520360780,0.1,2c8130326c3c924bbfe0f594320f023f41be52811d97549299c5305e5839ba82,"7,84","7,85",1
size500_maze_like_seed520360781,500,maze_like,520360781,0.2,e228c72724317f6a11234ca45220d31813ef8306079e1dbd69a31116b11d3280,"387,184","385,184",2
size500_maze_like_seed520360782,500,maze_like,520360782,0.3,fb41d0e4bcffd8e0713fc183c289f78fea10db62f1ffa990a4b6625a662d622f,"310,373","311,372",2
size500_maze_like_seed520360783,500,maze_like,520360783,0.4,9185aa89a3fd4bee15bed9240afb613abfa6ecd698b21711d57925a8151c58d0,"301,412","301,414",2
size500_maze_like_seed520360784,500,maze_like,520360784,0.1,c877a3e3dfff918ef64e11a431173333509096834463a878437987aeed529778,"30,17","32,18",3
size500_maze_like_seed520360785,500,maze_like,520360785,0.2,7d80b56430dfd10b6609301b3ed49426686c674ab1ea79bb83adac69ca14313c,"450,162","451,162",1
size500_maze_like_seed520360786,500,maze_like,520360786,0.3,428acea5c201a47d6a64b052e0c0524e84e28e5bf0435f5cd30987097149ac0b,"135,477","136,478",2
size500_maze_like_seed520360787,500,maze_like,520360787,0.4,008d2dddbd6981d82ce07b9b36b02e70c8b9d2c374caecfd0acd4bc446e271cc,"23,346","21,346",2
size500_maze_like_seed520360788,500,maze_like,520360788,0.1,03baa357d47a419d3314965b58ae5315555e896cdc232c4a8c0cac03d9375d05,"423,152","421,152",2
size500_maze_like_seed520360789,500,maze_like,520360789,0.2,a83c72993d67d1d6e2ee119489bb05a6a0c55e5963b31733cb0b3335edc46061,"278,309","278,310",1
size500_maze_like_seed520360790,500,maze_like,520360790,0.3,fd49ade36168b15426127c4db19d0ee6c9316246fcc8aee0d3529674719c20bc,"455,5","457,5",2
size500_maze_like_seed520360791,500,maze_like,520360791,0.4,cabd9bdd90014469cf478f152bc038c4862c7b60a1c5335e66dd8e59fee9a65e,"152,420","150,422",4
size500_maze_like_seed520360792,500,maze_like,520360792,0.1,22413f5b48d5a033377512990d30b5f44dafaf7f682f5d7059bd7f256c1e0432,"326,256","327,258",3
size500_maze_like_seed520360793,500,maze_like,520360793,0.2,265c76921fab788cf91f2f90f09ace428ae8f536bb10f40ea64666b8036cb920,"282,409","282,410",1
size500_maze_like_seed520360794,500,maze_like,520360794,0.3,643bfbd5bf8fbfcb4f033eb0b244acc2eba9581b9c2409a12a4b16a81fcecf77,"480,194","480,192",2
size500_maze_like_seed520360795,500,maze_like,520360795,0.4,a9a11f85339985c25ec1db6f732ba5dc3b5f8ad4b7deeeb5f6c91c81767be04a,"360,290","360,288",2
size500_maze_like_seed520360796,500,maze_like,520360796,0.1,2f00cc58678ea7ad83d2e786defeb098b39a707d2e33ea5a0cb1295ed865c87c,"152,189","150,188",3
size500_maze_like_seed520360797,500,maze_like,520360797,0.2,732d20bf692d38296273cce84cadc3db0ca6d6a8caef524c731085cdb2c81eec,"373,300","372,302",3
size500_maze_like_seed520360798,500,maze_like,520360798,0.3,c6103aa9df79c10ca8893d79880a4c82a9809ebaaf24a84e1764fdd6071bfccb,"126,444","127,445",2
size500_maze_like_seed520360799,500,maze_like,520360799,0.4,d7a7185257653c20a65cc023c2f03b7ab87fe22ca33cbd2bb451045392157ce6,"110,356","111,357",2
size500_maze_like_seed520360800,500,maze_like,520360800,0.1,bc384760362553fe6ebb5c3afd2656b47e1e09be8dcd81122b3d4e791ad216d4,"271,414","273,412",4
size500_maze_like_seed520360801,500,maze_like,520360801,0.2,da5592a3810b9614e5c66ac7674eddac1116ee3fb67a428efa1d969cb02dd59d,"292,228","293,230",3
size500_maze_like_seed520360802,500,maze_like,520360802,0.3,c6310698e0a9165cc4bd5150cc57b5456f56abeebaef260b19b8f55f52a6fa0b,"57,78","56,76",3
size500_maze_like_seed520360803,500,maze_like,520360803,0.4,26a48b28079b09c1000ded41a58a920cc45bdb426cbfcf39c7e1bd2076c4bb7f,"356,16","357,17",2
size500_maze_like_seed520360804,500,maze_like,520360804,0.1,76b4e3fee99bba2d5f03aed6c131f29308907cb9cbd600fa8afbb3379e8b46eb,"155,137","156,137",1
size500_maze_like_seed520360805,500,maze_like,520360805,0.2,4b695c7c0e2d9f44644ca8d6ca213e663ef329e191215b0105ed9750f0723842,"111,228","111,229",1
size500_maze_like_seed520360806,500,maze_like,520360806,0.3,72330b57863654674b04a90054fc53490ee2cc94991208dc296f7c235ad22c72,"235,161","236,162",2
size500_maze_like_seed520360807,500,maze_like,520360807,0.4,3335fd37d07a4e2c4b37b1b058819903dd0677a7f98c6d9e0b6d803f93b9114c,"43,10","41,8",4
size500_maze_like_seed520360808,500,maze_like,520360808,0.1,bc9edd4cae37da4df99cfe72a000a6602722c95dace5c1c9921d51d2875eccaa,"16,469","18,470",3
size500_maze_like_seed520360809,500,maze_like,520360809,0.2,d89753bc8d79c64f28bc0911a6a469360aeb39c881453f6bf041a1ca73a8b2da,"98,352","97,352",1
size500_maze_like_seed520360810,500,maze_like,520360810,0.3,dcaccab06e5604b5c407c8210785dff8d8952a97d092d8d5e13fd48c13c99419,"363,176","360,176",3
size500_maze_like_seed520360811,500,maze_like,520360811,0.4,880846cb1df9c00b15bfcaa74dc1ed429cf9c88d8861da093c2f02cfe48eed16,"381,401","382,400",2
size500_maze_like_seed520360812,500,maze_like,520360812,0.1,450b3cc164acb5d0b3c34f732fea015d0cb394be2af55ac5c4f21a0e1b9b7e0d,"296,480","295,480",1
size500_maze_like_seed520360813,500,maze_like,520360813,0.2,03e11ca8ee43cf466e8a53e105acbd5e51505fab6b237aa30d66c4a0c87f0ce5,"177,389","175,389",2
size500_maze_like_seed520360814,500,maze_like,520360814,0.3,c66fb8ef409debb466741c5e878c87de466166f76f71046cd7f1e0f9f38a0122,"32,60","31,62",3
size500_maze_like_seed520360815,500,maze_like,520360815,0.4,30a02fdd5576267d9313b991c067e6b1f2a08f120e3849d8e9eefde0ca4287b9,"320,98","321,96",3
size500_maze_like_seed520360816,500,maze_like,520360816,0.1,d19ceb92cd1a00f623e3b1277d2d01c9ea54296b054b20e14a297eb04e681f62,"367,345","366,345",1
size500_maze_like_seed520360817,500,maze_like,520360817,0.2,442a4ccb3f8a039c2159e396117bd538402ce258741d618a5c6ca3c8ae6ecfcf,"26,136","27,137",2
size500_maze_like_seed520360818,500,maze_like,520360818,0.3,8fa935cdd4bccb2f768b732aa2ce63366830ff3926e91822601667f5a3255503,"258,121","256,122",3
size500_maze_like_seed520360819,500,maze_like,520360819,0.4,6189f771f92b864b40624cf75ffde92876f67978f36f4fedfc6b51411356c637,"348,344","347,346",3
size500_maze_like_seed520360820,500,maze_like,520360820,0.1,dd42bbfcf860c6f0527d7fb3ef909c9c397fbfeed15743cab6867e2f77b0b5d9,"353,290","351,288",4
size500_maze_like_seed520360821,500,maze_like,520360821,0.2,39da862889d522a14ac6377aa7fbfbf721473fdda7b458f263eb3937a20f1cbc,"458,462","457,461",2
size500_maze_like_seed520360822,500,maze_like,520360822,0.3,6527265422b9ac73f063b0e93dd6b8a66035a5d7c54403c5aac62adda62452d7,"366,292","367,293",2
size500_maze_like_seed520360823,500,maze_like,520360823,0.4,abc52135fd3181220811d8c2c43e0b2775443810d3e5104c6704a323c77f4bed,"63,296","63,293",5
size500_maze_like_seed520360824,500,maze_like,520360824,0.1,a48ac26e0db6692317c69fc23af4cbe258fbb12079c69016e3d850dc04f628ef,"90,132","93,134",5
size500_maze_like_seed520360825,500,maze_like,520360825,0.2,b4138b2e371c3a28aa7f36abbc5810e57f3ea9ffa22e5e84ef048281ebf6b52f,"37,13","38,14",2
size500_maze_like_seed520360826,500,maze_like,520360826,0.3,97765da8b5ce01412d99debaf8e76564d7b44250709a6e4e9e6beeacf136b377,"326,333","326,332",1
size500_maze_like_seed520360827,500,maze_like,520360827,0.4,98a46e13bb944ea12bc71b84234ed88c588a6fe529e8b6e1f7937a89de0f59f0,"242,36","240,37",3
size500_bottleneck_seed520460728,500,bottleneck,520460728,0.1,a42474343cc19927180875c8ee725cd604f6d21542c0461bd020df758edf9f55,"168,202","146,280",186
size500_bottleneck_seed520460729,500,bottleneck,520460729,0.2,c18f9c5530207bce38d9c3e56d8080ac9c819c537fa425b932aa63722e542c11,"378,229","384,234",11
size500_bottleneck_seed520460730,500,bottleneck,520460730,0.3,8ebbd007886239ab1c474d6e03d82bea559f933f76d828b3cf52e7a011f2f3b7,"205,185","187,312",563
size500_bottleneck_seed520460731,500,bottleneck,520460731,0.4,92546d3701ebbe7bff0a7f10ddd44a45512a49e89283e4ad87bef9b15ebdef7a,"298,314","188,350",146
size500_bottleneck_seed520460732,500,bottleneck,520460732,0.1,7e0d81e071815dd8ac67863b8d3f95ad57111df16c8a231b8991d78bf24d9b2c,"477,363","403,484",195
size500_bottleneck_seed520460733,500,bottleneck,520460733,0.2,24303eaf0fee2832980e6d589d83773965cc86686efabe8e707d248f85e9d653,"162,360","170,5",747
size500_bottleneck_seed520460734,500,bottleneck,520460734,0.3,394f4d4449bd42baa7582e06dc0aea672ca65aa93d48d8319767a9dbe8a6720e,"472,361","251,439",299
size500_bottleneck_seed520460735,500,bottleneck,520460735,0.4,232726b0df144ad98a6cc0f8bde8356976f6b54426952294ef493a0bdeb30866,"252,264","204,338",122
size500_bottleneck_seed520460736,500,bottleneck,520460736,0.1,43350e30820ca5347b986a3d80f1d946e4292fa45aff7d154d5f7ea81002bbc7,"220,274","241,380",127
size500_bottleneck_seed520460737,500,bottleneck,520460737,0.2,c507c5738560ab22a00b551b2d86dcd58815ed90e8387e8d94e2988c819b18d4,"58,177","354,91",382
size500_bottleneck_seed520460738,500,bottleneck,520460738,0.3,63b43142a3c098de1803d5d6fadc94693c301c106fb7f508a634721001ed1082,"279,0","365,30",116
size500_bottleneck_seed520460739,500,bottleneck,520460739,0.4,8e82e183553b17b9db5354ec10a15cb7cdea34896eeb0268813a71621c294c3a,"385,462","39,39",771
size500_bottleneck_seed520460740,500,bottleneck,520460740,0.1,5c97dcf838a5d0ee311aa1efc2fe4351ddc2b747f3eafd2cfffe48ede5b67d52,"165,281","322,213",225
size500_bottleneck_seed520460741,500,bottleneck,520460741,0.2,5e6c7ffedfb15df62acbf511c765e8080c2148e6481cee37861d76134d6f4b94,"193,293","275,118",477
size500_bottleneck_seed520460742,500,bottleneck,520460742,0.3,f26b5170f63e546b5558215de7d4168e21e5625c6444725cd113420ee923318f,"435,203","241,441",616
size500_bottleneck_seed520460743,500,bottleneck,520460743,0.4,3ed4f6c6e86c182cacde12f3b872833ecd87110aff61c26de8e584795a7fddd4,"441,308","458,451",160
size500_bottleneck_seed520460744,500,bottleneck,520460744,0.1,a806d9e8e7c8c2e36bc7ac8f4aae98c9950c5474317bd16f436661b34b2c60a5,"308,308","362,137",663
size500_bottleneck_seed520460745,500,bottleneck,520460745,0.2,6dd433c5fabeb913adf2e52391fad12a01e7144dd3cfd028f2f8b759fcc424ca,"1,497","56,454",98
size500_bottleneck_seed520460746,500,bottleneck,520460746,0.3,eac90a7dd4bd7fa890552a2d6ff6ee0d9dc5b429a6682695d96d1443ee234e58,"153,377","113,337",80
size500_bottleneck_seed520460747,500,bottleneck,520460747,0.4,8c1a28a1033ac5825ee84c5c9c1a9958ba7e838c4b24cc2a841bf4e57807c6b5,"262,271","56,30",735
size500_bottleneck_seed520460748,500,bottleneck,520460748,0.1,6a3bbc3b9c4efc2f623191587c132e1724136d491aff8908950e5ea94662b11e,"66,264","216,391",277
size500_bottleneck_seed520460749,500,bottleneck,520460749,0.2,0bc3f6823fe670bbb86b3e1d342979fc40f978369dcab1308aa06481f1def158,"480,392","254,93",1007
size500_bottleneck_seed520460750,500,bottleneck,520460750,0.3,cfe23cff4e5a26b2b645cbe29aa74df9fe372a6fb598d4a0710b915d9d93abb8,"382,498","211,261",408
size500_bottleneck_seed520460751,500,bottleneck,520460751,0.4,3536997f0ff704e04c75ee01e29575af20d8ab1ed0d6034f3912f1a2760a0d8b,"119,470","451,44",810
size500_bottleneck_seed520460752,500,bottleneck,520460752,0.1,91918f804fa4dbfcc7569c6951c94b5b4d1744d31d2ce559bb85e7ca736f3a0f,"150,36","63,50",101
size500_bottleneck_seed520460753,500,bottleneck,520460753,0.2,55170730ec3c184200b31ca3b1ea6e6c31233ca1bca6cf4c249e112901f3b01d,"220,22","192,294",300
size500_bottleneck_seed520460754,500,bottleneck,520460754,0.3,dd6a7c60d5f71cef71bd98a2e787e08196e6f56b95bf50b7298f0193e6e745f2,"144,423","426,214",491
size500_bottleneck_seed520460755,500,bottleneck,520460755,0.4,b9c13cd3a0c8c9af8a47506ae3286213c1963666dc536dc346c6f30b61abd85d,"489,341","209,457",396
size500_bottleneck_seed520460756,500,bottleneck,520460756,0.1,22b882f6ad2d2068158f530fd6638944d96f81b2b46b88646dacaad4af877213,"135,25","106,76",80
size500_bottleneck_seed520460757,500,bottleneck,520460757,0.2,afd57b1e4ba108fefe4f077d797fef3f4112657a7771abee4752d43357eea0d8,"138,400","458,465",385
size500_bottleneck_seed520460758,500,bottleneck,520460758,0.3,c33377d01a570002f19ffc8f75bba239bf750b4988c7edd8ae909eba1a4e91a0,"77,167","50,240",100
size500_bottleneck_seed520460759,500,bottleneck,520460759,0.4,38d0c47fd23c96db6e0f9ae4086e4dd01b4bec0d3e1b303808a32200afd8dce1,"93,412","300,306",313
size500_bottleneck_seed520460760,500,bottleneck,520460760,0.1,ed59b3d9dcf50dfa90e17e925972a770a2441aca6d842f12d4f484934ef44814,"77,241","393,402",483
size500_bottleneck_seed520460761,500,bottleneck,520460761,0.2,90ccea4757bc28f5eddbdb700a20e41f4f7c0aa26b3c7f3fdb6df16f9d24d789,"414,124","145,418",563
size500_bottleneck_seed520460762,500,bottleneck,520460762,0.3,100482b6e82b0edb8d3dcf710016bd31baf00978969ca76b5f69b14b79d185ad,"277,490","283,270",226
size500_bottleneck_seed520460763,500,bottleneck,520460763,0.4,2f44e1e0f21d32e7a3975e5322ac7c6a28b64ff3227027d58ec0b38bfb21ddb6,"115,175","31,7",252
size500_bottleneck_seed520460764,500,bottleneck,520460764,0.1,718f83a79f6210fa9f460ac31f6ef679d0676765d896f943ae6d7f783997f060,"178,239","135,406",426
size500_bottleneck_seed520460765,500,bottleneck,520460765,0.2,4c0564a0e348e04bb82dec26294faf82443a7c3fe2620eff9d92aecb6782892d,"223,263","471,236",275
size500_bottleneck_seed520460766,500,bottleneck,520460766,0.3,0d4610817bab0791319ab564c12505ee88825f9816504a22aa8c6d4012a57287,"309,90","389,467",667
size500_bottleneck_seed520460767,500,bottleneck,520460767,0.4,9160ca60476d242ea6a0b919806dbb53b8e2685c540770505a1bdc3541a14c3d,"470,266","18,369",555
size500_bottleneck_seed520460768,500,bottleneck,520460768,0.1,de21a7b0931258e073894a59aabc6c64e0dede9d87a4b4ba3b71ec86f848cdd0,"40,386","16,22",808
size500_bottleneck_seed520460769,500,bottleneck,520460769,0.2,a4441e1f68a6b85fa0da8517c28ebfa8586d969b7e26f3a55bdf367b643613a1,"401,418","461,66",1072
size500_bottleneck_seed520460770,500,bottleneck,520460770,0.3,350ce4b599d7b0d87e2186678583b00bfa5b38aec743e98d51ad2ea98b4ae69c,"134,267","351,96",654
size500_bottleneck_seed520460771,500,bottleneck,520460771,0.4,38297bb00f0f62b3e61c1c59c2f0800df54c05f5e65e427c3f083c55e67ea518,"360,310","269,331",112
size500_bottleneck_seed520460772,500,bottleneck,520460772,0.1,c403c7accbe8d6b594a3a23663f6871172eb21e8c023769f3587ebe117233527,"275,457","453,493",214
size500_bottleneck_seed520460773,500,bottleneck,520460773,0.2,774a4d9c52a6222e204cf58f1dbede8a626921aec53bf171160ba3cad86333bd,"359,252","314,497",290
size500_bottleneck_seed520460774,500,bottleneck,520460774,0.3,13d9bb3ed6a8e4930aebffdd071db07b9f346ee4bffa593d13efa72427afacb1,"227,305","453,359",280
size500_bottleneck_seed520460775,500,bottleneck,520460775,0.4,59b9c5b811b00ad138d74f83f47f6a64d1099278c6520a36aa8b876af2236203,"42,73","434,238",557
size500_bottleneck_seed520460776,500,bottleneck,520460776,0.1,ff697f4809c6d8bd6e116ed55ccac813f5f0dd58876306680db834763c76ca3a,"136,33","445,298",662
size500_bottleneck_seed520460777,500,bottleneck,520460777,0.2,efa82a6141ff90554e3e3f520fbea12daced985428bde013b92423218957542b,"5,227","37,431",244
size500_bottleneck_seed520460778,500,bottleneck,520460778,0.3,0e7e3344a41c7272650898d8133b79f90781da19189a044ea93df5e5faa998d9,"199,31","389,430",767
size500_bottleneck_seed520460779,500,bottleneck,520460779,0.4,741473c38ec068ab2cd8e253eccfc47d4f0fa7f980fee8dc2943aee5edec2a89,"231,367","406,231",439
size500_bottleneck_seed520460780,500,bottleneck,520460780,0.1,f51a755a869d577d4b2987eec4022276316441c6b13fb9d0065398dfe99eac4f,"453,0","468,321",1044
size500_bottleneck_seed520460781,500,bottleneck,520460781,0.2,6b02bb156205d26dbf57e842dcfa3cbf6a051b72c3e8bde357267be5401a619b,"120,37","110,312",991
size500_bottleneck_seed520460782,500,bottleneck,520460782,0.3,12ed076130c3d730620d2d962ba3730541d6fae283650a724ab30f7dbe8b63b7,"68,55","84,439",498
size500_bottleneck_seed520460783,500,bottleneck,520460783,0.4,2718f804d504451150b4fa620b0f3e50a491def64d008db8c9c1783c4ad84737,"257,242","459,465",427
size500_bottleneck_seed520460784,500,bottleneck,520460784,0.1,9a45419ca976fe1828c09b98913694b13185c747359ee111e451185dad2ab406,"78,440","258,381",239
size500_bottleneck_seed520460785,500,bottleneck,520460785,0.2,c70acbd1ff99c19fb61fdf1788a37f94e71c80650dd2b8bca4defc2412904f53,"406,79","87,90",330
size500_bottleneck_seed520460786,500,bottleneck,520460786,0.3,b5f33dbbfa9e4b70f1f6767fb0cfa5cb64f79783f0381650aa2002c03483a461,"124,363","321,412",246
size500_bottleneck_seed520460787,500,bottleneck,520460787,0.4,56fd0b3c4b31aa3ad4c90989641c3f89e06cd92ae586601169a1e0d58bf99759,"455,43","422,32",44
size500_bottleneck_seed520460788,500,bottleneck,520460788,0.1,edef78feb981eaab8ba0dfadfba59bd973e7d9609de571f04c4bdd920bb615c0,"255,334","466,102",945
size500_bottleneck_seed520460789,500,bottleneck,520460789,0.2,4cd300638486c2f0f6c0ff41951b53aab9aef854634f34de67b4c2331368ccd7,"302,221","74,201",248
size500_bottleneck_seed520460790,500,bottleneck,520460790,0.3,42b4eaaf8997135d8645c138a3f801bf22acf83c5bb7b5ce83bd332d33526716,"467,26","372,444",575
size500_bottleneck_seed520460791,500,bottleneck,520460791,0.4,648b0edbc285111f462862659128dc9793ba08b8d7f1fa2eb5c0e8db5c7d6ea0,"283,6","466,258",993
size500_bottleneck_seed520460792,500,bottleneck,520460792,0.1,c800c7d49723c2eb9d4f86a237faa41bdd2f8b53e8387ba70371fe7c1585e88b,"417,321","480,173",583
size500_bottleneck_seed520460793,500,bottleneck,520460793,0.2,f1abaa06c853678d948041830cdb89e4876df357c68eee3b5d761a2c77ceca4d,"469,256","491,280",46
size500_bottleneck_seed520460794,500,bottleneck,520460794,0.3,4f34752432b94108338b60c124f2b032d08cb756a3bef0c6d9b5f14358f3d98a,"442,449","198,98",595
size500_bottleneck_seed520460795,500,bottleneck,520460795,0.4,fa3db4843c7e866eb09dd12d1cc15f9fcdeb912b03f352825def8c2797ee89c3,"178,307","344,344",203
size500_bottleneck_seed520460796,500,bottleneck,520460796,0.1,32eebafab3c47a4156c0dc2b597d3be6b54abe827eb15dc14f4d1e8e7fdbb818,"407,64","436,231",196
size500_bottleneck_seed520460797,500,bottleneck,520460797,0.2,c675b4711ddbe5d303b5d22d0e4bbf91b358861a7389e928d6d43807dc6236ad,"76,132","416,390",598
size500_bottleneck_seed520460798,500,bottleneck,520460798,0.3,d13b32f352764c06cdda6a81b3e9919a7768422ca0eeed324d457d1ce9b94a10,"245,96","100,265",644
size500_bottleneck_seed520460799,500,bottleneck,520460799,0.4,63bfb5aed5027cacf24f9e447ddb217b680a4fc17911b4e6c914b291e27b0e61,"435,286","409,426",166
size500_bottleneck_seed520460800,500,bottleneck,520460800,0.1,2942e3d986052abe56c1ef0cfb1c8b4efc23c4fc89ce96e6cc0aba413e92e52d,"337,174","276,278",379
size500_bottleneck_seed520460801,500,bottleneck,520460801,0.2,eff38218bcad24914677260e1b350fee081e6fb59967b05e3be88eb26f6c1ba0,"296,421","321,91",565
size500_bottleneck_seed520460802,500,bottleneck,520460802,0.3,0225f62da3369aafeef05bbdac7ba034280ae41fcaf4ce4a8ae0d3292caea9de,"319,417","110,413",215
size500_bottleneck_seed520460803,500,bottleneck,520460803,0.4,20e7d8451ec3e8fd5f55c15f00de13a980e6cc5c9e92381aa094d4d7cbac5758,"206,369","411,468",304
size500_bottleneck_seed520460804,500,bottleneck,520460804,0.1,930bffdfc2aeb1f3bdd700ebbcb9a006d77a21ec0acef063051e79542fb8b50e,"47,341","186,211",271
size500_bottleneck_seed520460805,500,bottleneck,520460805,0.2,eae256c07eed356a54efe41fd5b030443a5e5baeafbef3460c95aeacb343df69,"221,8","459,234",464
size500_bottleneck_seed520460806,500,bottleneck,520460806,0.3,7bb038589ddc1223651fbf5b20b86713863c174a966d03f7a0046b0604da8c6d,"93,373","412,298",394
size500_bottleneck_seed520460807,500,bottleneck,520460807,0.4,4d4a240cfc45732f283e25518d52a55c831d24c96a51edcfed1c9f4512339b2f,"192,381","189,291",95
size500_bottleneck_seed520460808,500,bottleneck,520460808,0.1,7d4575d2758d07aa04ea2a95630c0d0786e0ca72e3ac494f36f276772a71f284,"413,46","104,370",633
size500_bottleneck_seed520460809,500,bottleneck,520460809,0.2,ce86c705d2f999414fd63b612a3bf734e56fa08e7829fd6ad5b9e5ddab4e5057,"281,257","433,214",195
size500_bottleneck_seed520460810,500,bottleneck,520460810,0.3,cdfb2611d71eedccf8e7ee5ee955c025162fa9c4e3b556e883e392bace9a20e5,"223,475","463,136",649
size500_bottleneck_seed520460811,500,bottleneck,520460811,0.4,77fe1898e2d945a68badb52f77741f475797aafcb7abebbea6b424bf02835e2c,"498,410","274,349",285
size500_bottleneck_seed520460812,500,bottleneck,520460812,0.1,f4a45b1797eea1c7a50c5904ad6f77f32b3347d862a143f33c3d2cca8cdc9705,"8,141","140,468",1141
size500_bottleneck_seed520460813,500,bottleneck,520460813,0.2,6427599f437db7505a8afa5141b03b54e8bd4a2c1e8c7c5092479508cc419895,"17,466","225,219",537
size500_bottleneck_seed520460814,500,bottleneck,520460814,0.3,a9084195db38020168410b17359d9f00b12212f6568d07ff44a7abc8779552f2,"180,420","0,236",366
size500_bottleneck_seed520460815,500,bottleneck,520460815,0.4,ba37459443d022c5a804a617d01026a4c86536e8c4f89f1255b60afe2600b4db,"238,325","447,347",231
size500_bottleneck_seed520460816,500,bottleneck,520460816,0.1,9e76e768f9823fc8e599b98f996f13be8d4b7f97873947a88a3675879d9801f4,"183,363","68,452",204
size500_bottleneck_seed520460817,500,bottleneck,520460817,0.2,aec1656590d8797b3925c337ac723d16fda0d4df0aec3c93ae3e0e3e2260ac9e,"165,174","70,193",114
size500_bottleneck_seed520460818,500,bottleneck,520460818,0.3,971ea4400fd4d1138246de54c2ab628421d4db99169ddecc86b6489df3689c37,"213,107","157,394",343
size500_bottleneck_seed520460819,500,bottleneck,520460819,0.4,ddb899a5fac19897d379f5efaa82005aabf196fa4526e7cd66e389bc53cf5a1a,"287,77","391,203",230
size500_bottleneck_seed520460820,500,bottleneck,520460820,0.1,3887b7025ecbe31fcb6e6defb6216fc51c7db77c1ef77a04d235b8ed4dd5b3ea,"494,213","13,337",605
size500_bottleneck_seed520460821,500,bottleneck,520460821,0.2,583c658d99760f7ab36b24908965ddec87b7758241cc64016a9b9bc63087b763,"85,49","251,146",263
size500_bottleneck_seed520460822,500,bottleneck,520460822,0.3,e2ff97a518539dfbc69bfbb405ff83ad9ff8cbac58044bc3c4a9fff023f25f1c,"107,62","454,252",543
size500_bottleneck_seed520460823,500,bottleneck,520460823,0.4,3e450ff5e5d10b3c2185e91f55fcc6ba18d499e50a49ed4cf18ad536cddb69ba,"119,206","471,326",474
size500_bottleneck_seed520460824,500,bottleneck,520460824,0.1,5ea67d3c5353574a733ef40aa5bec9e76844f7cb6f9ad25fcba49ec0caaa95fb,"186,72","9,332",477
size500_bottleneck_seed520460825,500,bottleneck,520460825,0.2,1e5984229ae8561f232cafd5b6d190aa15afe0ca84fab61c9ccdeca02c7ca6f3,"421,24","162,171",406
size500_bottleneck_seed520460826,500,bottleneck,520460826,0.3,3310a3c5554ef829fb992bdf99c6da5a8bd504b035cc4f83b3c41166d0bcb923,"416,277","42,9",728
size500_bottleneck_seed520460827,500,bottleneck,520460827,0.4,02f72a3be70bd178b9b2520be988e7ac4f35d8b9bacf9879667b6491332db415,"432,484","97,425",394
size500_large_block_seed520560728,500,large_block,520560728,0.1,02a80744fabd5c291c8f04aae2dcf79437e93c9922b2af44dae257bf69c2286f,"482,330","403,355",104
size500_large_block_seed520560729,500,large_block,520560729,0.2,4c4ea87b098a0f273cc9cb1c1c7a96b5cd7ec559a41d373802f1e1f35f3ab656,"261,227","499,2",463
size500_large_block_seed520560730,500,large_block,520560730,0.3,1e5cf2a47187ddaec52bd9956da741afbaec5b97f65f1f1bfa45a20a11f2e8c3,"333,28","497,262",454
size500_large_block_seed520560731,500,large_block,520560731,0.4,f182bd6f1f01a5559079c56c69d40d8707c76864eef770527b54ab5935ebe6fa,"467,229","151,377",484
size500_large_block_seed520560732,500,large_block,520560732,0.1,2d968fd9f8da5f2dd2650567c5dbc3355ab2c6f1fb7cd3bbeb932749f91b94f0,"179,91","53,387",422
size500_large_block_seed520560733,500,large_block,520560733,0.2,53348f3eb6fd58d223a96b3ea3aa5a77268a065251940e747035a64e5f4e470e,"38,453","138,374",179
size500_large_block_seed520560734,500,large_block,520560734,0.3,f5e398c0879f3eebba43f80270446b23bda173c8e64897a12b48f91831ce9e45,"338,13","404,293",346
size500_large_block_seed520560735,500,large_block,520560735,0.4,1c9b83db81de6dc7be0b6d79ed2656edfeeb09b88839e81c3e4527ff4b828f81,"341,184","429,217",317
size500_large_block_seed520560736,500,large_block,520560736,0.1,ca7531d8d5e28eba50d79273749dd1eca6f8e3fb84a926e6b79ddc6900429198,"122,119","31,85",125
size500_large_block_seed520560737,500,large_block,520560737,0.2,d1b4727682149d8449d63e35fd093e2495c4eabfe565b2b0eeae18b20ce4791c,"466,79","6,86",533
size500_large_block_seed520560738,500,large_block,520560738,0.3,1fe28a8957382e0a8e3434bffda34968241369988c17fe29f734eb2c7dbe6841,"194,489","366,33",628
size500_large_block_seed520560739,500,large_block,520560739,0.4,dee8c0620d4829d01dc3819f0fb72e2356f3c58967cc04a730a12c7aefd830bd,"368,404","296,440",108
size500_large_block_seed520560740,500,large_block,520560740,0.1,5bd3f8c7eca926de963f32e859a2798293681e8236907e5df1e05ac4e7408547,"109,427","16,234",286
size500_large_block_seed520560741,500,large_block,520560741,0.2,78554cb98180ed13cab7550ba7acd084724299f0f16b7ac11452085f34d4a731,"300,497","304,477",24
size500_large_block_seed520560742,500,large_block,520560742,0.3,8460f56e6581360119b81df8e610a8153e6a9939cc87c7aff0052fce793608bd,"140,79","487,206",632
size500_large_block_seed520560743,500,large_block,520560743,0.4,9aa8677bbfc91d68ff0ce99be965dc371f25bf56928174d522812c69185bf39c,"95,416","324,321",324
size500_large_block_seed520560744,500,large_block,520560744,0.1,9c8f22ff399d8bb51ee1d409a28a5916020b6cf248cf36c2ec5c9f291b53aca8,"457,360","329,44",444
size500_large_block_seed520560745,500,large_block,520560745,0.2,751c1af0232b53ee93eb40e537a3b80b67e6e71f7b6a03088b33a68d0f919579,"260,253","30,450",427
size500_large_block_seed520560746,500,large_block,520560746,0.3,111deb810b667b438bec65bd63c01be7126e56bb4064ade610426d7bcb48fb70,"251,433","113,221",350
size500_large_block_seed520560747,500,large_block,520560747,0.4,8d692f9243b196cb09bdef8bd503051fc8538fc43c984cbb5f06350746287e39,"43,377","422,420",480
size500_large_block_seed520560748,500,large_block,520560748,0.1,4f7044a48e59257e02e806cf0e15dc8ed2ee4914bb440ccbdf65043af9de2d99,"354,473","53,283",491
size500_large_block_seed520560749,500,large_block,520560749,0.2,4561387f6a007ed43a01d948b2b74b72426bd9379cc3c21544ff0db7c41422be,"355,241","212,57",327
size500_large_block_seed520560750,500,large_block,520560750,0.3,a563ff4b468fd65ddb5fffc7510536e9321b9aa0884b95dd40d8ee55e9444513,"262,287","46,492",421
size500_large_block_seed520560751,500,large_block,520560751,0.4,fb2112b0f203305da3df548059ee1cbed9d0b9146c1b0b599d395034ff08ac89,"278,432","10,375",459
size500_large_block_seed520560752,500,large_block,520560752,0.1,7df4f8685336bb7bbe845a63264ba5cf543a7528e06ac42683ab7f2039420aa4,"150,447","202,358",141
size500_large_block_seed520560753,500,large_block,520560753,0.2,590315eb9a6335b74650de22ee356223f71b5ca64925649518de4062879f7d90,"189,493","480,428",356
size500_large_block_seed520560754,500,large_block,520560754,0.3,b9398a456f3eb5a078dc0c5edfffa2e6836946d80e2a37995da81a33afaf5f12,"485,189","215,381",480
size500_large_block_seed520560755,500,large_block,520560755,0.4,e0a1e12f8dc06bb8e8d06f4ffbc28d420422d9483f92641c8466039a5a0c8119,"389,481","258,186",426
size500_large_block_seed520560756,500,large_block,520560756,0.1,d0ecccb5b5e83c0ea8f7bd51bd360c0beeb5a094c1262e873e053fc203ab0270,"15,125","303,383",546
size500_large_block_seed520560757,500,large_block,520560757,0.2,a6dadb4296fb95db6ce968bd1660775f460d2b8f29c6d413c6bd8e05abe7aed4,"194,0","226,224",256
size500_large_block_seed520560758,500,large_block,520560758,0.3,f4af635b0845dcf95ce9b76af281ecb0817a178d7c11d5f410f64953c3fb988a,"159,26","83,347",439
size500_large_block_seed520560759,500,large_block,520560759,0.4,c2e908397ab0c61605162f732d5b102858d58d4d5f67ac1ac2e1a760bc428163,"13,415","59,70",391
size500_large_block_seed520560760,500,large_block,520560760,0.1,328b525cfee1282f69fb98f6119193f5903d9f953d27133dea5db682c33a1051,"426,380","158,355",293
size500_large_block_seed520560761,500,large_block,520560761,0.2,37b0e3c69e6b90551761c75dc13f415dd07470c411111f9f41521c8dc62c9c3f,"207,334","192,261",88
size500_large_block_seed520560762,500,large_block,520560762,0.3,5c8f64da586d7caa443c48926d47d230c3b9a1c5dbcd49309d980631fc519169,"201,157","324,400",366
size500_large_block_seed520560763,500,large_block,520560763,0.4,edd69266d0b2b31811f3afaaa2027282e7d9c026da932f4b48473addb3e0f6fd,"493,36","232,36",333
size500_large_block_seed520560764,500,large_block,520560764,0.1,658dda24ea510c112e3ba359f4ced40a6175a134e2c93c06d70f4381e5f64e3b,"475,261","281,411",344
size500_large_block_seed520560765,500,large_block,520560765,0.2,ade1fc4c5c0c385b33c5e04a0fc99363181fc0461b88358a4791c9c820034d72,"224,209","93,182",158
size500_large_block_seed520560766,500,large_block,520560766,0.3,abcb46b82732008de23c6bbbca0a420265eff89cb03fcb7bc3a30de7d8e1ca03,"179,246","275,207",135
size500_large_block_seed520560767,500,large_block,520560767,0.4,982d931801567f1d6912ed69c7e057baf32a243cfe3934fc5575486e4cfc73cc,"396,110","437,139",70
size500_large_block_seed520560768,500,large_block,520560768,0.1,34d535e9299564fafab37c9b33b0e102b0ecbfff2a8af9f6dcf4e44d60610222,"344,411","232,217",306
size500_large_block_seed520560769,500,large_block,520560769,0.2,570797ec3e99a7871c8654e1d6f2d1f6b9c478fe3970bcc0025d29c60e6ba183,"86,220","365,224",283
size500_large_block_seed520560770,500,large_block,520560770,0.3,33ba87ad6db668cf075c26be0012c1b783bfabe5d68c8d6a987ff9932d1a565d,"140,244","477,344",747
size500_large_block_seed520560771,500,large_block,520560771,0.4,b695269a35c053200ba2f0f586406b4458d40553cd16f01283d16fbcc366f8ef,"7,441","54,73",421
size500_large_block_seed520560772,500,large_block,520560772,0.1,3cfb919bd936e145d77069531cfeaf77d211d7074856541ffe9ae8fc98bc97d1,"484,128","132,460",684
size500_large_block_seed520560773,500,large_block,520560773,0.2,b46ced049e0caf242ca93629902a065ebeb8b887a1d645b825485dd73b468976,"476,182","297,418",415
size500_large_block_seed520560774,500,large_block,520560774,0.3,03f080531fd07cde550cac9a6140edfa9525faa1d37d6dff55afc832e4bd60ee,"202,433","87,80",468
size500_large_block_seed520560775,500,large_block,520560775,0.4,146e3d69e955d3416b84a04f4355f841c34a0a656c000c0c805d1c68d48367f5,"42,82","250,13",303
size500_large_block_seed520560776,500,large_block,520560776,0.1,d23297a2bce246bb022252ee897780413b93fda9927697f82bd33fb40d9dafe5,"187,236","54,22",347
size500_large_block_seed520560777,500,large_block,520560777,0.2,ebe4ec962ecaa3c8b99503206fd80625abfaf1db3a1f09df4db4df170cf0b8c2,"336,47","145,482",626
size500_large_block_seed520560778,500,large_block,520560778,0.3,b685183f7c6f9f3cef9b0cd91621783292650b2d71e7afd9ec67d385b7b6444b,"64,49","13,377",379
size500_large_block_seed520560779,500,large_block,520560779,0.4,2264316f647d04e0086d6657d1b6df3dfabd27fb318ffff6898d61ef3b95af3f,"84,431","265,464",284
size500_large_block_seed520560780,500,large_block,520560780,0.1,4a1b49a36ca5f1d78a7ab27399d7fdf1e8d4b65fcfa2641a9f4b5a9b19af098e,"341,343","475,372",163
size500_large_block_seed520560781,500,large_block,520560781,0.2,bf05bef8caf637a6905f47c617c3e33e2a5cf4c43ec24394dbc10e475749282d,"163,451","396,335",349
size500_large_block_seed520560782,500,large_block,520560782,0.3,73b99b9f2a44aaff118da87f65808017f8096d9cda7a01494063eede46693526,"330,18","352,52",56
size500_large_block_seed520560783,500,large_block,520560783,0.4,d4b425ce1508591f287c3e0aec8d959b56f050e3c22438638f6e236d58f2222b,"477,450","150,293",484
size500_large_block_seed520560784,500,large_block,520560784,0.1,9b3b8f0f6007e329f6ba008d48c64109e7358fd4a6d1d59c1094ded92df9b1fe,"332,384","77,398",269
size500_large_block_seed520560785,500,large_block,520560785,0.2,14829c41148dd2260d257adbd9ddce55bacf93726c21a6703e8bcba2cbf62abf,"312,169","427,472",418
size500_large_block_seed520560786,500,large_block,520560786,0.3,98087ff709ffc73946f5d3a1d870c6bcc7d40a0b7f6f0e7688fa750966581574,"286,307","441,320",168
size500_large_block_seed520560787,500,large_block,520560787,0.4,c0ceceb75e3ba29637374c2de05305a1b973b2e743ee01d031826f0b658a4a4f,"84,470","251,57",580
size500_large_block_seed520560788,500,large_block,520560788,0.1,4394c87e5b7ffc9de5507f0ef2546717788943f6d4e7fe759279fa57aabbe0da,"379,78","432,398",445
size500_large_block_seed520560789,500,large_block,520560789,0.2,72d48cbe3d9f451c081b184747978ef3751e68db13265f9806ad81d93a691a55,"385,190","331,374",238
size500_large_block_seed520560790,500,large_block,520560790,0.3,ef01c2beed3e01feb79fb03621c2ce2d79a3020571a5708103dc45c919977edb,"452,331","464,212",467
size500_large_block_seed520560791,500,large_block,520560791,0.4,9197aed3f70dd75995b681dac0148f68d600de93282e087909909883733078de,"67,498","379,272",538
size500_large_block_seed520560792,500,large_block,520560792,0.1,ebf845f3b33566dcdc2d173dc198f022c27fbd8a9e41d9972011dff03d5980ed,"40,302","342,265",339
size500_large_block_seed520560793,500,large_block,520560793,0.2,9f2409bf187c272a6ab66bf72bf69ce1d61c10fc7c0d8e51658d644c3abe3ddc,"381,329","130,251",329
size500_large_block_seed520560794,500,large_block,520560794,0.3,5e9ddcd7a12c2f299cc1af12d7fb151106d5564b9c92adca151bc7dbde8faad1,"246,316","340,129",281
size500_large_block_seed520560795,500,large_block,520560795,0.4,e08423c1e224f1b812e8c40ae611f9669ae3c57bac7c45270249177348f08844,"223,306","231,428",130
size500_large_block_seed520560796,500,large_block,520560796,0.1,8a4a399a5f9eea86e74ccbfa58fa471a60eede52b44a3df52ebdec1df7f32a3f,"463,292","57,464",578
size500_large_block_seed520560797,500,large_block,520560797,0.2,79dde7a5647e13f1501f84b812c2036fa56573def15e8cc61f78a2242e822136,"232,407","41,189",409
size500_large_block_seed520560798,500,large_block,520560798,0.3,75d6bd1626c6cbca58f83434020f8fb6e8a767f790dc1d574172276b03030391,"482,435","331,450",174
size500_large_block_seed520560799,500,large_block,520560799,0.4,f2debe247d39ce53a8d9ca290e0f2fbae95b41e5a12438e2e84321c19deae492,"325,33","250,174",282
size500_large_block_seed520560800,500,large_block,520560800,0.1,71407ca4c323459a7ba06e442f0dc8a5b1c62a8a105f61920dd502ee50d45be5,"220,199","362,449",392
size500_large_block_seed520560801,500,large_block,520560801,0.2,e2dae22a775e833931cb061e3734d0af31c9a221a0299aa921d9208bcc0c68cf,"434,78","342,452",466
size500_large_block_seed520560802,500,large_block,520560802,0.3,d87cab7a6979410e6ebb483bb85483e716f145ad0d01d806c720552fd95c8d4f,"32,428","64,176",284
size500_large_block_seed520560803,500,large_block,520560803,0.4,c1556fe3b4e1d26e4a60963a7180a202b4ad6c93426c5b091803ec5a8b3e8d5c,"481,314","94,412",659
size500_large_block_seed520560804,500,large_block,520560804,0.1,e44314371f52cfdfee785c5d5df9cb4a7641b01981c6b5c3d7bf758abd6a73cc,"410,234","241,355",290
size500_large_block_seed520560805,500,large_block,520560805,0.2,0f6cfcc249cb1a842378cec03404469c87dc4889e8cba9b29dd454f44e91ae5b,"146,116","495,164",397
size500_large_block_seed520560806,500,large_block,520560806,0.3,1cdc974caeaf07f83473f267f03e2e3f934583296fbabe96662d5e8eb6be8af5,"447,377","49,121",860
size500_large_block_seed520560807,500,large_block,520560807,0.4,4f13e01d5319679b8045964a5729cf14f6e72c50a18ceefb16b46b32c4fd0fea,"210,417","240,479",92
size500_large_block_seed520560808,500,large_block,520560808,0.1,3f71391e513600dec2fa0f98f726f34e82d2343519c028dded9e3d3f49fea08a,"248,451","356,463",120
size500_large_block_seed520560809,500,large_block,520560809,0.2,6c8d0103e90573426877892c7b109b0aa74d1cf0dbb7095b0c5e6db39de279d6,"116,346","477,440",455
size500_large_block_seed520560810,500,large_block,520560810,0.3,8ffcdb57c0d821cebe07348faec86a8f59fde6463bd6f04547ec6183657364aa,"345,71","174,450",550
size500_large_block_seed520560811,500,large_block,520560811,0.4,c26fd734eec92374a1135fbba5f473fa53dd25e95e76f6c29cabec4c2321a3fd,"121,479","62,163",415
size500_large_block_seed520560812,500,large_block,520560812,0.1,390f61dda9b2e65f685ed835f2913b342efe5ae9ff8eeef65eae42601082effd,"122,70","419,479",706
size500_large_block_seed520560813,500,large_block,520560813,0.2,9d1e9e680c0c3593ccb6c168aedb7262e0992c52c3f735ca6653aa3a2043a127,"427,51","455,103",80
size500_large_block_seed520560814,500,large_block,520560814,0.3,d414e5b5af2a94997b091b7b81316a6517a089333e7d9da73120fa15ddab9d61,"479,2","192,313",602
size500_large_block_seed520560815,500,large_block,520560815,0.4,f1994c242d29edd6a6c7cad37c9f752c03fa8f30ef153aacacde0e356d424be5,"36,494","150,109",499
size500_large_block_seed520560816,500,large_block,520560816,0.1,5b0aa59fead1c26f63d6bf1ecd8f055004b10e3a448eee0119edee4577a17c58,"79,258","472,387",522
size500_large_block_seed520560817,500,large_block,520560817,0.2,61b22bc8521aca6279fee3bb6093bb73b91d25924f2dcfb4a624ed8f69c71ea1,"336,459","155,85",555
size500_large_block_seed520560818,500,large_block,520560818,0.3,aa1139b70f66212b3c85272e0c1169fd78cbe1e25deb129373a6a92c69f02552,"345,289","197,483",342
size500_large_block_seed520560819,500,large_block,520560819,0.4,a2cf6d34e2845af3145d8f42bca1142d6be7200639385ab4f80dc3d95156a1f4,"270,318","292,460",204
size500_large_block_seed520560820,500,large_block,520560820,0.1,64377a44d23b18a543d2c7553e1ef0704c4b085c7a3bb90d16309453a3a1f8ca,"272,489","452,262",407
size500_large_block_seed520560821,500,large_block,520560821,0.2,a9692fd9140c0f66a64c20d8e4a102746871ed275ddb70d5d432b5f6ae84b90c,"11,135","214,165",233
size500_large_block_seed520560822,500,large_block,520560822,0.3,ef6a3a9342d52546981f44e62ee63fce4fb67cb6db20cc0bde25b60a9da3f008,"47,428","108,289",310
size500_large_block_seed520560823,500,large_block,520560823,0.4,ae3e3009a47780d47ff17247bf8e603044c7858529c934f1a909f7799f1171d8,"239,76","80,391",670
size500_large_block_seed520560824,500,large_block,520560824,0.1,4df72bab3f8a9fb85b1eab3598de94bf7c27c7b8d477daf14ed66d9fad9c0884,"444,279","400,7",316
size500_large_block_seed520560825,500,large_block,520560825,0.2,268fef69786b23b5da212594e3a49ee3d795be5964c995f4e88118c2ba52713f,"58,444","248,318",316
size500_large_block_seed520560826,500,large_block,520560826,0.3,05847b79067b19f11631bf045a74810f55f3f77a9a975a770714ed0fdb7a08b4,"183,78","493,351",583
size500_large_block_seed520560827,500,large_block,520560827,0.4,9447d45d654421341be05edb84d2326afaaf1b99f0ec244e4557120a8562ca43,"135,482","404,405",346
size500_narrow_corridor_seed520660728,500,narrow_corridor,520660728,0.1,334ce477c963c71bcf47a32ead75a6ca8e5f1e395caf9999988f71683cc1d32b,"286,41","253,493",713
size500_narrow_corridor_seed520660729,500,narrow_corridor,520660729,0.2,3730b3d7d7f2fe46433270697fad8a33bf27d63ea7ad1ebd6f46ae8aba992d60,"498,338","170,86",580
size500_narrow_corridor_seed520660730,500,narrow_corridor,520660730,0.3,54bd5f510c06b0ede6514d80903b805e0957829f6debc0299cce5110e505ee5b,"444,458","409,75",834
size500_narrow_corridor_seed520660731,500,narrow_corridor,520660731,0.4,26dd5d1912b014f1552cf388acc4e298282cb31afc388f030e7c9931a28f7eb5,"204,7","434,470",819
size500_narrow_corridor_seed520660732,500,narrow_corridor,520660732,0.1,6c15d4ccad99ae28e168608e01d1c92f619d2b82925fd29cbe759a9f46301e45,"126,43","77,133",139
size500_narrow_corridor_seed520660733,500,narrow_corridor,520660733,0.2,6ce5a8130d1a7e6cd22fe6d10e8837133dd39bb35141d312c393fc5a8a9cb596,"88,363","21,445",149
size500_narrow_corridor_seed520660734,500,narrow_corridor,520660734,0.3,0e6ed6181322939b3d75444594163fe60d1840de924786e60a5579e8e49636bc,"393,95","141,485",642
size500_narrow_corridor_seed520660735,500,narrow_corridor,520660735,0.4,c79245b8d37f35f60d5318d6f7e5da84f436c8cf3bd992077fef14d9dee39d0a,"434,390","278,445",211
size500_narrow_corridor_seed520660736,500,narrow_corridor,520660736,0.1,b0fd01201b81cf646883d37b1d7de34376b5e2dcc0af7ea5b3a2cc6079c85fb4,"129,431","114,35",443
size500_narrow_corridor_seed520660737,500,narrow_corridor,520660737,0.2,d407fb069ccc858c3534552aa523beca87a5b88adec38226c437cd1fbd58dd2f,"441,164","295,347",331
size500_narrow_corridor_seed520660738,500,narrow_corridor,520660738,0.3,dbaddf53af35b7cbc00d237f341cfa0d464840fd8daec265f52c974f057c3dbc,"150,432","252,74",528
size500_narrow_corridor_seed520660739,500,narrow_corridor,520660739,0.4,c74abc7c7b73863b8208ffcb1a5689491d901f1bef510b04add4c9f03dda35af,"439,469","192,474",256
size500_narrow_corridor_seed520660740,500,narrow_corridor,520660740,0.1,501e3eeb03315a02e0361d3723ef0451d2e27d7466a33bdeaf3cceb3ad893a73,"354,146","139,379",448
size500_narrow_corridor_seed520660741,500,narrow_corridor,520660741,0.2,8499e1d2edc29b4a9fc37373b544c310d3c65cafdbb47b62c6ff8610702d4a6f,"284,396","301,440",61
size500_narrow_corridor_seed520660742,500,narrow_corridor,520660742,0.3,e830d852e014a36ebd2280162c16e61d68fd59fa7d2454d01b55b1ea7b1b9063,"383,55","382,360",352
size500_narrow_corridor_seed520660743,500,narrow_corridor,520660743,0.4,ba7bf45b9818224080cdb329726d6eddec08b2594e6f74743f586b82882af6d2,"145,49","407,159",372
size500_narrow_corridor_seed520660744,500,narrow_corridor,520660744,0.1,4b60561ea3c2b3030c90dd5c2a5f240d92aafc3d2f807df95b2d181d8480c3c2,"276,431","485,128",512
size500_narrow_corridor_seed520660745,500,narrow_corridor,520660745,0.2,2691cf1d72652e80e0b6d4015d6ff1aea7a75902c61ff854be779b549ff97d1c,"426,36","71,83",402
size500_narrow_corridor_seed520660746,500,narrow_corridor,520660746,0.3,32d861d87e0ca31629793f3797802d70955c0391a7d3ac9881b69b0f778a559e,"379,453","214,71",649
size500_narrow_corridor_seed520660747,500,narrow_corridor,520660747,0.4,bc234907b1dbe11e88a02a2db1cb1ff917444a846d813f403eac1e940a183795,"203,154","473,62",362
size500_narrow_corridor_seed520660748,500,narrow_corridor,520660748,0.1,2e5d83780ddfe2e7f823775b40691a00fa41e9f0db5e0595cbd8b7ed9e5de6b9,"198,455","346,384",219
size500_narrow_corridor_seed520660749,500,narrow_corridor,520660749,0.2,78b80304c3fb2fcd17906a4c004b9d5ea2b1d0e72a42ca94e958dc3303d51199,"304,453","466,151",558
size500_narrow_corridor_seed520660750,500,narrow_corridor,520660750,0.3,c8e54e26ea089ca77838863dbac07a267af47e3f6677b4f96e3c5283f52645d0,"347,67","395,67",50
size500_narrow_corridor_seed520660751,500,narrow_corridor,520660751,0.4,43c855f27afee05a80558e3d00d4c6b1fac586040bd5333558f1be2d73e60818,"398,360","59,374",353
size500_narrow_corridor_seed520660752,500,narrow_corridor,520660752,0.1,ba277465609ac4087fd069eedec97239f805fcce1aa95cf620399773949423ef,"163,23","85,487",926
size500_narrow_corridor_seed520660753,500,narrow_corridor,520660753,0.2,1a98119b3becda45112309c18e10e9a2d5c3127315fe0c7cf6fc861fec15cd4d,"272,32","160,104",184
size500_narrow_corridor_seed520660754,500,narrow_corridor,520660754,0.3,c375f038ac72e0ba9703836ca43a27019c9533630e12f87939ccb5cbc4bfe992,"220,129","335,486",558
size500_narrow_corridor_seed520660755,500,narrow_corridor,520660755,0.4,3a640f5d873e9c813287244460a9191d02a9f66cb73a4499c4df2ac188f8d09e,"78,471","367,15",745
size500_narrow_corridor_seed520660756,500,narrow_corridor,520660756,0.1,1d51458e785434b02b9c57abcd5d6ed17456cdebdc690ccbb3f32b9cdcad8a50,"200,345","8,457",304
size500_narrow_corridor_seed520660757,500,narrow_corridor,520660757,0.2,7b5c10a19e11fd44db07ff063ba11f560a7ab39ca17026d00a7294eda9ccc22a,"412,335","237,397",237
size500_narrow_corridor_seed520660758,500,narrow_corridor,520660758,0.3,d0f4942f202ccbbaba579a7fb7da009cf89f1d9c8ac4476609a70e4c41217365,"412,114","432,122",28
size500_narrow_corridor_seed520660759,500,narrow_corridor,520660759,0.4,81039e8095845f45bd70e3f6cdc32d224b11bf6abea56434c82b45b7ecdff469,"87,46","398,482",747
size500_narrow_corridor_seed520660760,500,narrow_corridor,520660760,0.1,26fb6766d9b00106b92442779b085e456bc9f68b8d55c26333e1e1cc10701292,"469,341","302,484",310
size500_narrow_corridor_seed520660761,500,narrow_corridor,520660761,0.2,511a25b1a5e0c7ea53ece8badf42fbbb695b5405d0a711f972310c687f79a3fc,"367,495","232,92",538
size500_narrow_corridor_seed520660762,500,narrow_corridor,520660762,0.3,293223d431f2f8d9d6971ed5895c5b5fd7cbb3fc91d917b2419254ae0d28877c,"474,76","377,108",129
size500_narrow_corridor_seed520660763,500,narrow_corridor,520660763,0.4,e51d03439b337bdca29ee9f9eb08b1feab4aff40ddca00c789f7bb84b9940075,"240,150","142,134",114
size500_narrow_corridor_seed520660764,500,narrow_corridor,520660764,0.1,6bc82ccbfc80e34960fa8071c5d11bb328a8a47cf2fdb353091c83a908936387,"264,358","45,435",296
size500_narrow_corridor_seed520660765,500,narrow_corridor,520660765,0.2,b807a91baf0bd4a6e0b6a5df257055a7d32c108945da846d7c89971e35789752,"60,44","188,140",224
size500_narrow_corridor_seed520660766,500,narrow_corridor,520660766,0.3,f516aa912ae37a0a68ac8499b4c48ffe75867947e5ab285a4f70bd7120b883b3,"85,64","150,165",166
size500_narrow_corridor_seed520660767,500,narrow_corridor,520660767,0.4,c35a52a7afa64cbd7ca81088ef90a72a79174ecc88efa16440a64e2669c9ed57,"214,67","436,355",650
size500_narrow_corridor_seed520660768,500,narrow_corridor,520660768,0.1,fb1434b4dd546a8c43d226b6f85816bf761d2ca422dfa066a7db47fb227dc073,"328,2","83,422",693
size500_narrow_corridor_seed520660769,500,narrow_corridor,520660769,0.2,4ae580bf811dcea30087ae1a46dfbc6717bb0dbde4c80761bd38db33187caa8d,"171,50","345,434",562
size500_narrow_corridor_seed520660770,500,narrow_corridor,520660770,0.3,76041b16d40c4c5e3194cbdeaf2ab116cde2e21623a032fb8f375bca840081df,"428,49","89,458",748
size500_narrow_corridor_seed520660771,500,narrow_corridor,520660771,0.4,7ea09ef581358251142cb425bbe0fb973dbef8d1321e12f9f19e1335420173e0,"471,386","173,476",388
size500_narrow_corridor_seed520660772,500,narrow_corridor,520660772,0.1,edb116c4ccd5655441eb9af5d1d616873e0987d5ba70f9b7bfd975ac14c0949c,"289,408","111,22",564
size500_narrow_corridor_seed520660773,500,narrow_corridor,520660773,0.2,9ff80cc9a0008f7b972a656d22e33fb9a413a1d553d7bf93383949ba9cc50e13,"406,26","232,491",639
size500_narrow_corridor_seed520660774,500,narrow_corridor,520660774,0.3,2e8ddc508931c0b2da4ca876748841a96d377c3e9ffbd889fc107b3608bcbb6b,"353,92","294,90",61
size500_narrow_corridor_seed520660775,500,narrow_corridor,520660775,0.4,14ef2d8930b17dd16e2a10ed1c9cdb9f9f3723c222baa7337e2f51e751237f05,"388,476","279,83",634
size500_narrow_corridor_seed520660776,500,narrow_corridor,520660776,0.1,59c0f089ab2da4184491f81214d475461034ab5c6eb74e7e82e68270a121b87e,"10,128","259,467",814
size500_narrow_corridor_seed520660777,500,narrow_corridor,520660777,0.2,5bfac5f694e58768cdf3d38044792c7f168b07a2575e657eebb9b1da8a1cde3d,"183,38","457,381",717
size500_narrow_corridor_seed520660778,500,narrow_corridor,520660778,0.3,18118497f2962145a02bbd76016c13c1372431e978117deac3958617ac5a096d,"473,74","22,439",816
size500_narrow_corridor_seed520660779,500,narrow_corridor,520660779,0.4,82eedc48e5f466d80891c3ab290ae7b1cc2d9ff9554973be4e74f42b8b6d8897,"136,442","459,474",355
size500_narrow_corridor_seed520660780,500,narrow_corridor,520660780,0.1,0c46b11c6ccc94deb679c60920806eb9d0871bfbde86a0116beb3d522d5d26fd,"360,415","149,417",213
size500_narrow_corridor_seed520660781,500,narrow_corridor,520660781,0.2,7d92e2b719e2e467fc79368ed08e823fabb4df62c6a6754cd6ebb32677ecbdb5,"165,48","339,460",656
size500_narrow_corridor_seed520660782,500,narrow_corridor,520660782,0.3,b796158aa8dc72773691d164847ce19c8fd1c93853e00a8eeda09f735cda6e8d,"286,436","127,23",572
size500_narrow_corridor_seed520660783,500,narrow_corridor,520660783,0.4,4d3c76260267569507bd71a2a0823bbe7e5c612c10b6c0b57820eee97557ea47,"129,422","112,45",724
size500_narrow_corridor_seed520660784,500,narrow_corridor,520660784,0.1,7923f4140b843c00fe171eff7b5a63e243841ef2d5128bba95ed815eb9968d2b,"31,419","249,407",230
size500_narrow_corridor_seed520660785,500,narrow_corridor,520660785,0.2,1e86c63c9f593648c14a63cc34d3d11e788aabe02b97d4c9af5fcae0c68c4ac6,"62,1","284,490",711
size500_narrow_corridor_seed520660786,500,narrow_corridor,520660786,0.3,7ad68358943af24e4207cd6fb44b48f912f4919699ed08a5db7a5af86789357a,"484,360","467,490",147
size500_narrow_corridor_seed520660787,500,narrow_corridor,520660787,0.4,e231d069169ef1d86312dc3d4e9ac542604ce33a092f1fa6ec094dc54a8cd0cd,"423,449","60,395",417
size500_narrow_corridor_seed520660788,500,narrow_corridor,520660788,0.1,b070353c97b3ffb9805b012e04435ab7e41d192a4cbf3791fc5d22b0bfd13c6f,"441,430","334,1",932
size500_narrow_corridor_seed520660789,500,narrow_corridor,520660789,0.2,b35c00ac882460097f2c585052a5c5baf76550db59635f46ca54266922278300,"143,380","104,366",53
size500_narrow_corridor_seed520660790,500,narrow_corridor,520660790,0.3,eb22dc704985156caeca0730f4f24d20416fcdefae7aab2f9f4d65897cad5151,"305,119","437,362",375
size500_narrow_corridor_seed520660791,500,narrow_corridor,520660791,0.4,4e5e07fdf93f4398c00d4dec45fedca1ff1d72e913f4441dd6803f1eb3cd5296,"3,77","417,55",436
size500_narrow_corridor_seed520660792,500,narrow_corridor,520660792,0.1,e727453f821b1c26e6f2116e6e4f112ed403e03a5840db64e6c6992e78e33638,"25,92","410,25",452
size500_narrow_corridor_seed520660793,500,narrow_corridor,520660793,0.2,900e9d37df760ebfb57bfdbd51ea71ef338c9d34f51b1962a461dd22883c6d97,"260,80","338,107",105
size500_narrow_corridor_seed520660794,500,narrow_corridor,520660794,0.3,ec068e5e62a1917b96ebc8c81a37ef7fd511174426cb32a292ef2c54c33d6f22,"343,463","319,73",536
size500_narrow_corridor_seed520660795,500,narrow_corridor,520660795,0.4,01cccf2bdb628a9ed52a552229137082c8bb8fc44f6f1608be21f638f4314d17,"426,432","461,143",756
size500_narrow_corridor_seed520660796,500,narrow_corridor,520660796,0.1,6c22fa0a4f61147c41d6d3cf81ef921298b948dcf6b24cd933d9204d1e98f094,"35,159","88,107",105
size500_narrow_corridor_seed520660797,500,narrow_corridor,520660797,0.2,b08f1dd813df5064256a9b26f84e84092f649d500f3d3f40cf55cd14c745098f,"174,45","80,359",632
size500_narrow_corridor_seed520660798,500,narrow_corridor,520660798,0.3,cfd34ac4cf10a325d33145113c03a6595edde7f78902a34587b0ecbb440d4414,"432,339","234,143",566
size500_narrow_corridor_seed520660799,500,narrow_corridor,520660799,0.4,0838f6cbd0447c85588afa2e298dd575124dc90d78716b50b66480be7f57a008,"320,344","423,434",193
size500_narrow_corridor_seed520660800,500,narrow_corridor,520660800,0.1,a063735e69cd19c6e4a38c2a5452365d2e8ed9ea3803e3deb3e9634ab1dd565b,"45,345","212,321",195
size500_narrow_corridor_seed520660801,500,narrow_corridor,520660801,0.2,8e3cf97afffd06a415d312a0d4c11ee1518533e96e7159d7aa4e08c88deccb4c,"350,410","351,161",396
size500_narrow_corridor_seed520660802,500,narrow_corridor,520660802,0.3,6e82dc9f95da94f032a19b862e768f261facf40a2a32058c0ec59689240c32aa,"98,497","346,126",619
size500_narrow_corridor_seed520660803,500,narrow_corridor,520660803,0.4,6465390db7c5be050cb7fbb1b67151ef427ae001033e8566ded59086307cdf6b,"122,425","303,41",565
size500_narrow_corridor_seed520660804,500,narrow_corridor,520660804,0.1,cbf0ee5bdbead05eb6daf2627fec5cacdef15b0a2f33717a5e9efceffa5eca54,"327,352","361,339",47
size500_narrow_corridor_seed520660805,500,narrow_corridor,520660805,0.2,62a9e22a11002e7bcd469cc169a617c00aaa763cae6b3c30038b794368a0b591,"345,86","388,455",582
size500_narrow_corridor_seed520660806,500,narrow_corridor,520660806,0.3,2edd181e11be16bd1bed634ac54bce1ca84ce9a337172df0633935a39b902356,"39,61","54,157",111
size500_narrow_corridor_seed520660807,500,narrow_corridor,520660807,0.4,c1b3d179e028f2662636ab6868fa62ec08e07801c5f2718e33967aa49824ef25,"205,61","488,161",383
size500_narrow_corridor_seed520660808,500,narrow_corridor,520660808,0.1,9579bcf9df9a7bf6d3c4fcd5d14404e795bad42d1c3f3972211a35256b44d044,"405,458","420,363",110
size500_narrow_corridor_seed520660809,500,narrow_corridor,520660809,0.2,e696b029cf5c86709488ef3a0fbc56f766a86c5671a5af26668be1cc8bcd1435,"33,380","398,355",390
size500_narrow_corridor_seed520660810,500,narrow_corridor,520660810,0.3,cb8748dae5fefe6217eab6ec585d0a40a688bb027db0e2faf9ca9ad783918262,"371,394","211,39",515
size500_narrow_corridor_seed520660811,500,narrow_corridor,520660811,0.4,94d373f2c32a015555d098e6665344f56a952a79b5742b0c6fad330db10335b5,"405,368","179,337",257
size500_narrow_corridor_seed520660812,500,narrow_corridor,520660812,0.1,7a11b6d77c3c703ce404f2442d630694228416cf45a5fc189783a6cc32ec6f98,"308,8","202,498",612
size500_narrow_corridor_seed520660813,500,narrow_corridor,520660813,0.2,ffb4dbef46b2d3096f4135fd267fb64650dda34c30a6ed31ca5bc1e560cd57e6,"141,70","417,53",293
size500_narrow_corridor_seed520660814,500,narrow_corridor,520660814,0.3,d043de70b764de9648bb5f4094542f5906c15b07bc27481782dc0848635e7db8,"188,65","22,160",261
size500_narrow_corridor_seed520660815,500,narrow_corridor,520660815,0.4,40849a3464fce62a83b84f875715ebc59937bc001f2e5a02b4ed468080537f38,"224,104","11,37",280
size500_narrow_corridor_seed520660816,500,narrow_corridor,520660816,0.1,e83b4644aa15e5a6392e5f2e2fe31eeedd462fa6125238298c2f9dcba1e6d78e,"400,130","283,30",217
size500_narrow_corridor_seed520660817,500,narrow_corridor,520660817,0.2,39f7344b6412cda58bfb73664b0e699c51c795bb47ec4e406f7be7363b033bc4,"96,55","394,33",320
size500_narrow_corridor_seed520660818,500,narrow_corridor,520660818,0.3,fee39e1d83c2ce10d1a206efd9866d71a48cc1234eeabdde54037f373363d0df,"479,1","219,492",751
size500_narrow_corridor_seed520660819,500,narrow_corridor,520660819,0.4,14fde0c351a797c3b72fb3210303bba75ef8eadac3d73ed0e3447d43baf73c69,"131,449","229,368",179
size500_narrow_corridor_seed520660820,500,narrow_corridor,520660820,0.1,4410f2eacf6ef9ea9321ca5cbeb6a51c611123d33cdd7f05f8d0db649aed6678,"76,474","150,120",628
size500_narrow_corridor_seed520660821,500,narrow_corridor,520660821,0.2,3c565e2a5add751462b4d5744b28f00e17666795b1359ff1460c37e39cf8d115,"4,497","87,464",116
size500_narrow_corridor_seed520660822,500,narrow_corridor,520660822,0.3,34759549a63d9440e0070ca19b8e606b327aaa80aee755e50507c91c0a5a3f50,"200,348","483,112",519
size500_narrow_corridor_seed520660823,500,narrow_corridor,520660823,0.4,45dd593f7e004c915ca2b969eb0020ea00fc0862bccf79ce4a3a377d82230a20,"278,480","134,484",150
size500_narrow_corridor_seed520660824,500,narrow_corridor,520660824,0.1,4e53b9c0bd15bde8bef961c729a1e6a573c0de6832f4512fad758bccde807e3e,"302,413","109,26",580
size500_narrow_corridor_seed520660825,500,narrow_corridor,520660825,0.2,547f8c9c23925c1fde4ee7bede82408d2e07be5af7a027c1ebc23b2a49ae0590,"343,397","382,352",84
size500_narrow_corridor_seed520660826,500,narrow_corridor,520660826,0.3,feb5fa0286164fbe93e0ae1f78f9826a05e9ef21372304cfb803e8c4b7c3a57c,"242,373","433,124",440
size500_narrow_corridor_seed520660827,500,narrow_corridor,520660827,0.4,a1f216c683aaeed9cd583bfbb56637ee3e3e5b11acb397e3bccd1681f2effb6e,"173,400","232,28",585
size1000_open_random_seed1020260728,1000,open_random,1020260728,0.1,2cda83fee16e2a71f2de4f8c8206a1ca1d0754e59e0d00a1eb6b6ed926979905,"902,388","568,483",429
size1000_open_random_seed1020260729,1000,open_random,1020260729,0.2,3671aed93b1422f2b92c02c66f964aed349b556efc756b279f424c4987cf9d0f,"356,364","26,501",469
size1000_open_random_seed1020260730,1000,open_random,1020260730,0.3,3925e37fda986e8cd33502f3c7f4beba6f919bbba0369422319eaaa551f04db3,"103,1","714,19",797
size1000_open_random_seed1020260731,1000,open_random,1020260731,0.4,9f393dd0413c10917ef76a59a88fa572fad2cd5060c158693ccc37343e8b1084,"304,384","137,45",1528
size1000_open_random_seed1020260732,1000,open_random,1020260732,0.1,c0639f0d2bfcfef6c7ef80d782576c149a78aa33e3362a8884bd4d3d35ead34f,"500,969","892,915",446
size1000_open_random_seed1020260733,1000,open_random,1020260733,0.2,f7e5af629bdbb172e82546d636dc9b6d109392ea510060084a5721e4fd1a1ef7,"990,23","758,254",463
size1000_open_random_seed1020260734,1000,open_random,1020260734,0.3,b283ba04366161e690fc7d2e5237cdf77da73a9875f3ea273135d87e1cc3c9e4,"118,593","371,651",351
size1000_open_random_seed1020260735,1000,open_random,1020260735,0.4,c57c971bc382e3f76851313029e7a726a4e9c6ef5c61323b97c394c883cee277,"248,509","982,95",1898
size1000_open_random_seed1020260736,1000,open_random,1020260736,0.1,28637d05ad2fa8c43eca5c24f9a87c422daa15626c452858f5adb5d751e7cd8f,"624,167","413,302",346
size1000_open_random_seed1020260737,1000,open_random,1020260737,0.2,3d0427272ee0d87d847cf8c60e4d7a45a5e8cb85bd9861c655d01c09536545ad,"368,658","392,838",218
size1000_open_random_seed1020260738,1000,open_random,1020260738,0.3,c822d1afa4c13b820046499682ef198c249aedbcdab22bb22cb1d9dfa012f3ff,"426,767","608,306",669
size1000_open_random_seed1020260739,1000,open_random,1020260739,0.4,82f5b71dafe0d33a73e24e3bd27b37979f705c729dd9cc79545a8095fad8d4cb,"144,502","838,394",1412
size1000_open_random_seed1020260740,1000,open_random,1020260740,0.1,38d1ba00238a100e2a78cc36a76bb1a2cbd134b429918af24586e679db186716,"115,9","477,191",544
size1000_open_random_seed1020260741,1000,open_random,1020260741,0.2,79f601f3dee90258ec9ffc421f680cdad02ca3f8438afb46308af0378197a113,"685,391","470,665",489
size1000_open_random_seed1020260742,1000,open_random,1020260742,0.3,08f2b3bd8c28b5bc36f2e30fdbafa28a806791729c46bd13281f37e5e80eea84,"155,340","965,568",1126
size1000_open_random_seed1020260743,1000,open_random,1020260743,0.4,c3dd6f3b067a4a20d068ea06264ba2cb9e1ffc312a9e9c57598500ea2cc3aad4,"116,18","725,708",1981
size1000_open_random_seed1020260744,1000,open_random,1020260744,0.1,ceb2f6356287d1cd7a548878076275cba60d1b7b9015f5950a7cb6376066caf9,"83,761","536,175",1039
size1000_open_random_seed1020260745,1000,open_random,1020260745,0.2,404043e558020c7a4fa272be722216241cad71b983e51f5e4efdbbdab24cbd6b,"45,726","311,428",564
size1000_open_random_seed1020260746,1000,open_random,1020260746,0.3,4cc6a1c9dc4f83700f90f668a7fc97aebe3e07bd9ae967c2439384b3565f4856,"671,634","758,809",264
size1000_open_random_seed1020260747,1000,open_random,1020260747,0.4,33176032e2f722ff503c986e68e1334443a000495bab3b02a2cd3da8fc26977b,"59,395","520,935",1437
size1000_open_random_seed1020260748,1000,open_random,1020260748,0.1,6d66a2a793e4f7e534081ada27e942aaa122c0ca0ac92952929fb87e94775804,"880,764","706,814",224
size1000_open_random_seed1020260749,1000,open_random,1020260749,0.2,10dc3ede43026929b8b2df81af46bdbba18c347017fd65b6b53a4dd94eeaf1cd,"880,437","975,293",239
size1000_open_random_seed1020260750,1000,open_random,1020260750,0.3,b61777e88fbfd29a9be6f400c0ce306d94694d48e2b513d40674c3bb6afea308,"72,355","57,679",431
size1000_open_random_seed1020260751,1000,open_random,1020260751,0.4,f69de9d1b050019a21a5a09d519d29d1de137625289a7d1b8ec51324888e3261,"508,594","243,235",1004
size1000_open_random_seed1020260752,1000,open_random,1020260752,0.1,04c2b4cc8d20764c29f597ed58cd9da8c9b6c3ca933466b3708a85ba4bcd7bd1,"240,683","470,961",508
size1000_open_random_seed1020260753,1000,open_random,1020260753,0.2,06c5054547ffb0dfe8b7c1f09c4e5ee8a088e32898f4f31b77005101ee0e7cd3,"298,427","77,32",616
size1000_open_random_seed1020260754,1000,open_random,1020260754,0.3,253dc76111806a0e135ad5cdea36e358a7c54bd09f4a4a57f9f0c832409235aa,"677,557","145,945",934
size1000_open_random_seed1020260755,1000,open_random,1020260755,0.4,4e631d996d0e7a70c1088e9c7c3a93774bfeaea8b1165718044d95eaaf685da6,"631,662","618,655",28
size1000_open_random_seed1020260756,1000,open_random,1020260756,0.1,223b471d6c95b886f4615b1830867c52f524eea5a35afd47f6c463169ad2a283,"188,283","913,140",868
size1000_open_random_seed1020260757,1000,open_random,1020260757,0.2,5947ce3eb1334d347fc600715feec14c3bffa95b7da2f433550bb054f9a678c6,"106,846","818,436",1126
size1000_open_random_seed1020260758,1000,open_random,1020260758,0.3,e7031fac594c7e976ca248f24df57462716c0f97354d28f18a0acc6ab6a14277,"594,89","543,847",989
size1000_open_random_seed1020260759,1000,open_random,1020260759,0.4,23995adf75f2aabe92c69a3838339f722a43d90ad9bbb2c09edb8503206f8c30,"911,926","273,195",2437
size1000_open_random_seed1020260760,1000,open_random,1020260760,0.1,30818b3513fabbff7ee64a3c6e18c8f9f9f470cb6306b2156d4a3657ef16585e,"72,986","57,473",550
size1000_open_random_seed1020260761,1000,open_random,1020260761,0.2,e4db689c0ab9f44578f8004bf51ec1373c5a0f84c84d8d5499b2edf4ef63d026,"629,49","857,521",700
size1000_open_random_seed1020260762,1000,open_random,1020260762,0.3,3967730583c3290cb30bf1cfab35121166af27258b3a9d75a063d67f4016f014,"817,871","816,871",1
size1000_open_random_seed1020260763,1000,open_random,1020260763,0.4,96064160e5f3b8c8de6e42f258a32647ae728475461127877c93aca41472dc03,"212,665","367,624",538
size1000_open_random_seed1020260764,1000,open_random,1020260764,0.1,c38b1636bbe72ec8bf5986a5857186da1be4ea4276a12fdd920c6a7e4e4b4a3f,"110,430","123,499",82
size1000_open_random_seed1020260765,1000,open_random,1020260765,0.2,2c92ff2fc12a38db6eaaf394a9df373c6b15308c3b0a986474845bd4620815f0,"490,516","174,148",684
size1000_open_random_seed1020260766,1000,open_random,1020260766,0.3,49cec9509dbfa128ed4fde66bd11a1a9533c30d093326f065731a9a3742dfc81,"424,828","637,613",430
size1000_open_random_seed1020260767,1000,open_random,1020260767,0.4,2405b86e367309828fb19d9d17441e52069cb77e701373e4b59a5e2b1fa9278a,"872,820","210,349",1921
size1000_open_random_seed1020260768,1000,open_random,1020260768,0.1,d742d74042e6cab5e586d58ebd3e1c61672d47a5927deb2f148e20cb79ca24fb,"139,329","323,405",260
size1000_open_random_seed1020260769,1000,open_random,1020260769,0.2,dc7404228e725bd6021ab667802431cf794bca2917a7298a6a9d6cbb6cfee101,"264,15","943,0",788
size1000_open_random_seed1020260770,1000,open_random,1020260770,0.3,1b20b87f7d7da7d6bfbc97a3c2e0b80b2b8d5a2c6e3cd8e4075ccf42663c7dba,"656,19","666,644",815
size1000_open_random_seed1020260771,1000,open_random,1020260771,0.4,9a6b5440228992283a1300eb3ab525b14d4495e8e5a777373d656b921430fb53,"829,629","952,358",766
size1000_open_random_seed1020260772,1000,open_random,1020260772,0.1,68181486811f8b320db2559c734f3b6af6bb3951bf8c66c026fc6ef4b46eb86a,"146,457","336,460",207
size1000_open_random_seed1020260773,1000,open_random,1020260773,0.2,1e8c3e637434e1562ff82eef687e7077a0abaf892c47160d75095ba883e12a02,"423,161","356,771",723
size1000_open_random_seed1020260774,1000,open_random,1020260774,0.3,a09fc7b3d79114feef015ac3a3b7e556df2461fbd6cb33cceac0918a754afa86,"538,556","539,556",1
size1000_open_random_seed1020260775,1000,open_random,1020260775,0.4,19b3dbd68f44f0a03a45dccce29a10aca783f580ddedc69f880598ea90223580,"359,925","376,878",100
size1000_open_random_seed1020260776,1000,open_random,1020260776,0.1,ed67088e2f3e2ed2188a5168d1981050febd45d3c81faefd093bf96de95fc85a,"582,939","795,58",1094
size1000_open_random_seed1020260777,1000,open_random,1020260777,0.2,3d72e0be88533b289ce7f744ddaeb7bb3c3c52f3313f18197b188f8c8f08132f,"651,335","154,206",638
size1000_open_random_seed1020260778,1000,open_random,1020260778,0.3,424cb12d2aadc344ec2678b0df603f1c992762b565aa1733ab7f3bba8f538021,"12,933","642,79",1494
size1000_open_random_seed1020260779,1000,open_random,1020260779,0.4,75bd62557cfd8b7fc9399341ca729d336c6133a4633d0e90a11d8b8362cbf405,"34,9","28,5",10
size1000_open_random_seed1020260780,1000,open_random,1020260780,0.1,53e5a7b1c5802d009031f48817964b799aaee165f820eb153d65a07bfa6b1ac9,"153,314","845,456",834
size1000_open_random_seed1020260781,1000,open_random,1020260781,0.2,b30582856900ec09a36e64611666205a079fcce56e60f124bab98e4795713849,"762,125","105,799",1333
size1000_open_random_seed1020260782,1000,open_random,1020260782,0.3,48b266354f8db7a5ee78e804ebb1b2fe2dd517ce8d087133a30aeee470ef27aa,"89,657","425,2",1021
size1000_open_random_seed1020260783,1000,open_random,1020260783,0.4,7aab0f3c2922df22ed7afef569c8aab4c4a214d59874f92f8411848655d902ef,"272,520","767,134",2007
size1000_open_random_seed1020260784,1000,open_random,1020260784,0.1,37ecbb97903665da298153b7617d3c31fd2dbf7a8c32d92a93b2e82617a30f26,"237,628","752,969",856
size1000_open_random_seed1020260785,1000,open_random,1020260785,0.2,4a64c3710d816a1e23fe927fd04ee99d1d5670e3fb03de1d55bbdc28b2730dc7,"339,990","90,796",443
size1000_open_random_seed1020260786,1000,open_random,1020260786,0.3,a661c5ff676e1e8797a73e824f361e40abb2f6cee03d519690349e42ae264505,"427,436","172,527",390
size1000_open_random_seed1020260787,1000,open_random,1020260787,0.4,01630a22acf553ad16e1753327a95bad75a362748ad3e290a978e41646af1938,"273,556","826,497",1070
size1000_open_random_seed1020260788,1000,open_random,1020260788,0.1,a9b22d4f223c57a73cf2726613781a5a01012ea0160356e95ebccef34acb6ac5,"731,540","905,429",285
size1000_open_random_seed1020260789,1000,open_random,1020260789,0.2,13e67b643d1a92e87432ffa1ca595502dcf74d9cfbe55527e0f50eca8fd7093c,"740,542","926,152",576
size1000_open_random_seed1020260790,1000,open_random,1020260790,0.3,40f6f472d0e46d1196be529ed7ea5b43dd2e3d2df1a2ff13cd079cf6f2e4ad6f,"795,761","673,543",346
size1000_open_random_seed1020260791,1000,open_random,1020260791,0.4,553fa7b5ab71da5f4704aceeb26325953f90f93bd1c961bd813cef63ed81b961,"381,961","860,188",1760
size1000_open_random_seed1020260792,1000,open_random,1020260792,0.1,1b80f232db9730a37ae35e12a859c4dd3c7f7a24975622f09a1179fb5ea22be2,"616,802","616,944",150
size1000_open_random_seed1020260793,1000,open_random,1020260793,0.2,dcf68ed888193e27d53ebba64bcfae838917ad9362c880df6a69ec497fe8f03c,"913,176","655,518",600
size1000_open_random_seed1020260794,1000,open_random,1020260794,0.3,a3b29d93538ac0ca8c5d6615c8e82ac343d9f15055964a01e006858cfda3a8f1,"239,901","148,961",155
size1000_open_random_seed1020260795,1000,open_random,1020260795,0.4,7e23405266f43727d8941eb6f69cfe7599c5d40645b54f892367b0ee16759e18,"859,954","281,107",2351
size1000_open_random_seed1020260796,1000,open_random,1020260796,0.1,d8ea861c33200c6c5bbf81395006b7834fa9d065cb942e80dba0389174f72618,"843,32","387,393",817
size1000_open_random_seed1020260797,1000,open_random,1020260797,0.2,edaf8f58bf390a27f27866dfdbf25f03ac36e1b8b41e9a6962033037527d8c97,"208,733","887,376",1036
size1000_open_random_seed1020260798,1000,open_random,1020260798,0.3,6a4a58471c5847644d56909000fc69353b6ec3d9fe013021cbd6032bf2d6838e,"292,291","679,459",599
size1000_open_random_seed1020260799,1000,open_random,1020260799,0.4,0b6e6e0abcd2624d36e239d6ee3b040c561bd1fbb5b070c9239c7fb25eea1bc3,"644,882","645,884",9
size1000_open_random_seed1020260800,1000,open_random,1020260800,0.1,3284b80adeb8698ffc72fd16c0497a7f4365a7cc81b954b7bdc8073b8f0e1cd0,"635,930","959,842",412
size1000_open_random_seed1020260801,1000,open_random,1020260801,0.2,e68350d7cb4689f835e003654fe8e06513b076f448f2a1fdf837a7f88ee66aaf,"893,26","694,79",252
size1000_open_random_seed1020260802,1000,open_random,1020260802,0.3,f4992a21f06973887bbe3ab689c4d1099bd7f3eef1859b20af1db7baa75dcbd6,"998,722","567,782",573
size1000_open_random_seed1020260803,1000,open_random,1020260803,0.4,7038195392892d1f1b4bc5fe9406547e9b83813cdaa52f15bb14a26e659263fd,"427,672","426,671",2
size1000_open_random_seed1020260804,1000,open_random,1020260804,0.1,760229e0abb59fee802f769dd9735b028e881343354c615cde05a0eb7b7a9a38,"407,648","252,708",215
size1000_open_random_seed1020260805,1000,open_random,1020260805,0.2,cde721fa9dd180f5005bae67b605d7c1157bbdf87d4e99df73e690b7fae66ff4,"328,371","169,266",266
size1000_open_random_seed1020260806,1000,open_random,1020260806,0.3,25b9a26dc69a5169b186ce0514462bc8b0840256f0a5ad40ed12549484e8f0cf,"243,92","865,833",1367
size1000_open_random_seed1020260807,1000,open_random,1020260807,0.4,636c20ef65e29d0dd794961f323bcd72a45f211690aecf16c7e8789eb18db447,"176,619","176,618",1
size1000_open_random_seed1020260808,1000,open_random,1020260808,0.1,ffe69a3ef7048a09e680b4badc12bcd23290a2da1bfe60da754d9b7e05494200,"4,993","889,421",1457
size1000_open_random_seed1020260809,1000,open_random,1020260809,0.2,3c90b8a013a1e3a92d627e3350301271eeeeec4df01088d977635e9bb5fdf2fc,"120,69","819,202",854
size1000_open_random_seed1020260810,1000,open_random,1020260810,0.3,56c50c83c116f68a8d712df2d4e20e97c3f40378388800f099ce3479fab7004f,"900,969","806,554",571
size1000_open_random_seed1020260811,1000,open_random,1020260811,0.4,9efb937fd8074e4e0f3e93c84869aa43fa4b5b663d514e581b28164bfe2fa521,"680,777","837,524",552
size1000_open_random_seed1020260812,1000,open_random,1020260812,0.1,28d9d8dbc72ad72d378d42aedba3897982d8290c749806880204972d5a475ef3,"861,80","904,317",280
size1000_open_random_seed1020260813,1000,open_random,1020260813,0.2,65d35dc3f1174328a63eab843b03a016f16e96d5083f7d50bede7e049c8c912c,"783,633","889,352",387
size1000_open_random_seed1020260814,1000,open_random,1020260814,0.3,a40fdf0ec3c491bc8409b2101c23892077a4666f65b1129d8b6f2891c3ecb436,"972,774","597,867",512
size1000_open_random_seed1020260815,1000,open_random,1020260815,0.4,a9f552a5616da70aee9a47d7725651472f0a4059f4ecea49c24ede1d2eda8d74,"575,265","117,748",1859
size1000_open_random_seed1020260816,1000,open_random,1020260816,0.1,cc9d35dbd352557527fda17450bee8738792a979f11d963179bfcce300a33a74,"854,250","619,584",569
size1000_open_random_seed1020260817,1000,open_random,1020260817,0.2,cb019679d7c481ea82b7d54cca4f15be3590feb767c29f1b9770739852ba0247,"587,26","505,268",326
size1000_open_random_seed1020260818,1000,open_random,1020260818,0.3,e84b969ca177358a0d258e747435dee6615d9f9e46288e1cc07483ef214cd9a5,"965,259","714,893",935
size1000_open_random_seed1020260819,1000,open_random,1020260819,0.4,ebe0756d89527f2622e8a7e4fa6a649ed72c7f848a6d77a727c219b00e0fb1ab,"339,7","348,8",18
size1000_open_random_seed1020260820,1000,open_random,1020260820,0.1,5acb74409e0aac54359238c1843075e6c591d0e97f8d308739f553c48279aee2,"820,859","456,332",891
size1000_open_random_seed1020260821,1000,open_random,1020260821,0.2,5a2892c4f17c57164c320481dc0039432efd590715d647211b0307db7100fd7c,"387,759","417,192",649
size1000_open_random_seed1020260822,1000,open_random,1020260822,0.3,6c521de289026549226545822416c3a4ead7354435c38e81f698afe90f10de20,"965,764","342,755",804
size1000_open_random_seed1020260823,1000,open_random,1020260823,0.4,661604a3e2f7d1a818f8bae227a24f5944490021100a17451899713166f39294,"135,35","175,170",251
size1000_open_random_seed1020260824,1000,open_random,1020260824,0.1,23a6c90d65ae961d9d52c9eb8b40e457848334130c6c1329116ebd598a3c701a,"509,181","448,547",427
size1000_open_random_seed1020260825,1000,open_random,1020260825,0.2,2a780592b956814b03bff028b484ab92294aab838c82d82f4d673793bc4425e3,"89,116","14,535",514
size1000_open_random_seed1020260826,1000,open_random,1020260826,0.3,7fd422ee176ecdacfcf1872a7b9b7757c71204ddf62b84617c978225288ba246,"594,926","693,725",306
size1000_open_random_seed1020260827,1000,open_random,1020260827,0.4,16fa055c9743f57a5553405b0568dad072496f4f30dbe7245c6459dcf10477e8,"809,647","188,233",2005
size1000_maze_like_seed1020360728,1000,maze_like,1020360728,0.1,a05e08c72742bd0988ce2eb2989f4922697c2b2e827ba03a4809354b6383ca5b,"110,57","111,57",1
size1000_maze_like_seed1020360729,1000,maze_like,1020360729,0.2,4f978afc450ba482fab8a07478fd0f46f71b7fd95309b90355fd98d8df4d994b,"711,50","711,48",2
size1000_maze_like_seed1020360730,1000,maze_like,1020360730,0.3,edf87fdb1ff088ec51da836a393dfa8d51f52c755a3c20bca6e68133ce367313,"868,773","866,773",2
size1000_maze_like_seed1020360731,1000,maze_like,1020360731,0.4,0b52472a97b348dfe74a3bb405ece2619bf2bd28292a9fd5e29de8792ef5802c,"995,738","900,1",842
size1000_maze_like_seed1020360732,1000,maze_like,1020360732,0.1,84479f0db7f8e289f88c0a57658f215bff31f1039b489b33b205f1a7a9197a59,"562,341","560,341",2
size1000_maze_like_seed1020360733,1000,maze_like,1020360733,0.2,b89cc37cfdb6c396c85c858e96600ba1efb4527d1781309f53a0d8b1da4d32ef,"463,908","463,909",1
size1000_maze_like_seed1020360734,1000,maze_like,1020360734,0.3,0b69a9091b65a7bd4f0722f3b1fb5a43354565ad6cb06c87ef7ba04adba7e974,"800,892","801,892",1
size1000_maze_like_seed1020360735,1000,maze_like,1020360735,0.4,c8e5be1383a7a0ddc982faf4fdb745000e22443fa1d707acfd9ae1a2f85c0604,"261,718","260,717",2
size1000_maze_like_seed1020360736,1000,maze_like,1020360736,0.1,b037da4ba4c732308c07653f42045c567936a525fff601859ac8d55e68f1ce41,"863,316","863,317",1
size1000_maze_like_seed1020360737,1000,maze_like,1020360737,0.2,f69d64ebda794a542a09b431e49938b83ab29eb0f4631f1a7f071fc42a6e0e1a,"611,742","610,741",2
size1000_maze_like_seed1020360738,1000,maze_like,1020360738,0.3,be0dc69882cbd7f6de1c2a21ce5306686b3f226d52f4d5e5225a39faabf49d55,"705,633","706,632",2
size1000_maze_like_seed1020360739,1000,maze_like,1020360739,0.4,f6272c4bc0dc638f2b3ef9fa50043502b3599befd554367b97366f1d497ae338,"690,524","693,525",4
size1000_maze_like_seed1020360740,1000,maze_like,1020360740,0.1,3466264e3f48ae8cca85739dcafa95d5692661012085abc1bdb1aef56bbbc41f,"366,109","368,108",3
size1000_maze_like_seed1020360741,1000,maze_like,1020360741,0.2,c918b1420d565ca56b200e4613889ba68c55c62cee40eebc13cf0d273a70f0c9,"768,880","765,880",3
size1000_maze_like_seed1020360742,1000,maze_like,1020360742,0.3,977f59b095167cf1a44a7f7ce79d21bc3c8f4d52d1ecc44c4eeeb6ccdf5af56f,"840,766","843,765",4
size1000_maze_like_seed1020360743,1000,maze_like,1020360743,0.4,dde42f114c062ec97232415b364eafcf313a6834b41086158fe5746dae143d11,"388,41","385,42",4
size1000_maze_like_seed1020360744,1000,maze_like,1020360744,0.1,89ca4cd10718bc03e66df7d613989754bc4027b0faff44a64a19d281fb2f1368,"543,290","543,288",2
size1000_maze_like_seed1020360745,1000,maze_like,1020360745,0.2,3af3cf873422f7a3c8a1f4433abe4e55d9916cd083c29461db12253a2cd9a39a,"470,973","473,974",4
size1000_maze_like_seed1020360746,1000,maze_like,1020360746,0.3,0a216bd7a7e9ad022272471d560814ca0d0a2fe9f7a16a13931128af3d29d339,"762,521","761,520",2
size1000_maze_like_seed1020360747,1000,maze_like,1020360747,0.4,5bce1925ecdc49a62bf00c4abe816b0c7ada11a493c7be27507065128d66cdd8,"568,796","565,798",5
size1000_maze_like_seed1020360748,1000,maze_like,1020360748,0.1,c9ec50bafb00beba215866790d87d44c2a02d08230d709b29b937daff69a1ae0,"661,698","660,698",1
size1000_maze_like_seed1020360749,1000,maze_like,1020360749,0.2,c4aba8ca02547f096930c6153054902a0de89712eaeaca562a92b94d95219fca,"627,857","625,858",3
size1000_maze_like_seed1020360750,1000,maze_like,1020360750,0.3,15a58789bb069d14a717b657f150e524a660137e76bcf043a8ea8340c58c9ff9,"355,332","357,334",4
size1000_maze_like_seed1020360751,1000,maze_like,1020360751,0.4,118eaa46962ecafeb8e09d631f2d0bef3d85ed7f9846747882cd1fccf7d947af,"721,689","721,688",1
size1000_maze_like_seed1020360752,1000,maze_like,1020360752,0.1,8db3f212943708ee400f36ca286cc641c94437c0201a93f31dd26d1ef51df3a5,"910,629","913,628",4
size1000_maze_like_seed1020360753,1000,maze_like,1020360753,0.2,a7c7dc77f38e88aa37218c40c7bac9f46682155ad98579b5671820ebeb1aef78,"317,585","315,584",3
size1000_maze_like_seed1020360754,1000,maze_like,1020360754,0.3,0870c47e7393ba964dc07a455d58a611567773db05992126f94125a5a10117a5,"270,450","272,450",2
size1000_maze_like_seed1020360755,1000,maze_like,1020360755,0.4,ba981c680e778b8d23f0268a77e2628a94961e14a6f60ce7991784d67be0b4d7,"806,949","807,948",2
size1000_maze_like_seed1020360756,1000,maze_like,1020360756,0.1,f400612d2e9039a79ca79e0c116fc055c2da2b7284275c73ae9b0e761259dcd1,"341,40","342,42",3
size1000_maze_like_seed1020360757,1000,maze_like,1020360757,0.2,8d07bf8ccdcba3b433593bd5c08e70ffbeedaf0aa687d1a69f03fb60bfa8b3f9,"673,529","673,528",1
size1000_maze_like_seed1020360758,1000,maze_like,1020360758,0.3,b2bdf8e1c6a6a405308fb6be3eb785a099b78020646009de24e47306a6ac9e9a,"715,122","718,120",5
size1000_maze_like_seed1020360759,1000,maze_like,1020360759,0.4,0fd6c77e74d4e16131fbab56f6b017236cddae7c944c75f04408be1697ed4e73,"441,981","440,980",2
size1000_maze_like_seed1020360760,1000,maze_like,1020360760,0.1,5045f4f340a829783b20bc4293a80b64649868e13cad34af36595e9494f53909,"616,892","616,894",2
size1000_maze_like_seed1020360761,1000,maze_like,1020360761,0.2,c9ed6dc8ae56a60860bb8eae3ad0108da9dea7a169ae12d3c53e44a82b9e41fd,"540,528","543,528",3
size1000_maze_like_seed1020360762,1000,maze_like,1020360762,0.3,4f14fc157aa18bcecaef463da1cea9ae1afc3cbd1fac8f983e57b40ca010c746,"441,977","442,976",2
size1000_maze_like_seed1020360763,1000,maze_like,1020360763,0.4,45c6d797ed83963bca58198ce97abf4cd7f9598d390b0af7e355230a6d66b13f,"743,166","742,164",3
size1000_maze_like_seed1020360764,1000,maze_like,1020360764,0.1,5072070743b61bb1006b7a933552d2bc0bc4803b712259c305c0d96d0d9cbb4f,"297,540","296,541",2
size1000_maze_like_seed1020360765,1000,maze_like,1020360765,0.2,75168c017f27b0f8ba75b5bf6a6a27dbb852f043d0f3de251c2c2c47ce3ab35d,"463,166","460,166",3
size1000_maze_like_seed1020360766,1000,maze_like,1020360766,0.3,1e277b3442292842259731fb2e8112ed2b47bb2b420b28aa9915bf541ace636f,"870,856","871,857",2
size1000_maze_like_seed1020360767,1000,maze_like,1020360767,0.4,651f02d17da82f9ccd6d6f5990aabf3ba0fa4cf59983d9c7e1a579440410905c,"11,373","10,374",2
size1000_maze_like_seed1020360768,1000,maze_like,1020360768,0.1,6d62b2c42e3670ab9813eb38a206e44dd20d2f3619bf2ccbd4181de427c39fc2,"521,302","522,301",2
size1000_maze_like_seed1020360769,1000,maze_like,1020360769,0.2,f45c9a4cdc4031e45f59a8ca62e9d48e1a1ef1f154f2699d64a00cbd51c9c1d6,"292,126","293,126",1
size1000_maze_like_seed1020360770,1000,maze_like,1020360770,0.3,f8120809f187a9cb350c567cc6b39f3ad24f619e16e1cfd12cc7cced5e3af0a2,"640,553","643,553",3
size1000_maze_like_seed1020360771,1000,maze_like,1020360771,0.4,a4454e1a21c74828785fd1d32359ce0c71f5932fd87656065e6731946df74902,"67,52","68,52",1
size1000_maze_like_seed1020360772,1000,maze_like,1020360772,0.1,6b10da36bb6cf491b27352e6928324fc7081f7a57e14993d6e4550dffaa649bc,"700,76","701,76",1
size1000_maze_like_seed1020360773,1000,maze_like,1020360773,0.2,ab314055fe7d4b60e3bbb396598df99507197641f810a1fc1eb0521008730818,"962,888","962,890",2
size1000_maze_like_seed1020360774,1000,maze_like,1020360774,0.3,2b1a4c29df21f5a589c871d6323bc84e0fb8c4b0b51e7dcbd5bf458aef53837f,"98,126","96,125",3
size1000_maze_like_seed1020360775,1000,maze_like,1020360775,0.4,6e9b3d0772bc5d3f4a0d8f75830d4540503591bd647881bdb4fd89752765dd8e,"268,145","267,144",2
size1000_maze_like_seed1020360776,1000,maze_like,1020360776,0.1,cdf5d047de18b3a72de5f18be03b44185793b802f605ffd66f4ccf0191913bbf,"722,56","722,57",1
size1000_maze_like_seed1020360777,1000,maze_like,1020360777,0.2,6e40868dbfc49f2765cf300c5f3ed8c8406f5988cbc989a18495fb59d5fddfec,"41,97","40,96",2
size1000_maze_like_seed1020360778,1000,maze_like,1020360778,0.3,34e77dee76c8d9137121d15a9a173509788e035af568d3d82d67364508043ca9,"912,961","913,961",1
size1000_maze_like_seed1020360779,1000,maze_like,1020360779,0.4,3d1dc22652b83d2b743ca3d8813f52814c6b022e7c542634b30583db19103cad,"703,200","702,201",2
size1000_maze_like_seed1020360780,1000,maze_like,1020360780,0.1,05659929b64ca4ff524d6302af26740c900c101b00836743228a791677314a3a,"277,48","278,48",1
size1000_maze_like_seed1020360781,1000,maze_like,1020360781,0.2,c725bca5a20fad120e0cdc37aaef852985471b288325624ebaf56d02fbc9d3d9,"882,469","882,470",1
size1000_maze_like_seed1020360782,1000,maze_like,1020360782,0.3,de057d27b8a1b6640c327a1d27b72155f2e9a2f7265974fc6b64c1a3e2ec6eab,"820,65","823,64",4
size1000_maze_like_seed1020360783,1000,maze_like,1020360783,0.4,292b8853b1b3386c36d03189b8588320ce5a9cb4254aafcedf27d57d156b5435,"563,357","560,358",4
size1000_maze_like_seed1020360784,1000,maze_like,1020360784,0.1,a34428d0087e8ef2a1e8424a4d119abd847662d2b2bd94f9f500e634223ee543,"856,645","855,646",2
size1000_maze_like_seed1020360785,1000,maze_like,1020360785,0.2,3cb7557889fc08e4a72efadd2da69f9e26b661492ec2d02dc8aa553e55113f90,"667,838","668,836",3
size1000_maze_like_seed1020360786,1000,maze_like,1020360786,0.3,2c5becdc430186160df1002b5469c980c87edcf512f772389402c59b94806cd9,"426,857","425,857",1
size1000_maze_like_seed1020360787,1000,maze_like,1020360787,0.4,68e53a5d4929827678423e62079d0cee5064c1d17b1a37ac5bebced5633edb23,"340,436","342,438",4
size1000_maze_like_seed1020360788,1000,maze_like,1020360788,0.1,cc9dfbe6c7416c0c90dcfd815e86f0cea4bd372363d03267b174e1e8b689a66c,"531,338","532,338",1
size1000_maze_like_seed1020360789,1000,maze_like,1020360789,0.2,e5f6a9dbf2285c3919ea019e41eb14077694d9679a60e28f66406da187eb1413,"935,594","936,594",1
size1000_maze_like_seed1020360790,1000,maze_like,1020360790,0.3,0a3f0f2744a1346f0bd5c4ecfe495ab909937ee75c9995490638c3a7cb236126,"555,490","555,488",2
size1000_maze_like_seed1020360791,1000,maze_like,1020360791,0.4,c623918c6b9874052673b849cef55e8d33e96ce40b223f70be687b2a35a6cd9b,"570,786","570,785",1
size1000_maze_like_seed1020360792,1000,maze_like,1020360792,0.1,2d0ef35b5c52a843ebada0eff2fcdaef4bdfcd6b70ec8bee0ab61c244972efd6,"775,1","365,998",1859
size1000_maze_like_seed1020360793,1000,maze_like,1020360793,0.2,d54e0526e76c363122f9a578121f26aefa0f06c7a20c564cad2a2f7910172fd4,"71,949","73,949",2
size1000_maze_like_seed1020360794,1000,maze_like,1020360794,0.3,137e6dad2df6f2f1b11dc18531d03e52387856224df1a483b536fd938a2be3a0,"377,941","378,941",1
size1000_maze_like_seed1020360795,1000,maze_like,1020360795,0.4,db1cdb5cafb263e00c08225e8d31bdfbb2e7a8acdb2961679e116a1b5a723a30,"51,221","53,222",3
size1000_maze_like_seed1020360796,1000,maze_like,1020360796,0.1,3d2f2a43cfc33df2b4ef8129cff41466e17d8461f475477b550ced8efd41b3c0,"758,878","756,877",3
size1000_maze_like_seed1020360797,1000,maze_like,1020360797,0.2,a042b368c9533f74337bc77c1ae2165617afd9217463c68678521fe67543067b,"922,936","921,937",2
size1000_maze_like_seed1020360798,1000,maze_like,1020360798,0.3,43d38382967cf66ceae5903ac84e2e9a6ce46c9ffcef5b8399d881937a8f7137,"813,721","812,720",2
size1000_maze_like_seed1020360799,1000,maze_like,1020360799,0.4,d71e38b510c7909bdaff54c6f10ac60a1c570110b7c5bba6475010dbc6a6c2d9,"688,10","686,10",2
size1000_maze_like_seed1020360800,1000,maze_like,1020360800,0.1,b9e1e2d9b566317b10c3128189d8e92f9f37f2fc681e143bba90df42f05ffc2e,"441,809","440,808",2
size1000_maze_like_seed1020360801,1000,maze_like,1020360801,0.2,02322b07b69f436aca8df206c07e7a767404e790cbcbec9a4cead3dbf249b3a2,"730,494","733,492",5
size1000_maze_like_seed1020360802,1000,maze_like,1020360802,0.3,c95a20bb298a2067141df4033300707afd1bdea96b1a60646f0e735c95728824,"882,784","881,784",1
size1000_maze_like_seed1020360803,1000,maze_like,1020360803,0.4,b47b55f9b1f811605a894577d44cb9d8c1f1772bd906a87ba8b19c7601bfe7f3,"413,89","410,88",4
size1000_maze_like_seed1020360804,1000,maze_like,1020360804,0.1,47b88d05bf9f9e05710add58dd56b945fb56a6d123b9de54046936ae580c2019,"966,182","967,180",3
size1000_maze_like_seed1020360805,1000,maze_like,1020360805,0.2,cb2c9d8d3504d5627cb11cc3b294d542c62e1fd688280c6f7b4549629c597cc8,"581,268","580,268",1
size1000_maze_like_seed1020360806,1000,maze_like,1020360806,0.3,76b03ca5d6feab5de6973954b66ecf8273e3e1c33352a0fb3ef56a1e5ffef455,"273,18","270,18",3
size1000_maze_like_seed1020360807,1000,maze_like,1020360807,0.4,31d2b29be307bbc4c04906e5b1e050401634b815838b71685e39f1ef063f07b4,"448,805","446,806",3
size1000_maze_like_seed1020360808,1000,maze_like,1020360808,0.1,abf296f89e76ca9bd651b8bf3a6b79dd7c52a14a6e12edd5ab6e1b6104dd21c5,"15,502","18,500",5
size1000_maze_like_seed1020360809,1000,maze_like,1020360809,0.2,cf2e9476373035fede4dbd1acc77a2a84f84a72303cf6cad093da374af7a93de,"833,170","830,169",4
size1000_maze_like_seed1020360810,1000,maze_like,1020360810,0.3,5a4b3becd1045791025a9cde2b134d70f91f1e3548efc5f8b9316b153eaa8cd5,"897,90","898,88",3
size1000_maze_like_seed1020360811,1000,maze_like,1020360811,0.4,7ebc93701be3238d45444097a59a61a5f11fa20aa4266c650ec119bd87ed0d2d,"53,669","51,670",3
size1000_maze_like_seed1020360812,1000,maze_like,1020360812,0.1,af6e4eacd5e10dbd83a608337e5902d37952bc4331bdee22d21de4a22baac3f5,"896,406","898,406",2
size1000_maze_like_seed1020360813,1000,maze_like,1020360813,0.2,4c0b2ada5463f9eef3376307804e55e056dd6d3af989cb2c811b8c0b556c492d,"141,949","143,950",3
size1000_maze_like_seed1020360814,1000,maze_like,1020360814,0.3,9a4cfb4248d9620244ea15f978d8bdaa15acad43a6790235b734dc6bcc4bdef6,"890,904","892,905",3
size1000_maze_like_seed1020360815,1000,maze_like,1020360815,0.4,c1f1369aa1c805c627334f89950ba829f66754c74a9932931ffd597c1977993e,"512,780","510,780",2
size1000_maze_like_seed1020360816,1000,maze_like,1020360816,0.1,e110aac30a0278d6080cb936d4a01d9ac2a1ce2345ab49630a61de7623ae00eb,"417,724","416,726",3
size1000_maze_like_seed1020360817,1000,maze_like,1020360817,0.2,35618be726f574ebdf903aecc369be19554b7beb3fd2d53e5a7617989da62826,"666,13","666,14",1
size1000_maze_like_seed1020360818,1000,maze_like,1020360818,0.3,2428cd8c856e0894c795f7979bd683b158de35e71db5c815ac8aa46b97ffe88c,"306,216","305,216",1
size1000_maze_like_seed1020360819,1000,maze_like,1020360819,0.4,dd84a0ef6230bf9b54a4fa438be1378ed512b688a01f2a148899fa0bf720bd1e,"88,681","87,681",1
size1000_maze_like_seed1020360820,1000,maze_like,1020360820,0.1,b3a155109a2c2afde8cb5618205849a250086492e63a5185f8df4c2049d3448b,"220,870","221,868",3
size1000_maze_like_seed1020360821,1000,maze_like,1020360821,0.2,243e1c8963d26ade3a873b33ec9b95f72c763e3187001b21c009c870d14dc669,"195,774","198,772",5
size1000_maze_like_seed1020360822,1000,maze_like,1020360822,0.3,0919cc6f81265771c56c15c283c7ec82d98bbf7561c4e1765f1db293ef74ff7c,"501,769","501,768",1
size1000_maze_like_seed1020360823,1000,maze_like,1020360823,0.4,c31fb3bf544b79ce98a3d6113967e631f0ffa4642f9218e5914aea6b40b377cc,"945,62","946,62",1
size1000_maze_like_seed1020360824,1000,maze_like,1020360824,0.1,8c6d1902fecedb6bd6145b0ada37c247acc89d9e4459d349586d70f34e22cad2,"6,822","5,822",1
size1000_maze_like_seed1020360825,1000,maze_like,1020360825,0.2,6927c8bd8e25d90e286e2e007275fd11c645270aaa54fea1775ff80e1487e62a,"857,510","856,509",2
size1000_maze_like_seed1020360826,1000,maze_like,1020360826,0.3,902efccc477022751dd8ad7614eb744cdd0b8eba036a94366c8016ac8811ddd2,"806,480","805,480",1
size1000_maze_like_seed1020360827,1000,maze_like,1020360827,0.4,ff37636609712577777cab486fa7699b16b7b8e874273b7bb3b2ba36f4ed9d69,"668,797","667,796",2
size1000_bottleneck_seed1020460728,1000,bottleneck,1020460728,0.1,9d3e5b1f28c4dd6634ab1c68fe550def7d839bde1f91fda59f4f45c805321f4a,"596,903","586,406",965
size1000_bottleneck_seed1020460729,1000,bottleneck,1020460729,0.2,802d4346cc92a3714c508048b9a6544fd7bb3dc376743ddd9d8afea7ed22a4b4,"290,81","520,173",322
size1000_bottleneck_seed1020460730,1000,bottleneck,1020460730,0.3,2ba197594abc05bc019808dcbd7915027e43b52e85e043d1fb80ba18a4b7e911,"72,700","486,975",689
size1000_bottleneck_seed1020460731,1000,bottleneck,1020460731,0.4,8dc111b038f652a69d17eb19565e7281624b3ea05c92ade41197a8ace2e5392b,"57,992","154,428",1395
size1000_bottleneck_seed1020460732,1000,bottleneck,1020460732,0.1,34b0273c83cf2ba8eaa082e122ef2cde1cad14f5329950681ccdce6e6024c456,"401,493","737,446",383
size1000_bottleneck_seed1020460733,1000,bottleneck,1020460733,0.2,79e5e5c2895eb6d21218bc4e2264d66b4a56cf94889cc8d698a54a8527492085,"767,333","343,674",865
size1000_bottleneck_seed1020460734,1000,bottleneck,1020460734,0.3,584a02267c73ed5c73380596bd264000f8f9cbc0b7567ade97f24d60b20f8f76,"436,585","69,658",440
size1000_bottleneck_seed1020460735,1000,bottleneck,1020460735,0.4,d0d2976eb7a8db47b2c7e1650644ea7686b04bb7d8e473b5d870e09e6011e10b,"307,936","575,157",1811
size1000_bottleneck_seed1020460736,1000,bottleneck,1020460736,0.1,db797649a90c48c1728b8796c26e48a1675730fa6d1e24b860b631cd05c15d48,"753,826","571,453",895
size1000_bottleneck_seed1020460737,1000,bottleneck,1020460737,0.2,cd75736eedf65da3450bb0261522235ce48f78be7dcbcab34e562d9f62635119,"792,627","425,244",794
size1000_bottleneck_seed1020460738,1000,bottleneck,1020460738,0.3,39a3cb41fa35f2868687b425776e3164c69bb07fd98594ae43d67088a788d28d,"22,751","328,146",1587
size1000_bottleneck_seed1020460739,1000,bottleneck,1020460739,0.4,b90d8a637692bc806bf10bd51881eb62e9c14976f3b9e729152a3c9e9c676d09,"282,393","177,39",459
size1000_bottleneck_seed1020460740,1000,bottleneck,1020460740,0.1,1db9515f7a811b0788dca153634cef50cdb8f7becc67b44f7599cb7e5a13f0b3,"567,995","947,996",381
size1000_bottleneck_seed1020460741,1000,bottleneck,1020460741,0.2,ca05680cd19e47c011e24dd552c9caf1e4a2b77611160784e0e984f834271514,"646,690","870,11",1079
size1000_bottleneck_seed1020460742,1000,bottleneck,1020460742,0.3,7f5f895bed1a30240b6bc11b265733e7490325f2fe4c392bd2a0089f2904cde4,"312,376","288,561",787
size1000_bottleneck_seed1020460743,1000,bottleneck,1020460743,0.4,7b11294776d58bfc97b4f76de54e8ebf7ce92cf44a92bc192229f27cf47aca6f,"280,631","434,725",248
size1000_bottleneck_seed1020460744,1000,bottleneck,1020460744,0.1,b6afa729cf9b328136832925e2128aa38a6412372024c5bb318bb52f2260ba7d,"162,907","66,259",848
size1000_bottleneck_seed1020460745,1000,bottleneck,1020460745,0.2,d29ec3662198d60836a5dd17fc6bdf397fa5508205d89f101b86f2debc5afe2b,"597,700","439,69",807
size1000_bottleneck_seed1020460746,1000,bottleneck,1020460746,0.3,d6e92797af2faf5dbd86f1d06e9a5419b05a92df72c3bd06508b7e18c214ffd2,"67,492","730,971",1282
size1000_bottleneck_seed1020460747,1000,bottleneck,1020460747,0.4,226f0d8d63f3b45c7cefa1a5c89e13dce842e3319667c92e544db758b5e00060,"989,620","319,238",1500
size1000_bottleneck_seed1020460748,1000,bottleneck,1020460748,0.1,f3ab32c832855cd5492046733bbde6e6d4cf44a3df54177e69b7e30285c35cb1,"147,173","977,750",1407
size1000_bottleneck_seed1020460749,1000,bottleneck,1020460749,0.2,df5a9f3ef76e443e07521dce1e4d3b89284278a3db378b2842fd11b63f801d60,"82,617","581,664",546
size1000_bottleneck_seed1020460750,1000,bottleneck,1020460750,0.3,6dc169975cb04a4e6cf89b6aeabcff4c366306c5e45369fd2f4cd6b10e0853bf,"445,118","239,328",416
size1000_bottleneck_seed1020460751,1000,bottleneck,1020460751,0.4,18c1ab528ce21685d492315326e83c6572769450a342ede2ea76bb85e09bc3ea,"681,340","146,637",880
size1000_bottleneck_seed1020460752,1000,bottleneck,1020460752,0.1,f950affdfea49cfbf4c9b432551c7ec61f0b2d52280fafcc89623bda495990a9,"304,572","586,478",478
size1000_bottleneck_seed1020460753,1000,bottleneck,1020460753,0.2,8bf32dd7c9c239807ccc781db2ed3ee770b0e74123e716fbbb60f5cce635f9c5,"801,751","945,586",309
size1000_bottleneck_seed1020460754,1000,bottleneck,1020460754,0.3,836d1a2a0954283feb9e6345061a60210e13729c164dcf30eb5a85b8a97933c3,"672,801","344,968",495
size1000_bottleneck_seed1020460755,1000,bottleneck,1020460755,0.4,fb0f31b5d63b1a00779d0556ed31992e1efc67cab7b3bc9f9b77d874ba91400d,"689,804","241,440",1108
size1000_bottleneck_seed1020460756,1000,bottleneck,1020460756,0.1,cdd19fd54c4efd1cc354e07b85a8d35928bbc58ed5a2f54cbb7235eb4cb0d58d,"501,789","516,434",1058
size1000_bottleneck_seed1020460757,1000,bottleneck,1020460757,0.2,6c9ea7dbc6fcf2e63e91e5a387c2738808515e9a1769ae0040794768377a8155,"378,317","883,639",867
size1000_bottleneck_seed1020460758,1000,bottleneck,1020460758,0.3,21ca247ae3087547cce6890ef8555e109ba4adbc0511fb8a5baea697b42da64c,"369,470","615,894",1418
size1000_bottleneck_seed1020460759,1000,bottleneck,1020460759,0.4,f96e3b7ca806c54443eea30813364f9c5fdeb0f3f52dd7d48ca14f605553a128,"933,562","56,106",1591
size1000_bottleneck_seed1020460760,1000,bottleneck,1020460760,0.1,baa0e726f62a17cb4b719cb487652fe35900d2901f2ee2b657cc5bec44a2a177,"866,530","195,868",1009
size1000_bottleneck_seed1020460761,1000,bottleneck,1020460761,0.2,719a1bf9485dfa54500ee32fa0dc8e51e829f060a3fdc56927af0fa371608613,"778,694","668,269",971
size1000_bottleneck_seed1020460762,1000,bottleneck,1020460762,0.3,8b49e5ceb43ef28062546c202f70c91e1a7928a5e0f8adfc9548c5e9b405248d,"132,409","422,489",370
size1000_bottleneck_seed1020460763,1000,bottleneck,1020460763,0.4,4547a43cc830545a2e982b18373ccbc511348c510e4aed7db75aa0828ee76666,"617,131","616,278",150
size1000_bottleneck_seed1020460764,1000,bottleneck,1020460764,0.1,f549d7b700e60ae4bd39083ce646d79852617a9f2f7d39e8ca3262fa3dcbbf47,"59,396","336,920",1131
size1000_bottleneck_seed1020460765,1000,bottleneck,1020460765,0.2,d18f1dcaa003bac48d53d08e46935c867fd20e8df1efd89cb5acd3e2b0743e2c,"875,943","26,678",1114
size1000_bottleneck_seed1020460766,1000,bottleneck,1020460766,0.3,9816408c4aa728103ab6cf5e98454879fd8513e972c8f51e870dcc19b6219ac3,"611,355","48,724",1708
size1000_bottleneck_seed1020460767,1000,bottleneck,1020460767,0.4,05259cf333845ecbc7859a174f0492c760cdf56d6f1ba2af5ae4869dd4b6c48f,"521,529","668,63",1233
size1000_bottleneck_seed1020460768,1000,bottleneck,1020460768,0.1,c50bb537b67b3a0c9f73821d48d6a5c24003183bea688cd370f4b8cc304f38a2,"419,921","673,991",324
size1000_bottleneck_seed1020460769,1000,bottleneck,1020460769,0.2,6e58c46ca73f6d8201a223a7f1b1030d3aeb5963e4bed715f7b79369f8e79c0c,"832,119","742,571",1238
size1000_bottleneck_seed1020460770,1000,bottleneck,1020460770,0.3,4b3ade729e9fcaaa4bfeb8b8fdeb0108db0bdd344fe4297d1c69845dacad5379,"581,780","169,136",1392
size1000_bottleneck_seed1020460771,1000,bottleneck,1020460771,0.4,fe73b3a4b4071161cabadc09a0541072ee971f78bcc0c605e18a36726dacc3c9,"858,288","591,408",387
size1000_bottleneck_seed1020460772,1000,bottleneck,1020460772,0.1,bc6458b968af14b0e66597ae1bb63e6e416bf132378adc1e7cd0f0b8e890e02d,"282,79","679,736",1054
size1000_bottleneck_seed1020460773,1000,bottleneck,1020460773,0.2,70cdc6fcd6bce71b3cc9126667688bc68b02206a3ad8a6b59f126eb2af48d257,"169,532","582,124",1433
size1000_bottleneck_seed1020460774,1000,bottleneck,1020460774,0.3,0b42258cfcfdba8c46a3a9faa2c430a8da651bea5641c6d3f2507e4712034a70,"485,151","418,315",231
size1000_bottleneck_seed1020460775,1000,bottleneck,1020460775,0.4,691bfef3159d282c037603f421caad5b4696c7c7958c9abbb63aefca036160dd,"667,744","416,442",1219
size1000_bottleneck_seed1020460776,1000,bottleneck,1020460776,0.1,55249bec131f23fa0d9da03bcf46cb17542f6677b9b25db113201676bed739ae,"746,831","817,665",237
size1000_bottleneck_seed1020460777,1000,bottleneck,1020460777,0.2,4c29f1f0d36b28ecf8361db28e2c3eac809ecdc527b4ff3e974eaa9da923d109,"316,799","417,189",1411
size1000_bottleneck_seed1020460778,1000,bottleneck,1020460778,0.3,9779118bddeca3bf3fbbceec70223d88a40ea11955add42f7373c668452caede,"344,412","820,404",488
size1000_bottleneck_seed1020460779,1000,bottleneck,1020460779,0.4,0a84e1cc52aedbf8fb1d7cc4869272f8ef02882f7f2ab6f9b5f0156d02c76001,"471,11","882,770",1660
size1000_bottleneck_seed1020460780,1000,bottleneck,1020460780,0.1,b80da8467f64cee9b891e3e5b881c74540f72b275442b318e4c1a7abcfd1a2a4,"999,909","774,482",1292
size1000_bottleneck_seed1020460781,1000,bottleneck,1020460781,0.2,eda40f2ff40bf0038aa4795170ec4dc3771cc834d3bd372d294ddaa9e18bef8e,"457,915","776,772",462
size1000_bottleneck_seed1020460782,1000,bottleneck,1020460782,0.3,baf530da30411abc8c4cf561173fc0d6f085cf38dc000498298db5dbeb6aacfe,"605,799","21,961",746
size1000_bottleneck_seed1020460783,1000,bottleneck,1020460783,0.4,54045e12e5c376a69e01038c2c86c86c8dbf66a76e266dc92620cb1e2c6efaae,"937,390","250,268",809
size1000_bottleneck_seed1020460784,1000,bottleneck,1020460784,0.1,61828d143e8a203313e1ee67df6943ec2449dbea055ab6421d9241a9ca1032bf,"632,994","861,447",1930
size1000_bottleneck_seed1020460785,1000,bottleneck,1020460785,0.2,7174e029f9e3c6acc31552740f9faddf05e38746392782a5707a7af52321c707,"205,403","249,990",631
size1000_bottleneck_seed1020460786,1000,bottleneck,1020460786,0.3,2980cf6b217d4ca1bee5af5c894b882bb955d424b2156714eb470fa4b8712528,"479,739","14,78",1160
size1000_bottleneck_seed1020460787,1000,bottleneck,1020460787,0.4,c6f13bdec1ea83375a5b71252873af800ef28a5ffe0a68d7e6170a826a5ae4e2,"337,131","364,600",1026
size1000_bottleneck_seed1020460788,1000,bottleneck,1020460788,0.1,2225e0de5e0a4c50fd88c24a66797bcf38b23934e2f9eba9dfb64ffac14d5604,"546,930","368,700",408
size1000_bottleneck_seed1020460789,1000,bottleneck,1020460789,0.2,058f3f971e37d5f2acf09aff351cf708ea7bd6f2bfa9db39f02233e3c1c652e0,"816,435","75,281",895
size1000_bottleneck_seed1020460790,1000,bottleneck,1020460790,0.3,3159f0e15e3f9c041b9cd2596520d28039edf412f404cff3b1f6c693d28b4440,"130,216","391,974",1371
size1000_bottleneck_seed1020460791,1000,bottleneck,1020460791,0.4,2c1bdb859f595f26b3144ced5071487e31588fad5a5945ea29921a5f023de421,"86,816","912,151",1671
size1000_bottleneck_seed1020460792,1000,bottleneck,1020460792,0.1,b23d17104256e50ac2ebcbadfbb208003172eae641c4d9b86405b14bc2b85856,"457,393","430,375",45
size1000_bottleneck_seed1020460793,1000,bottleneck,1020460793,0.2,6673208cf8413901ef4337dde307d4b9ec38cc0a1746be2b25816cf7cee4043c,"502,52","873,325",644
size1000_bottleneck_seed1020460794,1000,bottleneck,1020460794,0.3,3c4f29eb55ad47021add14c5b8c9e39e29b06c7c2257839f7467b1f3b5f70c04,"240,431","447,352",286
size1000_bottleneck_seed1020460795,1000,bottleneck,1020460795,0.4,115cfe6625e55d7283cdc04051ec9afcae1ce7713767b0579b571199be3dc296,"402,455","771,7",817
size1000_bottleneck_seed1020460796,1000,bottleneck,1020460796,0.1,4549f77b9a43bd9642dcd8caea57e49e772ede95bc6ccb1de36ea39572e8ebb1,"934,232","472,415",645
size1000_bottleneck_seed1020460797,1000,bottleneck,1020460797,0.2,552c21342617f5ac25fdf2ef8b2a2b1750b559b1336a8eea04e53cd1a1cc2498,"606,768","663,466",419
size1000_bottleneck_seed1020460798,1000,bottleneck,1020460798,0.3,acdf0f1a35dd354c41cc26768d49a2f3e8c41932da210b4cecf1b04110ced7ca,"468,413","852,916",1339
size1000_bottleneck_seed1020460799,1000,bottleneck,1020460799,0.4,474eb77b860db760576316207f848e43d5152affa9e6f18f48856abcf14e81f7,"392,461","539,174",434
size1000_bottleneck_seed1020460800,1000,bottleneck,1020460800,0.1,31c82cdc60448f05bc7b9284c9064c3f4693d99964374c2a9dd62ccc7ddd16f2,"783,712","36,213",1246
size1000_bottleneck_seed1020460801,1000,bottleneck,1020460801,0.2,732e016b6707fb04049d2387cd67e27add2f1f3b41b7fbb87ca2ec518adfc86a,"225,762","480,152",1811
size1000_bottleneck_seed1020460802,1000,bottleneck,1020460802,0.3,b2ca1169ecf0c145d9f04abce3363801c432e75bf81ed5f33c993a41080c691c,"895,683","213,830",829
size1000_bottleneck_seed1020460803,1000,bottleneck,1020460803,0.4,b444cb8b78b98def6b34a5d92eaf078bca8f3b84d5a784c3d6cc4d9548e6d3f3,"305,454","990,404",735
size1000_bottleneck_seed1020460804,1000,bottleneck,1020460804,0.1,6ca40958eb91401c5f8863389730b5062845e9b9deb4ceee2f3cfd39c2484a25,"187,995","852,869",791
size1000_bottleneck_seed1020460805,1000,bottleneck,1020460805,0.2,18957fd38d13d1a7ccbbc216464010d1db9a9c81efeadb191058a920fb36bb8f,"81,578","102,485",1538
size1000_bottleneck_seed1020460806,1000,bottleneck,1020460806,0.3,cc31fd1f214752591a976585c40af939ade11caa2ede0d741a99bc5ca8ad76da,"270,842","589,779",382
size1000_bottleneck_seed1020460807,1000,bottleneck,1020460807,0.4,210852c3b9d73546ceca89e00eff50b4b5fc22365d3f217564bd11662440808a,"881,638","317,986",912
size1000_bottleneck_seed1020460808,1000,bottleneck,1020460808,0.1,7ab95c6a66ed6cd62659f3a6a48a7e5c85eafc42e0d95792b7540f8f6f68d1f9,"842,735","683,261",1011
size1000_bottleneck_seed1020460809,1000,bottleneck,1020460809,0.2,6d624110b37669570e62a3a6b0166dc8cc8bdf61c4edea0afb719def7fb56815,"133,792","676,533",802
size1000_bottleneck_seed1020460810,1000,bottleneck,1020460810,0.3,cb5b4bed3228d2f7bf71e1a128f0c29b8435d091c9dec6b2710ceb4d297e61f1,"692,206","888,518",1230
size1000_bottleneck_seed1020460811,1000,bottleneck,1020460811,0.4,a1e1e69f284f40a4459d084d3936179ccb1bad893fe6422110fa7ad7d73652e7,"944,713","871,255",805
size1000_bottleneck_seed1020460812,1000,bottleneck,1020460812,0.1,a6695085bad24959fc0a88170a706d1513a56aacccb0122331f6a141d3337bfe,"269,282","868,161",720
size1000_bottleneck_seed1020460813,1000,bottleneck,1020460813,0.2,c930da44ca967c75f4b30efcdce68e99994b75dc66d0ed75d7385cddce06b735,"569,779","134,303",1619
size1000_bottleneck_seed1020460814,1000,bottleneck,1020460814,0.3,2b3fbd5b6126e1135393d93e240bf301a3782ca8e59845bd29e7a767bb005830,"118,504","995,99",1372
size1000_bottleneck_seed1020460815,1000,bottleneck,1020460815,0.4,68c0060ab07bb8581997b503b753ae3a21eeaa29dc50eaa4cf6ae4c62188922a,"980,82","139,27",896
size1000_bottleneck_seed1020460816,1000,bottleneck,1020460816,0.1,764d9ff01810d851ed4151546abca52a8c76c646a5d400ff1a4b9374921edf49,"388,703","557,141",731
size1000_bottleneck_seed1020460817,1000,bottleneck,1020460817,0.2,6aaab992476a542dbd42a69caed9ac35477a5eadbedef791ab656a478f8d20dd,"940,246","387,443",750
size1000_bottleneck_seed1020460818,1000,bottleneck,1020460818,0.3,11f98d05bc5f6e5c17251c9d7ef3bd1cb7060c47955b874e4e9e31cde8574aef,"58,218","652,788",1474
size1000_bottleneck_seed1020460819,1000,bottleneck,1020460819,0.4,47f306bafcdcd8b8bac0e1e54944ee1c08d07e2a50c6da51c48f7bde29c2d648,"648,833","552,977",240
size1000_bottleneck_seed1020460820,1000,bottleneck,1020460820,0.1,004145214fdcbab4d171ed50ffd593007bf91a382401408eaf984f68a273827c,"870,657","311,836",738
size1000_bottleneck_seed1020460821,1000,bottleneck,1020460821,0.2,7eea1e594ce793704c5105c0966801c8e5961fb838eebaf738de5523f512ca6d,"33,540","60,590",77
size1000_bottleneck_seed1020460822,1000,bottleneck,1020460822,0.3,91a50d33b7be13f6ac08016b15c6c570e1c190f2e52eb692dbe51396c59690fe,"891,500","383,199",1375
size1000_bottleneck_seed1020460823,1000,bottleneck,1020460823,0.4,4a5b44bfcc7ebcc2c0ad7793b59cef4fa45db5479961665abecd7ef13fe2631d,"599,269","619,451",202
size1000_bottleneck_seed1020460824,1000,bottleneck,1020460824,0.1,33df9f32632d19cee9fd3d76c47c15078ba8b477f4d30b053323a2ea80135f23,"628,480","965,180",637
size1000_bottleneck_seed1020460825,1000,bottleneck,1020460825,0.2,46c0b1f662eb58b03103851be7ef61e866d520212baedf15cf9fb2ef6303588d,"877,192","809,429",305
size1000_bottleneck_seed1020460826,1000,bottleneck,1020460826,0.3,d321687d2cd66c909df6d555f8197d3924bbf785476d629a4ef8da9db46c3233,"775,789","737,383",576
size1000_bottleneck_seed1020460827,1000,bottleneck,1020460827,0.4,fe1ed70a17ed0f9008616263053970f8fbb6f82815ab387c93448411812c39e1,"652,268","418,370",336
size1000_large_block_seed1020560728,1000,large_block,1020560728,0.1,7e3def423f97af3e91428c87a042ab1b6dd853d6368f69087ea4d0a977af628d,"247,167","911,897",1394
size1000_large_block_seed1020560729,1000,large_block,1020560729,0.2,b659ba52d7d4fdc1f80c74f5161173fde13285b9884bcaefd587f166b01ff2a4,"332,830","957,924",719
size1000_large_block_seed1020560730,1000,large_block,1020560730,0.3,7e350694e2450a8f1bfeca4c1c7168fafd0e179419a9bd6a46245b237ac32c2a,"241,65","964,592",1250
size1000_large_block_seed1020560731,1000,large_block,1020560731,0.4,aa0679d48fc1aefdfd9f0d821f912afd5999cf023bc25c1f4dc4a4fa5e218f59,"534,241","340,966",1103
size1000_large_block_seed1020560732,1000,large_block,1020560732,0.1,6b70456386ff61b1a4ccd2abc2be5f6961fb1b980afe9fd2a6f216366119d93b,"31,165","441,254",499
size1000_large_block_seed1020560733,1000,large_block,1020560733,0.2,02e7205a4c4ea97812533ba082418477f3b24be2a1bfcdffd569a1ad08885567,"325,769","701,117",1028
size1000_large_block_seed1020560734,1000,large_block,1020560734,0.3,1123b89a2e2483d814cf7796c1f03074cb6ee52b16a54d9d8bbe94260d64c41d,"34,684","925,927",1134
size1000_large_block_seed1020560735,1000,large_block,1020560735,0.4,4a4b95f43e622ec19162161ec5321907fc306cee02b3a9e518be8520356086f3,"967,659","856,411",359
size1000_large_block_seed1020560736,1000,large_block,1020560736,0.1,ab827092b9c89fbb09eae2900df8e39bad1ae78ea8759824b55512584c2349ae,"269,755","607,26",1067
size1000_large_block_seed1020560737,1000,large_block,1020560737,0.2,27e946ecfe2e878c434e69bcd9073c4d6c9a84df401c98b14b01bbcd8d5bc345,"827,86","465,949",1225
size1000_large_block_seed1020560738,1000,large_block,1020560738,0.3,67a92b4df2f9a13da2a0b168a4ee4bbc8ea54d976b69c396898802ef98a1eb9d,"661,755","891,572",413
size1000_large_block_seed1020560739,1000,large_block,1020560739,0.4,902d42320f92b95842433684998b866c726864c3fa67f7dbdbe5e31cec3b7396,"144,53","167,680",650
size1000_large_block_seed1020560740,1000,large_block,1020560740,0.1,ff3676ca71a8da46d850b9ac072693bbaf299de2256cdf7024c616d9b8cb262c,"188,814","976,331",1271
size1000_large_block_seed1020560741,1000,large_block,1020560741,0.2,189530fc161b81fd304bdd336eb3fcc284030310ee5168bf08b0956f73e8ee3f,"948,416","596,61",707
size1000_large_block_seed1020560742,1000,large_block,1020560742,0.3,a36b3346d28d6da33ec08627e52b7f4f9e8e2269af7d2cf8a5229a8b8f643b08,"33,112","343,382",580
size1000_large_block_seed1020560743,1000,large_block,1020560743,0.4,0534878adaaaa14f79587c48dd467a9013e650a3feffc867e6249516559a7eac,"143,829","420,1",1143
size1000_large_block_seed1020560744,1000,large_block,1020560744,0.1,7e594726a64fcf97a7980171120af1df733327905d38baab43f6a19a0eb65ad3,"523,738","558,875",172
size1000_large_block_seed1020560745,1000,large_block,1020560745,0.2,f7849983f714e4f699255ded053ba51b1bdfd2877394e18f7f3ca31e3919a388,"768,982","507,21",1222
size1000_large_block_seed1020560746,1000,large_block,1020560746,0.3,d917f0520e4804d5523858547e37a5aa8d9edcd8d529861c6a3d5abb2cd57d66,"975,59","704,236",448
size1000_large_block_seed1020560747,1000,large_block,1020560747,0.4,86551d41b3a8a6f163243977df7be727a4c98f9a74a94181eb2b19262f2a3f88,"700,775","249,494",732
size1000_large_block_seed1020560748,1000,large_block,1020560748,0.1,4f16320fd8f8cab8c341314a8def1020639b68d6d31ab92e4a0762ec27a9a4ed,"868,62","266,858",1398
size1000_large_block_seed1020560749,1000,large_block,1020560749,0.2,840e8e0a95d884983e2d94838d54a6d89d83a6af13fa8d373ff0bff8ec74b6b5,"7,716","704,432",981
size1000_large_block_seed1020560750,1000,large_block,1020560750,0.3,32f0eef47d751ffd97641830d3f9958125769a469befc03778b7da71432c01ec,"353,151","982,712",1238
size1000_large_block_seed1020560751,1000,large_block,1020560751,0.4,33866adc66d48cacb971fe6f03ae0a580e6f329fcec158122d00c02d09c20c9d,"154,466","738,141",909
size1000_large_block_seed1020560752,1000,large_block,1020560752,0.1,4727e789fcd46734a27357882a2463449abc179b0ee7ec114e46c956a3adc53c,"210,544","438,966",650
size1000_large_block_seed1020560753,1000,large_block,1020560753,0.2,e89134487a18e1026581d7f2f3a8ea9ad8d41bec0f917ba587e15125dc4390c2,"355,281","707,682",753
size1000_large_block_seed1020560754,1000,large_block,1020560754,0.3,8548b9ca905228d067d446262cfb10f94126c6b9085a964c1b056c34d24f7ad6,"145,224","114,457",264
size1000_large_block_seed1020560755,1000,large_block,1020560755,0.4,b7f803d9cd923e68f26d2931b4b69d1e92bd1e24387379c2fbccdf35841947aa,"931,402","732,888",685
size1000_large_block_seed1020560756,1000,large_block,1020560756,0.1,414a33ce338ececced6ef778946688cb0a20388b8fcb83e54534c9ec0446aa4b,"217,862","481,887",289
size1000_large_block_seed1020560757,1000,large_block,1020560757,0.2,3eeaa53e58eddbc97a63ff4b222671377eafc5f5c42cfdd7e1a94530644f7ad4,"679,703","369,655",358
size1000_large_block_seed1020560758,1000,large_block,1020560758,0.3,d9edd8d8224008f1bd7e1fb747665489e61c40a98086f1343962a47a80955acf,"28,217","392,427",574
size1000_large_block_seed1020560759,1000,large_block,1020560759,0.4,da385a8015a70c318e00371c2fa846ad52fbc880602889c1068e14111d3af15b,"224,779","370,434",491
size1000_large_block_seed1020560760,1000,large_block,1020560760,0.1,4bd531552736337abe434e0bb72bde2299e4f0dda1abe0214728f7236c0bc383,"760,911","890,830",211
size1000_large_block_seed1020560761,1000,large_block,1020560761,0.2,67107017ab50bdbf41dc619fcbffb026f32d9b563d2b9c4213409a7b661eb0b8,"546,622","736,370",442
size1000_large_block_seed1020560762,1000,large_block,1020560762,0.3,996161c7c00f60b31ad7d5516968ed46bc5add7a615e91280ae83a0cea97cd41,"405,704","16,466",627
size1000_large_block_seed1020560763,1000,large_block,1020560763,0.4,f54558d852a9e4f79a34f80251b378976a9688650bd6df3a2ee4bbcc40d5bbaa,"198,789","7,658",322
size1000_large_block_seed1020560764,1000,large_block,1020560764,0.1,9a482644c097ed9784dcf5d9144cc8fac4599a495529450f879ab00772befc1f,"358,874","733,559",690
size1000_large_block_seed1020560765,1000,large_block,1020560765,0.2,a996be540300031a0f24ae104016e4b0bf94ed60a314a33c11b7a7b2509e2ef6,"514,785","384,198",717
size1000_large_block_seed1020560766,1000,large_block,1020560766,0.3,834dc66428c47ffb5139c14fd18921e32f8decd20e640a81c8c7c7ed8ebc4257,"849,39","671,425",564
size1000_large_block_seed1020560767,1000,large_block,1020560767,0.4,72d8c530126571977487e07fff8748461bd948b2c9384baf581d86b9d0fd6706,"463,520","950,40",967
size1000_large_block_seed1020560768,1000,large_block,1020560768,0.1,6c84e35bc02affb797ce20b7a4811db067b7b4bde29e38c1b35ebff995312c4c,"423,34","103,164",450
size1000_large_block_seed1020560769,1000,large_block,1020560769,0.2,49e2d0d37eb36715b69e5fdada39d38e359d5a5b4ef9a667195e5fce99e92708,"328,942","14,340",916
size1000_large_block_seed1020560770,1000,large_block,1020560770,0.3,aa6311ffe05e8736b9a4ad5595f9ec90eabb1feb1404149a4131f346272ea66f,"423,906","638,172",949
size1000_large_block_seed1020560771,1000,large_block,1020560771,0.4,6b47a559e6795ff8a360d5ed48d60fc60ed285052bf1ff7918cb41b25632b289,"127,382","464,783",738
size1000_large_block_seed1020560772,1000,large_block,1020560772,0.1,a9d74ca1d253ac92fe17cacd76a83c74526488e80fa328a40cd1a2ff3db6f0d0,"815,247","2,690",1256
size1000_large_block_seed1020560773,1000,large_block,1020560773,0.2,3c6382dd4c0ba5461e017de54ce7267d4591d290c6f54c7334101ab81f7fb3f9,"526,832","332,256",770
size1000_large_block_seed1020560774,1000,large_block,1020560774,0.3,afb58a254ca141e2ce89ecf8ca6087f34608dd1b4cc3c26d5157d0dcc942c20a,"946,461","861,952",576
size1000_large_block_seed1020560775,1000,large_block,1020560775,0.4,954eb362f34855afc4b5783101488bdbc9d7c65702c5efe59df12227525d2fbe,"137,493","155,761",286
size1000_large_block_seed1020560776,1000,large_block,1020560776,0.1,bfb301d78cd7baa43362f77d6934194e5d43cf10c581440fe9c4c167e3792587,"925,480","826,149",430
size1000_large_block_seed1020560777,1000,large_block,1020560777,0.2,5c6175eb204f4a75b237e21c1cc9c7e23647ecf3ef78fa9cd8b64c504ad70949,"231,282","280,124",207
size1000_large_block_seed1020560778,1000,large_block,1020560778,0.3,ee9e799688d62c6f434c5fa6611b7c442603116d7ea1fdd687320f8925cca2c7,"287,26","759,644",1090
size1000_large_block_seed1020560779,1000,large_block,1020560779,0.4,90cfc39201c0d604f9ce99f90b1124d2464b83f9dffb187075d6532d8517f95e,"393,480","703,914",744
size1000_large_block_seed1020560780,1000,large_block,1020560780,0.1,462fc7b59b75f7020a4e61a3fb6706859b92d87b01d8f6b5e6bad820018e7958,"139,388","131,682",302
size1000_large_block_seed1020560781,1000,large_block,1020560781,0.2,db88095d14b582e0fd7ee67dd117f7484df2c12888f9b5784e214b1129b880b3,"59,550","147,464",174
size1000_large_block_seed1020560782,1000,large_block,1020560782,0.3,aad0e57b60032e6137d2d3d7210bd9e3fba221e4043b2fcb03b9e36e9237d253,"184,662","571,165",884
size1000_large_block_seed1020560783,1000,large_block,1020560783,0.4,647f727a267460cb5ab7404e9ae9251601d2e9072bad1f1faef423b013c87e10,"257,76","855,938",1460
size1000_large_block_seed1020560784,1000,large_block,1020560784,0.1,f210f7e677ce5f4e40b5b66b6a184eae74afc6f151d5ba970b71c453c9fb0eae,"280,937","779,900",536
size1000_large_block_seed1020560785,1000,large_block,1020560785,0.2,5bc0772a9606ea7ad5afee2ae1ccce70732cbca70b4417d8b677e38147e1fb1b,"114,879","266,143",888
size1000_large_block_seed1020560786,1000,large_block,1020560786,0.3,b84c8a7b0d93fb01837b0b163195cf8db544f1c8541a164f565ec1259905d7be,"603,386","12,794",999
size1000_large_block_seed1020560787,1000,large_block,1020560787,0.4,ffd2a6996b69a6d499a6144c417ce215c90992516afd7e96eb3bbdc44471f913,"493,179","74,687",1269
size1000_large_block_seed1020560788,1000,large_block,1020560788,0.1,58fd8e37f202cd919181a2a72cf19288367dbe3431b81fbba4e3f5241742f244,"647,493","375,319",446
size1000_large_block_seed1020560789,1000,large_block,1020560789,0.2,32fd456c9859fcf2a3dcae73245579d6cebea64ab7c01500734f5814b696d6f3,"645,811","436,905",303
size1000_large_block_seed1020560790,1000,large_block,1020560790,0.3,b0ba8dc3f2414e91e4b864fe41574b0034d82828540dbc27819236af8e668e4e,"531,702","156,104",973
size1000_large_block_seed1020560791,1000,large_block,1020560791,0.4,28fff7671b300162cd925b149ec4c3698bab78619fc308c029db07a26f9e72e3,"754,128","155,248",975
size1000_large_block_seed1020560792,1000,large_block,1020560792,0.1,10021b914adb67630a62bede05dc102db03a25400c7f657482b00ec26ebe5770,"234,670","336,312",460
size1000_large_block_seed1020560793,1000,large_block,1020560793,0.2,e7347f3ea0c17ffffaa554d1287f0d4f22073d3a018bd8213e423b5601e64c10,"465,349","111,200",503
size1000_large_block_seed1020560794,1000,large_block,1020560794,0.3,dcb8c60e6bc40a17084f6e0d0b3ef991516444bff7a99b9478481b945727691b,"413,622","504,223",490
size1000_large_block_seed1020560795,1000,large_block,1020560795,0.4,9db9e09ddce739f0b88d32b7b7f359d67fbeb99ce167c05885488b84d750fdfc,"73,331","810,740",1146
size1000_large_block_seed1020560796,1000,large_block,1020560796,0.1,3ae78527a514991ce8075294bf8d0dfe93b7cd3151676b42fa985dfffa8b3991,"918,963","923,989",31
size1000_large_block_seed1020560797,1000,large_block,1020560797,0.2,c546bf8f3d7f6bccd15520ed4fb8c5cb5c67b50f84cca284430b3b9fb6ee77cf,"755,145","562,341",389
size1000_large_block_seed1020560798,1000,large_block,1020560798,0.3,484007c08e7a5c84dedf24ba90df09f95b49482f81d96ea731b3cf31e4b87559,"640,386","461,351",214
size1000_large_block_seed1020560799,1000,large_block,1020560799,0.4,77d24152d0c21fdb899a64655ce0175a98f233d49fce023f6db3e712f93cedb4,"649,767","399,579",438
size1000_large_block_seed1020560800,1000,large_block,1020560800,0.1,2799f1cd3c338b540667ba22d933193735d268f4df21b62b271e31c68818b527,"39,334","59,592",278
size1000_large_block_seed1020560801,1000,large_block,1020560801,0.2,dfbbf1950e394428050f97298546d5f055aa5bc2a28767b131236738a52ae57d,"827,677","896,762",154
size1000_large_block_seed1020560802,1000,large_block,1020560802,0.3,a876fdb833f2f1cfe72fd8897ad59fb9fe73de8f84029fcba8ad1ef1483e5122,"835,388","131,259",1093
size1000_large_block_seed1020560803,1000,large_block,1020560803,0.4,85121d857ae7c9e296e419a39aa441deac183f0c7e252d520a5381dbaca65ae8,"683,669","293,505",554
size1000_large_block_seed1020560804,1000,large_block,1020560804,0.1,31f7d14e3e0123fd24b718a84fc09f069d599004ace0e2a11048acb9b0157def,"294,401","456,365",198
size1000_large_block_seed1020560805,1000,large_block,1020560805,0.2,9a172263cecf7677ec0cfca94abd03b9b5d0deb3707a3e9d6168ebc50a4706c9,"388,851","56,918",399
size1000_large_block_seed1020560806,1000,large_block,1020560806,0.3,ab3ea1ab7bb8ec95b339f5ec5debb619a4513a370292adff06cd7c20fa09a774,"337,149","166,827",849
size1000_large_block_seed1020560807,1000,large_block,1020560807,0.4,c0b9fe9f94904da36802f0e77072b0784873a3d4e5ac746cda3efb3d376dfe2f,"10,814","388,884",448
size1000_large_block_seed1020560808,1000,large_block,1020560808,0.1,6a402e547b78d88a61c0faf16fd7fcea1664712f61ed1289d794265df6d284bd,"758,592","612,487",251
size1000_large_block_seed1020560809,1000,large_block,1020560809,0.2,82a76b1fb24b2cd22ca466473680c76c5fe01876014bcef29890cbc4c1682114,"498,642","99,6",1035
size1000_large_block_seed1020560810,1000,large_block,1020560810,0.3,9d702c90aa673fd835fafb2fb62f0f8920743531ab35addaf457f537b9baf1e6,"921,472","402,331",660
size1000_large_block_seed1020560811,1000,large_block,1020560811,0.4,540bab510780a92981796fa1f6178130b751c789ea82063ed5aa665a4a444bef,"541,21","527,447",440
size1000_large_block_seed1020560812,1000,large_block,1020560812,0.1,dc79f338687ce6910f5353ffe20c20253a03b239e4ac8218a05e108a7cafebd4,"841,351","390,878",978
size1000_large_block_seed1020560813,1000,large_block,1020560813,0.2,68c6a0f0bbd04c80abd8a804a8bef3a97822f3198f31399fc90bbe7d81c675e0,"811,590","500,614",335
size1000_large_block_seed1020560814,1000,large_block,1020560814,0.3,26c70213fc44150eb8d092e1a1fa5862806c275bf21430071c0593a7b85ae3e7,"720,359","944,953",818
size1000_large_block_seed1020560815,1000,large_block,1020560815,0.4,9f20a5b958a8c3ceb4bdf76d49a4633f8724ea2051e9d063b398993ed227d72a,"745,430","312,865",942
size1000_large_block_seed1020560816,1000,large_block,1020560816,0.1,6da813fcbb47addeee542acbce24da35d47853c77fdac50942651c3ae48cb46a,"363,621","668,856",540
size1000_large_block_seed1020560817,1000,large_block,1020560817,0.2,472932b00fa8827f71044349414202af4fd81cd11c61f407a81654b5b9576bf9,"457,363","508,162",252
size1000_large_block_seed1020560818,1000,large_block,1020560818,0.3,fffec0303377a0aae052f33bdecfbcca43b7324d12c815c7dda6437d854fd63f,"360,849","323,122",814
size1000_large_block_seed1020560819,1000,large_block,1020560819,0.4,8e205c6d27d6fca660dbc46cb37b1c845172a725c917c6c44a76461a5d0b97a1,"446,214","766,104",498
size1000_large_block_seed1020560820,1000,large_block,1020560820,0.1,e2485b3e7d21649541ed6eacb3fecea6f2b6fa1a40f844cebb0247bdbc07bd76,"669,747","831,396",513
size1000_large_block_seed1020560821,1000,large_block,1020560821,0.2,64fbb55e0eff6f50a037137292245bea658f8acbe7b2092370dfff870f9df95b,"406,731","541,892",296
size1000_large_block_seed1020560822,1000,large_block,1020560822,0.3,384fad84013155e4b697397ccf34d729beaf600fce6e85e2061f6f1377017e29,"233,934","596,664",633
size1000_large_block_seed1020560823,1000,large_block,1020560823,0.4,471fc2afab5cf1ebf16f2cbe5f72cdf6cb4be7fdd20c211d9019ecf931ce35f3,"102,567","69,682",148
size1000_large_block_seed1020560824,1000,large_block,1020560824,0.1,a1f6f099fa8a692d060549ec873b79c4f57f00b4828247dafc68d1feb30420f5,"233,99","616,337",621
size1000_large_block_seed1020560825,1000,large_block,1020560825,0.2,0052cba7301282b194d84b1c741150fc7806ecc37321bcf75a4d2cbbdec3b0bb,"725,656","663,514",204
size1000_large_block_seed1020560826,1000,large_block,1020560826,0.3,5c99f4a4c1796ed546e8dbfb17078973e61584fa78be24ea338e2b8403974508,"876,345","796,458",193
size1000_large_block_seed1020560827,1000,large_block,1020560827,0.4,f62ef355a0f29112dbfd37d92c3c6bb255d1d67ff1e3c0af7402cac822af7308,"966,517","706,58",719
size1000_narrow_corridor_seed1020660728,1000,narrow_corridor,1020660728,0.1,a8c1935117a0781493fb2c8e28d81c2af874466e4f9efef3765d3afe1e85effe,"856,138","657,753",1280
size1000_narrow_corridor_seed1020660729,1000,narrow_corridor,1020660729,0.2,ae79b19bce1c722539b1ac98044fef145c59b52808556f748dc7925ad71df34a,"333,103","302,806",1172
size1000_narrow_corridor_seed1020660730,1000,narrow_corridor,1020660730,0.3,e9759ad2a311a1a8d59a2f4ddaf9a3bf4d0d86b8eaf3cbcec8f8d60fc6942fd8,"889,824","100,99",1514
size1000_narrow_corridor_seed1020660731,1000,narrow_corridor,1020660731,0.4,fe810d21d45cbf9438716678466efe1f537c270ad7afba248759023ad8d735cb,"680,321","690,139",192
size1000_narrow_corridor_seed1020660732,1000,narrow_corridor,1020660732,0.1,79334f0498a41ea0e7e471dcd11f4584a823d59073a37a56ef0c2ecf5c230724,"774,95","753,934",1218
size1000_narrow_corridor_seed1020660733,1000,narrow_corridor,1020660733,0.2,c719fd350b9e53402fce1f0a12be36c93bb217658d48ca12caa611aaf3afa8c3,"791,821","241,754",617
size1000_narrow_corridor_seed1020660734,1000,narrow_corridor,1020660734,0.3,893fb58783eaf3a6b8f54c49b06b991622c507850327b19cbc831a31d1a9b74b,"221,961","175,156",1747
size1000_narrow_corridor_seed1020660735,1000,narrow_corridor,1020660735,0.4,fb119fa9716d7650dabe7c99771a8890f177e783461ea190db2692c78da81373,"108,826","84,215",1667
size1000_narrow_corridor_seed1020660736,1000,narrow_corridor,1020660736,0.1,0196901f141d6e455efa74b5c8d3b48c1bbdc4b7723e11c01e500b09384ac355,"267,164","849,306",724
size1000_narrow_corridor_seed1020660737,1000,narrow_corridor,1020660737,0.2,9a261df2573edcdeb2d45d988d24aaa31aabbcf7815462981e1153a85e2029e1,"19,192","984,724",1497
size1000_narrow_corridor_seed1020660738,1000,narrow_corridor,1020660738,0.3,3a51c94bc24bd995df50a1667c13bf62e20061fe32fc07fb768520f1e228f45f,"750,757","60,895",828
size1000_narrow_corridor_seed1020660739,1000,narrow_corridor,1020660739,0.4,298c45d405beb64fbae0d945a694c0108a50f717530682075fbd7fa4452e7995,"538,34","617,752",893
size1000_narrow_corridor_seed1020660740,1000,narrow_corridor,1020660740,0.1,e9fe654475ec7505a4213b6de820b42c31b0c7abc0da6d3d4da21fd6b4707ba9,"628,59","653,165",131
size1000_narrow_corridor_seed1020660741,1000,narrow_corridor,1020660741,0.2,724a7efb0d6568d77405a591725c798f6d988a28a3641cbdc94f64ee22581ab3,"55,930","891,933",843
size1000_narrow_corridor_seed1020660742,1000,narrow_corridor,1020660742,0.3,228e9261dd2ce46757ab2a0c76995c6e70af8bc057b3774ec081a4f531ecc458,"321,211","435,144",181
size1000_narrow_corridor_seed1020660743,1000,narrow_corridor,1020660743,0.4,c023bb8ca3d2c1911bc1af54acbceed7f0309d6918b34a11e1510263e8c4a91e,"780,788","621,867",238
size1000_narrow_corridor_seed1020660744,1000,narrow_corridor,1020660744,0.1,a863c4e233819e85476732ca41e99c07a92937765a242cd91defc53b481271c4,"509,728","537,782",82
size1000_narrow_corridor_seed1020660745,1000,narrow_corridor,1020660745,0.2,a74677a9606971b74d81bec1e6b1b2fc0c630d0b9af45e246fe40ab88e885a4d,"206,300","891,959",1344
size1000_narrow_corridor_seed1020660746,1000,narrow_corridor,1020660746,0.3,1ef98b488d54632be21de3d60b45808a32d29740cb33a0de440be69df7336328,"219,287","372,144",296
size1000_narrow_corridor_seed1020660747,1000,narrow_corridor,1020660747,0.4,f0f79a9a35972b77c712dffe0fb4f04d6a312e3ff4d61b1a06b834f09c63fb03,"700,881","192,46",1347
size1000_narrow_corridor_seed1020660748,1000,narrow_corridor,1020660748,0.1,071e4219069ff70d072129b8b96d66d4542eba02aa261204ea35d40274c99fe5,"547,312","28,107",724
size1000_narrow_corridor_seed1020660749,1000,narrow_corridor,1020660749,0.2,9d37a799045e999f3e2c2f0078981fbfe612328b9f71f77e64dfec73514e8af4,"161,246","865,700",1158
size1000_narrow_corridor_seed1020660750,1000,narrow_corridor,1020660750,0.3,6bf53d49875f60c9b6521fb032c44d8d345e6b6ec772154798a6eab5ea539daf,"644,702","71,194",1081
size1000_narrow_corridor_seed1020660751,1000,narrow_corridor,1020660751,0.4,79040ee259d8faac86fac7bd1974a8aec3048c64c197d0c02017603b2c3017cb,"690,83","7,185",785
size1000_narrow_corridor_seed1020660752,1000,narrow_corridor,1020660752,0.1,16381af2cbebd61a89285926bfff65345ddaf36f20015013f727c43e769d9858,"848,142","673,14",303
size1000_narrow_corridor_seed1020660753,1000,narrow_corridor,1020660753,0.2,c794005cbdb972c1a99b62b7a9cf87b77f959d9780797cbf1646288c39fc14a7,"253,888","122,730",289
size1000_narrow_corridor_seed1020660754,1000,narrow_corridor,1020660754,0.3,90983eb050ea9e45d09979f37bad51a60559a0bb117ecbc9571fd69c9569d37f,"819,180","544,927",1234
size1000_narrow_corridor_seed1020660755,1000,narrow_corridor,1020660755,0.4,7234c70d842f50354a5cbe58fa81f892e6a9663e1c84449dd6b3f44fd34157de,"549,780","403,703",223
size1000_narrow_corridor_seed1020660756,1000,narrow_corridor,1020660756,0.1,1a30232b3fc5706f11595e8a0aa0b5eb56693138a31f7d534ef22e0e5fc63248,"951,64","238,847",1496
size1000_narrow_corridor_seed1020660757,1000,narrow_corridor,1020660757,0.2,ad44a983dde20c9686bf89c245a5a1f961e94238f4f19141bbe22ccad0a65d93,"467,120","320,906",1125
size1000_narrow_corridor_seed1020660758,1000,narrow_corridor,1020660758,0.3,48bcece32d66f160674f92afe1a97b1e903bfac7e64b7806c6eb34f48832fbc3,"654,199","587,803",1087
size1000_narrow_corridor_seed1020660759,1000,narrow_corridor,1020660759,0.4,42826231b3a38ff05476b6ad73f7ffba3d2dd5d83bcaf8d91e66ffc0981f8ca4,"721,298","519,903",807
size1000_narrow_corridor_seed1020660760,1000,narrow_corridor,1020660760,0.1,a690d02dd7e754cd15e1ffdee7ca7b90fdd0a125948d7dac2ee5f52896edfdf7,"472,758","387,48",795
size1000_narrow_corridor_seed1020660761,1000,narrow_corridor,1020660761,0.2,6d87fb798fe1c9945cb0d8f602239bec075dc25f9b2915d52b8ca98714bd1ff8,"221,982","883,984",670
size1000_narrow_corridor_seed1020660762,1000,narrow_corridor,1020660762,0.3,6d28b4766e023e9f5f01ae2648908aa20d716d179694a258338af81ae23e0bb2,"939,886","258,993",788
size1000_narrow_corridor_seed1020660763,1000,narrow_corridor,1020660763,0.4,9609303cd786306f1fe999a18785849a62776f356549eb4a1934d47956d6d27a,"483,86","549,671",891
size1000_narrow_corridor_seed1020660764,1000,narrow_corridor,1020660764,0.1,381c1a1a253e88a742ce6071c2b94d262d8f7c35810d4e33ade901a0647978a4,"988,852","415,124",1301
size1000_narrow_corridor_seed1020660765,1000,narrow_corridor,1020660765,0.2,ceb14e2677aea42e3d6789365fb4f9c5e02638d832c042604c372cbeb641dca9,"498,927","107,984",448
size1000_narrow_corridor_seed1020660766,1000,narrow_corridor,1020660766,0.3,b1e8ca2bf17034f535ca590330810b2450db77ec4707da2b7d1c9ee50eb31789,"371,711","413,311",852
size1000_narrow_corridor_seed1020660767,1000,narrow_corridor,1020660767,0.4,66d09d8bfdd6d9ea545e96fcf571f333ac028de46fcc827efdcf696c319446ec,"760,83","470,27",346
size1000_narrow_corridor_seed1020660768,1000,narrow_corridor,1020660768,0.1,5cc8344adddbe3051046900e47718e825e771f3f025079dcf0cde2b98c66a830,"357,881","123,764",351
size1000_narrow_corridor_seed1020660769,1000,narrow_corridor,1020660769,0.2,31c0bb379fffd939689890dc516813e642d8a60ccd0f3ebc3657de71903eb9f9,"407,151","363,799",972
size1000_narrow_corridor_seed1020660770,1000,narrow_corridor,1020660770,0.3,34ce51c7ff4c38a03ded3556c843152997d5a4ab3ede3ac332d3376d283d32ca,"273,961","565,764",489
size1000_narrow_corridor_seed1020660771,1000,narrow_corridor,1020660771,0.4,a55b9e4c7088a2dd22551de46cfcaa1a7e7b22727bf77b5f0587302fe4ad49f0,"441,943","201,815",368
size1000_narrow_corridor_seed1020660772,1000,narrow_corridor,1020660772,0.1,8bee35fc6763a29bd813f8923a3854fe62c61a9b94307f1c803d89c1cf4e4ad1,"518,793","384,176",783
size1000_narrow_corridor_seed1020660773,1000,narrow_corridor,1020660773,0.2,0f0fa8bbf2031030843490cfc8603817f3f4d456d76caabf22aefe492bd0e2ab,"620,7","92,128",649
size1000_narrow_corridor_seed1020660774,1000,narrow_corridor,1020660774,0.3,cd6d1b5aaf6600b2187653ee11f18595919d36243c5f852e774bb894180edbf4,"730,314","637,880",659
size1000_narrow_corridor_seed1020660775,1000,narrow_corridor,1020660775,0.4,bda8795b13516c179a9919d1e0cc4350d83ba92527e716bed996491bdf8cbc4a,"922,825","131,90",1526
size1000_narrow_corridor_seed1020660776,1000,narrow_corridor,1020660776,0.1,27ef5739fc27ca4df298c645ba2f7cd2c1f267ffe7b237313ae6be8e75fdd988,"287,208","348,172",97
size1000_narrow_corridor_seed1020660777,1000,narrow_corridor,1020660777,0.2,d07dfeffacf9ad3d7426ba3360fa117f9add47caf547b4ec5920f6c296ac8102,"784,942","219,235",1272
size1000_narrow_corridor_seed1020660778,1000,narrow_corridor,1020660778,0.3,619a7206d2403c92d2f1fd59e2d86518b9d08518588cdd31fdf693eb11c5dbf6,"481,848","971,891",533
size1000_narrow_corridor_seed1020660779,1000,narrow_corridor,1020660779,0.4,e82b8fd66fbbb644b554899f47dd2b658b63873b8f886fbb707fd869c11c4f35,"231,725","553,95",1042
size1000_narrow_corridor_seed1020660780,1000,narrow_corridor,1020660780,0.1,dbca2c7a97263d03c772c721c109ba5d343974fd3f07a4034076cf75e21f8b4a,"235,263","620,8",640
size1000_narrow_corridor_seed1020660781,1000,narrow_corridor,1020660781,0.2,6716cb83231a3ef69af11c7d31b77b51d4d29b44a36df814dec16bab67feef08,"50,316","101,304",63
size1000_narrow_corridor_seed1020660782,1000,narrow_corridor,1020660782,0.3,c919aeed40afc5d9ff9a6ad200fbde650b02efb06296082e96d2e38b175b674d,"81,974","280,221",1560
size1000_narrow_corridor_seed1020660783,1000,narrow_corridor,1020660783,0.4,468b72b202b43bf78ae6d17bbb129ab1f5f8e3e0b9db80e29568a3081f393662,"550,43","468,323",362
size1000_narrow_corridor_seed1020660784,1000,narrow_corridor,1020660784,0.1,7fbe4b49908adfbbcaeec0ca4feb2e90ba3903b21bd7f647c8b041465778723d,"976,218","205,83",906
size1000_narrow_corridor_seed1020660785,1000,narrow_corridor,1020660785,0.2,b83f9ad708ed346e725d2ca34471ef4d5e72fe454d429a2cd074333590087a74,"517,261","528,693",581
size1000_narrow_corridor_seed1020660786,1000,narrow_corridor,1020660786,0.3,32f5f8fa473414d3de8ebcd4e0e747f0efbc48a8773a634de5fea515b566cbd8,"906,717","40,798",947
size1000_narrow_corridor_seed1020660787,1000,narrow_corridor,1020660787,0.4,695e1248934bf60edc880885b7edd7241db795e3f497fcbebbb0b617a486831b,"994,807","891,106",1672
size1000_narrow_corridor_seed1020660788,1000,narrow_corridor,1020660788,0.1,cfd8c905025fddce8b5a8ceacb0b95be6c41e3c16714826b793dc58f3f8ebdfe,"82,244","979,686",1339
size1000_narrow_corridor_seed1020660789,1000,narrow_corridor,1020660789,0.2,f972ac3718402d8d1529ebfaeeb1e7ad7701452770634504c5097796d3264912,"933,788","418,875",602
size1000_narrow_corridor_seed1020660790,1000,narrow_corridor,1020660790,0.3,f849cf81bf3355d34917bec25689356fd49a8f524a521029deaa80a9b0a1887e,"856,767","568,793",314
size1000_narrow_corridor_seed1020660791,1000,narrow_corridor,1020660791,0.4,98f247df409f59485f9b2992ba26fcc53b4ab02e9a1561f2e9ab0a74dde336c6,"123,766","345,760",228
size1000_narrow_corridor_seed1020660792,1000,narrow_corridor,1020660792,0.1,6c72d47f0e8439e72cf636d4123862afbb40f42c36971310fffcb03651b1dce1,"758,908","578,844",244
size1000_narrow_corridor_seed1020660793,1000,narrow_corridor,1020660793,0.2,c6ca5183046987c9f874445467b26f2cadbd13f86705548ee479183f95a6d113,"445,844","546,823",122
size1000_narrow_corridor_seed1020660794,1000,narrow_corridor,1020660794,0.3,6dc91aa7727731e73b28a39eaaf8f3e734202a456117fe60cd4cde5e01d8e671,"996,3","460,276",809
size1000_narrow_corridor_seed1020660795,1000,narrow_corridor,1020660795,0.4,e162775559f5f9628ff451b74fc61fb44e5247d8e1ad846e3c335a66996a9b77,"330,31","393,277",309
size1000_narrow_corridor_seed1020660796,1000,narrow_corridor,1020660796,0.1,7c3a997799683e8e0de926425c4dfbec6c4bab880a35dfee092b658aed84190e,"316,902","224,196",1620
size1000_narrow_corridor_seed1020660797,1000,narrow_corridor,1020660797,0.2,f39f5d86b2f7798a10d8eef92a5417f9453871197ed9545255866f5f516bdb62,"796,273","552,205",312
size1000_narrow_corridor_seed1020660798,1000,narrow_corridor,1020660798,0.3,a660727527981a9bb6b44ef7f758fd35419829394ae091df3c7cade30f889017,"148,840","96,779",113
size1000_narrow_corridor_seed1020660799,1000,narrow_corridor,1020660799,0.4,4cd4aba9aadc4de3564cd5f2da255801e55dae2d145bb3d1d59c7c9e28d44b3e,"599,870","988,109",1636
size1000_narrow_corridor_seed1020660800,1000,narrow_corridor,1020660800,0.1,56480eb6060631850eeada75fdf233e536923e6cfff085e8a6b84501dcf5093d,"513,752","691,949",375
size1000_narrow_corridor_seed1020660801,1000,narrow_corridor,1020660801,0.2,b65a64693f1945287dd1159435738a3c0890e6bbaba51992312ec5df754bb9db,"523,319","597,940",695
size1000_narrow_corridor_seed1020660802,1000,narrow_corridor,1020660802,0.3,287cef4e86197af536771c358a1661df161874b5ec2163051a1a331a65733161,"436,743","69,121",989
size1000_narrow_corridor_seed1020660803,1000,narrow_corridor,1020660803,0.4,fc13241ab53b61b6c32bbb46cbaeb1cc3dbcadae44906ae3d5f1a8ceb4cb49ad,"623,870","956,986",449
size1000_narrow_corridor_seed1020660804,1000,narrow_corridor,1020660804,0.1,9f90bab5ec72bed6f9a7fbba51c7ee465cce38d985e89c741a9e0a94e5725010,"928,956","735,947",202
size1000_narrow_corridor_seed1020660805,1000,narrow_corridor,1020660805,0.2,daced287e3317e5e76fa73d7e44c8bfcbdc874c7fea1b6857bfe1e554b249112,"177,973","910,684",1022
size1000_narrow_corridor_seed1020660806,1000,narrow_corridor,1020660806,0.3,010acb1a44da0deb67b7b1d75d4e9f8b532e8df356424f0446c956b2f3b43ae3,"338,718","590,859",393
size1000_narrow_corridor_seed1020660807,1000,narrow_corridor,1020660807,0.4,873095b75f7241836a0f36fad37318597cdfead02fee0bb273d95e639f342ec3,"550,273","602,916",695
size1000_narrow_corridor_seed1020660808,1000,narrow_corridor,1020660808,0.1,13d23bd3f0527905fe39e3fb3a7b637d437b76da3398edd9d2545f760dc327ea,"28,681","372,105",942
size1000_narrow_corridor_seed1020660809,1000,narrow_corridor,1020660809,0.2,b4337fbc6c0ac5bbdb2c34e645106b780d23a06d38606121a8e3399482902840,"80,227","316,208",255
size1000_narrow_corridor_seed1020660810,1000,narrow_corridor,1020660810,0.3,0c0ddaf0e009c7358be9a83e375ebb83535551cb8d493121d2d0edf10c787bbb,"10,983","102,237",1512
size1000_narrow_corridor_seed1020660811,1000,narrow_corridor,1020660811,0.4,f1932dd670dcae45220c85bf1d1211a34ed67c16af34144a72629426e1f77745,"335,979","671,208",1107
size1000_narrow_corridor_seed1020660812,1000,narrow_corridor,1020660812,0.1,3efb73b577650d5dc8fbaf5388ad539c4131b07358c3e29643cc9c870bd34b98,"641,302","857,678",870
size1000_narrow_corridor_seed1020660813,1000,narrow_corridor,1020660813,0.2,989713ee37c82835e71d53fd9355764b794cfa1dbc0176563450038c27dbfabd,"338,52","382,914",906
size1000_narrow_corridor_seed1020660814,1000,narrow_corridor,1020660814,0.3,7a4fe75e917c569fc6f3ae660e2187a68bb5e2e1c4fc8037c06771fed0b63955,"451,84","441,118",44
size1000_narrow_corridor_seed1020660815,1000,narrow_corridor,1020660815,0.4,fda988d08b172d08b3bc47a69e06f18531ff76648f3992f2b07f8adbcc2b44bd,"709,118","551,111",167
size1000_narrow_corridor_seed1020660816,1000,narrow_corridor,1020660816,0.1,b1a147156e3a780068a91eb1167084bedc2eea397067a0d0f97f842741f0d99a,"526,734","534,153",689
size1000_narrow_corridor_seed1020660817,1000,narrow_corridor,1020660817,0.2,9af7d86cedbf5db1f86b2d348d610aca48223f4054ebdea35536cc91dfb3a73b,"400,931","544,858",217
size1000_narrow_corridor_seed1020660818,1000,narrow_corridor,1020660818,0.3,06ed74b0fb85127503381d865c7c591889882ed67ca1ed9e9f509f1351d3ed10,"277,323","825,61",810
size1000_narrow_corridor_seed1020660819,1000,narrow_corridor,1020660819,0.4,3db9fbd63080a52ccad62864bd0c274731fd929dcbd26e7ba1325228bc179061,"373,958","524,889",220
size1000_narrow_corridor_seed1020660820,1000,narrow_corridor,1020660820,0.1,593930f4204efa18e04318472cd12cfac3339570c32872e56383253cccad901d,"680,711","177,219",1059
size1000_narrow_corridor_seed1020660821,1000,narrow_corridor,1020660821,0.2,f2c46a85cc57495cb6ebd076b3c86ed5d40788c65abe93d4cb0f9b164eb76fc7,"63,683","775,973",1002
size1000_narrow_corridor_seed1020660822,1000,narrow_corridor,1020660822,0.3,421281304d94f6fc7b2c9d3eca95526c2773da6d6c9df875661a5b30bc1db4f5,"74,933","981,803",1037
size1000_narrow_corridor_seed1020660823,1000,narrow_corridor,1020660823,0.4,3cf83c6b7b8102ec0267855a522e3e11c8e2d2bbd4488d8ae5103e8b70b16918,"388,939","932,314",1397
size1000_narrow_corridor_seed1020660824,1000,narrow_corridor,1020660824,0.1,f7f56e197490346e1589c9d68d319913dd63cdcf7ed998fc41eef1f62bb38820,"376,7","906,892",1415
size1000_narrow_corridor_seed1020660825,1000,narrow_corridor,1020660825,0.2,e9569497a9a44875675f485d39d6635356a051b9154e94487502a5c817913b31,"63,743","527,299",990
size1000_narrow_corridor_seed1020660826,1000,narrow_corridor,1020660826,0.3,753877b6a87243a462b3e55673257a004cb425eace2ecd31d96687266441dd2c,"189,295","566,850",932
size1000_narrow_corridor_seed1020660827,1000,narrow_corridor,1020660827,0.4,78b5199fda56e03818c51c21a85f7ae6cd74854330563e60137777e94cec87f0,"927,314","475,196",570
